resource_id,resource_name,resource_type,capacity,hour,day_of_week,is_weekend,current_occupancy,current_occupancy_percent,entry_rate,exit_rate,timestamp,future_30m_percent,future_1h_percent,future_2h_percent,future_4h_percent
res-lib-01,Central Library,LIBRARY,200,8,0,0,54,27.0,2,4,2026-09-07T08:00:00.088997,35.1,30.6,32.9,55.9
res-lib-02,Digital Reading Hall,LIBRARY,120,8,0,0,28,23.1,1,3,2026-09-07T08:00:00.088997,23.2,25.3,33.2,10.1
res-lab-01,Computer Lab 1,COMPUTER_LAB,80,8,0,0,22,28.1,1,0,2026-09-07T08:00:00.088997,31.4,27.7,23.4,55.7
res-lab-02,Computer Lab 2,COMPUTER_LAB,75,8,0,0,18,24.1,3,0,2026-09-07T08:00:00.088997,23.9,29.8,21.7,38.6
res-lab-03,Computer Lab 3,COMPUTER_LAB,60,8,0,0,8,12.6,0,0,2026-09-07T08:00:00.088997,22.0,17.5,11.1,32.5
res-lab-ai,AI & Data Science Lab,RESEARCH_LAB,50,8,0,0,13,25.1,3,0,2026-09-07T08:00:00.088997,21.8,31.3,39.8,37.2
res-lab-res,Advanced Research Lab,RESEARCH_LAB,40,8,0,0,8,19.5,1,0,2026-09-07T08:00:00.088997,18.7,21.8,37.1,33.7
res-sr-01,Study Room A,STUDY_ROOM,24,8,0,0,3,12.9,2,0,2026-09-07T08:00:00.088997,12.2,21.6,30.2,34.1
res-sr-02,Study Room B,STUDY_ROOM,20,8,0,0,2,11.6,0,2,2026-09-07T08:00:00.088997,17.5,13.8,18.0,8.4
res-sr-03,Study Room C,STUDY_ROOM,20,8,0,0,2,10.2,3,5,2026-09-07T08:00:00.088997,11.9,21.2,21.5,12.5
res-can-01,Main Canteen,CANTEEN,250,8,0,0,29,11.4,5,1,2026-09-07T08:00:00.088997,19.7,0.7,26.8,22.5
res-sem-01,Dr. Kalam Seminar Hall,SEMINAR_HALL,180,8,0,0,9,5.0,0,0,2026-09-07T08:00:00.088997,6.1,12.1,26.3,8.8
res-cls-01,Block A Classrooms (301-305),CLASSROOM,150,8,0,0,44,29.5,2,5,2026-09-07T08:00:00.088997,32.9,31.4,42.2,40.7
res-cls-02,Block B Classrooms (201-204),CLASSROOM,120,8,0,0,17,13.9,0,0,2026-09-07T08:00:00.088997,14.3,10.1,24.5,27.0
res-sac-01,Student Activity Center,ACTIVITY_CENTER,160,8,0,0,24,15.0,1,0,2026-09-07T08:00:00.088997,15.3,18.0,15.8,23.1
res-lib-01,Central Library,LIBRARY,200,9,0,0,53,26.6,8,3,2026-09-07T09:00:00.088997,29.6,31.2,17.3,36.3
res-lib-02,Digital Reading Hall,LIBRARY,120,9,0,0,24,20.2,9,1,2026-09-07T09:00:00.088997,23.4,25.0,17.7,44.0
res-lab-01,Computer Lab 1,COMPUTER_LAB,80,9,0,0,30,38.0,6,1,2026-09-07T09:00:00.088997,45.6,34.6,51.3,74.3
res-lab-02,Computer Lab 2,COMPUTER_LAB,75,9,0,0,16,21.0,0,2,2026-09-07T09:00:00.088997,21.0,16.7,29.7,18.3
res-lab-03,Computer Lab 3,COMPUTER_LAB,60,9,0,0,10,16.9,0,6,2026-09-07T09:00:00.088997,15.8,20.0,32.2,12.1
res-lab-ai,AI & Data Science Lab,RESEARCH_LAB,50,9,0,0,15,30.9,7,0,2026-09-07T09:00:00.088997,33.6,37.5,45.9,26.1
res-lab-res,Advanced Research Lab,RESEARCH_LAB,40,9,0,0,6,14.7,3,2,2026-09-07T09:00:00.088997,17.7,21.8,16.6,27.5
res-sr-01,Study Room A,STUDY_ROOM,24,9,0,0,5,21.2,0,7,2026-09-07T09:00:00.088997,25.1,19.0,35.1,19.5
res-sr-02,Study Room B,STUDY_ROOM,20,9,0,0,4,18.1,5,0,2026-09-07T09:00:00.088997,24.0,25.6,33.5,50.9
res-sr-03,Study Room C,STUDY_ROOM,20,9,0,0,3,14.0,0,0,2026-09-07T09:00:00.088997,12.8,18.6,25.1,27.3
res-can-01,Main Canteen,CANTEEN,250,9,0,0,33,13.3,1,5,2026-09-07T09:00:00.088997,14.3,34.6,26.9,13.0
res-sem-01,Dr. Kalam Seminar Hall,SEMINAR_HALL,180,9,0,0,9,5.0,2,0,2026-09-07T09:00:00.088997,9.9,12.8,12.3,4.8
res-cls-01,Block A Classrooms (301-305),CLASSROOM,150,9,0,0,69,46.0,4,7,2026-09-07T09:00:00.088997,48.8,43.5,55.5,60.6
res-cls-02,Block B Classrooms (201-204),CLASSROOM,120,9,0,0,22,18.3,2,2,2026-09-07T09:00:00.088997,15.7,25.4,31.3,41.3
res-sac-01,Student Activity Center,ACTIVITY_CENTER,160,9,0,0,31,19.2,0,0,2026-09-07T09:00:00.088997,23.3,27.3,31.9,75.4
res-lib-01,Central Library,LIBRARY,200,10,0,0,55,27.3,6,5,2026-09-07T10:00:00.088997,31.9,30.4,42.1,28.0
res-lib-02,Digital Reading Hall,LIBRARY,120,10,0,0,37,30.9,2,3,2026-09-07T10:00:00.088997,42.1,24.6,45.0,21.5
res-lab-01,Computer Lab 1,COMPUTER_LAB,80,10,0,0,36,44.9,8,4,2026-09-07T10:00:00.088997,42.6,45.6,59.0,46.1
res-lab-02,Computer Lab 2,COMPUTER_LAB,75,10,0,0,28,37.7,4,1,2026-09-07T10:00:00.088997,48.2,46.5,27.4,49.9
res-lab-03,Computer Lab 3,COMPUTER_LAB,60,10,0,0,7,12.4,4,0,2026-09-07T10:00:00.088997,13.9,20.4,28.1,7.9
res-lab-ai,AI & Data Science Lab,RESEARCH_LAB,50,10,0,0,14,28.7,2,0,2026-09-07T10:00:00.088997,37.7,36.1,25.3,49.7
res-lab-res,Advanced Research Lab,RESEARCH_LAB,40,10,0,0,11,28.5,6,0,2026-09-07T10:00:00.088997,28.6,41.1,30.1,43.8
res-sr-01,Study Room A,STUDY_ROOM,24,10,0,0,6,23.1,0,2,2026-09-07T10:00:00.088997,12.1,22.0,28.8,18.1
res-sr-02,Study Room B,STUDY_ROOM,20,10,0,0,4,21.5,0,0,2026-09-07T10:00:00.088997,24.1,35.2,16.6,45.5
res-sr-03,Study Room C,STUDY_ROOM,20,10,0,0,3,15.0,0,2,2026-09-07T10:00:00.088997,17.8,16.4,23.7,20.4
res-can-01,Main Canteen,CANTEEN,250,10,0,0,83,33.2,5,8,2026-09-07T10:00:00.088997,30.3,51.0,23.7,41.4
res-sem-01,Dr. Kalam Seminar Hall,SEMINAR_HALL,180,10,0,0,54,30.1,4,1,2026-09-07T10:00:00.088997,31.3,32.2,32.8,50.3
res-cls-01,Block A Classrooms (301-305),CLASSROOM,150,10,0,0,102,68.3,6,9,2026-09-07T10:00:00.088997,71.5,78.2,82.0,68.4
res-cls-02,Block B Classrooms (201-204),CLASSROOM,120,10,0,0,49,40.6,7,5,2026-09-07T10:00:00.088997,42.6,46.3,60.1,43.5
res-sac-01,Student Activity Center,ACTIVITY_CENTER,160,10,0,0,28,17.2,1,1,2026-09-07T10:00:00.088997,23.6,27.1,32.5,42.9
res-lib-01,Central Library,LIBRARY,200,11,0,0,50,25.1,5,1,2026-09-07T11:00:00.088997,28.4,29.3,34.0,42.2
res-lib-02,Digital Reading Hall,LIBRARY,120,11,0,0,60,49.6,12,1,2026-09-07T11:00:00.088997,46.8,61.6,64.7,67.1
res-lab-01,Computer Lab 1,COMPUTER_LAB,80,11,0,0,56,70.4,8,4,2026-09-07T11:00:00.088997,72.7,71.3,87.2,78.6
res-lab-02,Computer Lab 2,COMPUTER_LAB,75,11,0,0,41,54.6,5,6,2026-09-07T11:00:00.088997,54.3,54.6,64.8,67.5
res-lab-03,Computer Lab 3,COMPUTER_LAB,60,11,0,0,8,13.0,0,1,2026-09-07T11:00:00.088997,9.2,9.5,14.5,20.4
res-lab-ai,AI & Data Science Lab,RESEARCH_LAB,50,11,0,0,16,31.2,8,5,2026-09-07T11:00:00.088997,32.6,36.1,30.2,41.0
res-lab-res,Advanced Research Lab,RESEARCH_LAB,40,11,0,0,8,18.8,3,0,2026-09-07T11:00:00.088997,22.9,33.0,25.9,33.7
res-sr-01,Study Room A,STUDY_ROOM,24,11,0,0,5,22.8,1,2,2026-09-07T11:00:00.088997,24.8,28.3,23.8,33.1
res-sr-02,Study Room B,STUDY_ROOM,20,11,0,0,3,17.0,6,4,2026-09-07T11:00:00.088997,27.6,17.4,32.8,29.2
res-sr-03,Study Room C,STUDY_ROOM,20,11,0,0,5,23.8,0,0,2026-09-07T11:00:00.088997,23.4,16.0,27.0,24.6
res-can-01,Main Canteen,CANTEEN,250,11,0,0,132,52.6,7,10,2026-09-07T11:00:00.088997,58.4,54.2,52.5,68.5
res-sem-01,Dr. Kalam Seminar Hall,SEMINAR_HALL,180,11,0,0,75,41.7,10,7,2026-09-07T11:00:00.088997,41.9,36.5,61.9,50.4
res-cls-01,Block A Classrooms (301-305),CLASSROOM,150,11,0,0,120,80.0,4,6,2026-09-07T11:00:00.088997,82.0,85.2,83.9,97.4
res-cls-02,Block B Classrooms (201-204),CLASSROOM,120,11,0,0,67,55.8,6,5,2026-09-07T11:00:00.088997,59.9,65.1,53.7,47.4
res-sac-01,Student Activity Center,ACTIVITY_CENTER,160,11,0,0,32,20.1,3,0,2026-09-07T11:00:00.088997,28.3,25.8,38.7,30.9
res-lib-01,Central Library,LIBRARY,200,12,0,0,66,33.2,9,2,2026-09-07T12:00:00.088997,39.1,42.1,53.6,9.7
res-lib-02,Digital Reading Hall,LIBRARY,120,12,0,0,87,72.8,11,2,2026-09-07T12:00:00.088997,70.1,65.6,78.4,69.4
res-lab-01,Computer Lab 1,COMPUTER_LAB,80,12,0,0,73,91.1,11,13,2026-09-07T12:00:00.088997,87.6,85.9,98.6,83.7
res-lab-02,Computer Lab 2,COMPUTER_LAB,75,12,0,0,56,74.9,2,7,2026-09-07T12:00:00.088997,71.7,84.0,86.2,51.7
res-lab-03,Computer Lab 3,COMPUTER_LAB,60,12,0,0,21,35.7,1,3,2026-09-07T12:00:00.088997,41.5,34.8,48.3,17.4
res-lab-ai,AI & Data Science Lab,RESEARCH_LAB,50,12,0,0,25,49.6,5,1,2026-09-07T12:00:00.088997,49.4,47.4,75.3,38.0
res-lab-res,Advanced Research Lab,RESEARCH_LAB,40,12,0,0,7,17.2,2,1,2026-09-07T12:00:00.088997,18.3,25.9,32.0,0.0
res-sr-01,Study Room A,STUDY_ROOM,24,12,0,0,4,17.7,1,0,2026-09-07T12:00:00.088997,13.6,30.9,40.5,2.7
res-sr-02,Study Room B,STUDY_ROOM,20,12,0,0,3,17.3,3,10,2026-09-07T12:00:00.088997,23.8,21.5,16.7,0.0
res-sr-03,Study Room C,STUDY_ROOM,20,12,0,0,6,27.6,1,0,2026-09-07T12:00:00.088997,27.0,26.1,50.8,26.2
res-can-01,Main Canteen,CANTEEN,250,12,0,0,167,66.8,12,6,2026-09-07T12:00:00.088997,65.4,81.0,79.7,42.4
res-sem-01,Dr. Kalam Seminar Hall,SEMINAR_HALL,180,12,0,0,110,61.1,4,1,2026-09-07T12:00:00.088997,66.8,77.6,56.5,55.9
res-cls-01,Block A Classrooms (301-305),CLASSROOM,150,12,0,0,96,64.3,6,4,2026-09-07T12:00:00.088997,62.8,69.6,64.8,55.5
res-cls-02,Block B Classrooms (201-204),CLASSROOM,120,12,0,0,86,71.9,7,4,2026-09-07T12:00:00.088997,71.6,81.5,84.4,48.2
res-sac-01,Student Activity Center,ACTIVITY_CENTER,160,12,0,0,25,15.4,4,0,2026-09-07T12:00:00.088997,19.6,16.4,28.5,0.0
res-lib-01,Central Library,LIBRARY,200,13,0,0,81,40.6,0,4,2026-09-07T13:00:00.088997,43.6,40.1,38.3,8.6
res-lib-02,Digital Reading Hall,LIBRARY,120,13,0,0,98,81.9,6,6,2026-09-07T13:00:00.088997,84.1,81.7,70.4,81.9
res-lab-01,Computer Lab 1,COMPUTER_LAB,80,13,0,0,76,94.8,13,6,2026-09-07T13:00:00.088997,98.9,100.0,64.6,73.3
res-lab-02,Computer Lab 2,COMPUTER_LAB,75,13,0,0,67,89.4,10,10,2026-09-07T13:00:00.088997,89.0,95.0,80.0,91.4
res-lab-03,Computer Lab 3,COMPUTER_LAB,60,13,0,0,35,58.0,7,4,2026-09-07T13:00:00.088997,58.1,60.4,53.6,41.0
res-lab-ai,AI & Data Science Lab,RESEARCH_LAB,50,13,0,0,37,73.2,15,9,2026-09-07T13:00:00.088997,73.9,85.4,61.5,36.7
res-lab-res,Advanced Research Lab,RESEARCH_LAB,40,13,0,0,6,16.0,0,0,2026-09-07T13:00:00.088997,18.0,31.0,10.9,1.3
res-sr-01,Study Room A,STUDY_ROOM,24,13,0,0,8,35.1,0,4,2026-09-07T13:00:00.088997,40.2,31.2,37.4,27.2
res-sr-02,Study Room B,STUDY_ROOM,20,13,0,0,3,13.3,3,8,2026-09-07T13:00:00.088997,16.1,19.8,1.2,0.0
res-sr-03,Study Room C,STUDY_ROOM,20,13,0,0,10,51.2,3,5,2026-09-07T13:00:00.088997,51.3,59.1,46.2,51.7
res-can-01,Main Canteen,CANTEEN,250,13,0,0,182,73.0,7,4,2026-09-07T13:00:00.088997,73.2,80.2,71.8,49.9
res-sem-01,Dr. Kalam Seminar Hall,SEMINAR_HALL,180,13,0,0,132,73.5,12,8,2026-09-07T13:00:00.088997,83.0,73.8,54.3,40.1
res-cls-01,Block A Classrooms (301-305),CLASSROOM,150,13,0,0,87,58.0,8,5,2026-09-07T13:00:00.088997,61.1,56.3,72.0,47.6
res-cls-02,Block B Classrooms (201-204),CLASSROOM,120,13,0,0,87,72.6,10,8,2026-09-07T13:00:00.088997,75.5,72.8,68.8,83.1
res-sac-01,Student Activity Center,ACTIVITY_CENTER,160,13,0,0,33,20.4,7,0,2026-09-07T13:00:00.088997,18.4,24.6,12.9,21.5
res-lib-01,Central Library,LIBRARY,200,14,0,0,120,60.2,11,5,2026-09-07T14:00:00.088997,56.5,49.2,37.4,58.1
res-lib-02,Digital Reading Hall,LIBRARY,120,14,0,0,99,82.4,6,4,2026-09-07T14:00:00.088997,79.1,87.4,72.1,52.4
res-lab-01,Computer Lab 1,COMPUTER_LAB,80,14,0,0,76,95.0,10,1,2026-09-07T14:00:00.088997,92.8,88.6,93.3,100.0
res-lab-02,Computer Lab 2,COMPUTER_LAB,75,14,0,0,69,91.6,10,5,2026-09-07T14:00:00.088997,99.9,87.0,83.8,79.3
res-lab-03,Computer Lab 3,COMPUTER_LAB,60,14,0,0,44,72.7,8,5,2026-09-07T14:00:00.088997,68.5,67.5,59.8,52.1
res-lab-ai,AI & Data Science Lab,RESEARCH_LAB,50,14,0,0,44,87.3,9,13,2026-09-07T14:00:00.088997,74.7,88.8,90.5,50.4
res-lab-res,Advanced Research Lab,RESEARCH_LAB,40,14,0,0,17,41.4,3,0,2026-09-07T14:00:00.088997,36.3,29.7,49.2,40.6
res-sr-01,Study Room A,STUDY_ROOM,24,14,0,0,14,58.0,9,2,2026-09-07T14:00:00.088997,53.9,55.9,39.0,54.5
res-sr-02,Study Room B,STUDY_ROOM,20,14,0,0,5,25.8,1,4,2026-09-07T14:00:00.088997,25.6,18.7,28.3,0.9
res-sr-03,Study Room C,STUDY_ROOM,20,14,0,0,14,67.5,9,5,2026-09-07T14:00:00.088997,66.8,55.0,67.9,53.3
res-can-01,Main Canteen,CANTEEN,250,14,0,0,162,64.8,10,4,2026-09-07T14:00:00.088997,57.2,50.4,62.2,37.4
res-sem-01,Dr. Kalam Seminar Hall,SEMINAR_HALL,180,14,0,0,124,68.9,2,11,2026-09-07T14:00:00.088997,67.7,63.3,56.0,61.7
res-cls-01,Block A Classrooms (301-305),CLASSROOM,150,14,0,0,49,32.6,7,3,2026-09-07T14:00:00.088997,31.2,25.4,24.1,24.3
res-cls-02,Block B Classrooms (201-204),CLASSROOM,120,14,0,0,64,53.2,2,7,2026-09-07T14:00:00.088997,51.9,47.1,45.4,45.4
res-sac-01,Student Activity Center,ACTIVITY_CENTER,160,14,0,0,21,12.8,0,1,2026-09-07T14:00:00.088997,6.9,10.3,0.0,13.2
res-lib-01,Central Library,LIBRARY,200,15,0,0,168,83.8,10,11,2026-09-07T15:00:00.088997,88.4,84.9,59.2,56.4
res-lib-02,Digital Reading Hall,LIBRARY,120,15,0,0,81,67.6,8,8,2026-09-07T15:00:00.088997,62.7,63.7,52.8,48.2
res-lab-01,Computer Lab 1,COMPUTER_LAB,80,15,0,0,64,79.4,6,3,2026-09-07T15:00:00.088997,73.5,80.8,62.9,99.0
res-lab-02,Computer Lab 2,COMPUTER_LAB,75,15,0,0,58,77.0,9,5,2026-09-07T15:00:00.088997,77.8,68.6,70.1,95.8
res-lab-03,Computer Lab 3,COMPUTER_LAB,60,15,0,0,48,79.6,13,5,2026-09-07T15:00:00.088997,77.5,85.2,66.0,89.4
res-lab-ai,AI & Data Science Lab,RESEARCH_LAB,50,15,0,0,48,95.0,9,11,2026-09-07T15:00:00.088997,96.9,93.7,72.9,74.3
res-lab-res,Advanced Research Lab,RESEARCH_LAB,40,15,0,0,24,61.0,7,7,2026-09-07T15:00:00.088997,59.7,48.0,56.5,56.4
res-sr-01,Study Room A,STUDY_ROOM,24,15,0,0,17,72.3,11,9,2026-09-07T15:00:00.088997,72.1,66.9,49.4,65.5
res-sr-02,Study Room B,STUDY_ROOM,20,15,0,0,10,48.7,6,1,2026-09-07T15:00:00.088997,42.4,50.0,40.4,44.9
res-sr-03,Study Room C,STUDY_ROOM,20,15,0,0,15,77.2,9,10,2026-09-07T15:00:00.088997,73.2,72.8,65.1,60.0
res-can-01,Main Canteen,CANTEEN,250,15,0,0,127,50.8,6,3,2026-09-07T15:00:00.088997,53.8,40.4,41.1,33.5
res-sem-01,Dr. Kalam Seminar Hall,SEMINAR_HALL,180,15,0,0,95,52.8,6,8,2026-09-07T15:00:00.088997,44.9,49.4,52.8,41.8
res-cls-01,Block A Classrooms (301-305),CLASSROOM,150,15,0,0,21,14.3,0,5,2026-09-07T15:00:00.088997,21.5,7.1,2.3,19.7
res-cls-02,Block B Classrooms (201-204),CLASSROOM,120,15,0,0,59,49.2,4,3,2026-09-07T15:00:00.088997,46.1,36.1,32.9,25.2
res-sac-01,Student Activity Center,ACTIVITY_CENTER,160,15,0,0,56,34.7,4,4,2026-09-07T15:00:00.088997,38.9,23.7,35.6,20.1
res-lib-01,Central Library,LIBRARY,200,16,0,0,180,89.8,12,5,2026-09-07T16:00:00.088997,89.3,85.8,86.2,81.3
res-lib-02,Digital Reading Hall,LIBRARY,120,16,0,0,75,62.7,5,4,2026-09-07T16:00:00.088997,58.2,54.4,49.0,65.0
res-lab-01,Computer Lab 1,COMPUTER_LAB,80,16,0,0,59,73.6,7,4,2026-09-07T16:00:00.088997,73.5,65.3,71.3,64.0
res-lab-02,Computer Lab 2,COMPUTER_LAB,75,16,0,0,39,51.8,10,10,2026-09-07T16:00:00.088997,47.4,44.5,46.4,43.8
res-lab-03,Computer Lab 3,COMPUTER_LAB,60,16,0,0,45,74.5,14,6,2026-09-07T16:00:00.088997,69.3,61.2,59.9,62.1
res-lab-ai,AI & Data Science Lab,RESEARCH_LAB,50,16,0,0,47,94.1,9,10,2026-09-07T16:00:00.088997,92.0,96.2,100.0,75.7
res-lab-res,Advanced Research Lab,RESEARCH_LAB,40,16,0,0,30,74.9,12,9,2026-09-07T16:00:00.088997,80.3,73.4,63.7,70.0
res-sr-01,Study Room A,STUDY_ROOM,24,16,0,0,21,86.6,12,10,2026-09-07T16:00:00.088997,88.8,88.6,91.0,82.3
res-sr-02,Study Room B,STUDY_ROOM,20,16,0,0,13,64.4,8,10,2026-09-07T16:00:00.088997,59.1,61.6,52.9,52.7
res-sr-03,Study Room C,STUDY_ROOM,20,16,0,0,16,82.2,10,8,2026-09-07T16:00:00.088997,74.8,81.7,80.1,96.2
res-can-01,Main Canteen,CANTEEN,250,16,0,0,79,31.6,4,3,2026-09-07T16:00:00.088997,35.9,26.0,26.1,26.8
res-sem-01,Dr. Kalam Seminar Hall,SEMINAR_HALL,180,16,0,0,51,28.5,2,3,2026-09-07T16:00:00.088997,30.8,17.4,21.7,8.1
res-cls-01,Block A Classrooms (301-305),CLASSROOM,150,16,0,0,22,14.8,0,0,2026-09-07T16:00:00.088997,14.3,19.2,6.2,0.0
res-cls-02,Block B Classrooms (201-204),CLASSROOM,120,16,0,0,35,29.3,0,0,2026-09-07T16:00:00.088997,29.1,21.3,12.1,25.8
res-sac-01,Student Activity Center,ACTIVITY_CENTER,160,16,0,0,93,58.0,5,1,2026-09-07T16:00:00.088997,59.5,56.9,49.1,68.2
res-lib-01,Central Library,LIBRARY,200,17,0,0,155,77.6,4,5,2026-09-07T17:00:00.088997,75.4,74.1,67.4,69.8
res-lib-02,Digital Reading Hall,LIBRARY,120,17,0,0,32,26.8,7,2,2026-09-07T17:00:00.088997,29.3,23.8,22.9,21.6
res-lab-01,Computer Lab 1,COMPUTER_LAB,80,17,0,0,39,48.6,7,8,2026-09-07T17:00:00.088997,47.4,47.8,39.8,53.9
res-lab-02,Computer Lab 2,COMPUTER_LAB,75,17,0,0,26,34.1,9,3,2026-09-07T17:00:00.088997,26.4,29.9,20.0,32.2
res-lab-03,Computer Lab 3,COMPUTER_LAB,60,17,0,0,33,54.4,5,0,2026-09-07T17:00:00.088997,50.6,34.9,32.2,51.5
res-lab-ai,AI & Data Science Lab,RESEARCH_LAB,50,17,0,0,38,75.2,10,4,2026-09-07T17:00:00.088997,73.0,70.1,56.7,81.2
res-lab-res,Advanced Research Lab,RESEARCH_LAB,40,17,0,0,35,88.5,9,8,2026-09-07T17:00:00.088997,87.3,71.3,78.3,68.3
res-sr-01,Study Room A,STUDY_ROOM,24,17,0,0,19,78.1,8,13,2026-09-07T17:00:00.088997,78.7,69.7,75.3,82.9
res-sr-02,Study Room B,STUDY_ROOM,20,17,0,0,16,80.8,9,6,2026-09-07T17:00:00.088997,81.6,78.2,80.9,76.4
res-sr-03,Study Room C,STUDY_ROOM,20,17,0,0,14,69.3,6,10,2026-09-07T17:00:00.088997,68.1,76.7,55.1,78.1
res-can-01,Main Canteen,CANTEEN,250,17,0,0,27,10.8,0,0,2026-09-07T17:00:00.088997,7.5,8.3,7.5,0.0
res-sem-01,Dr. Kalam Seminar Hall,SEMINAR_HALL,180,17,0,0,9,5.0,7,5,2026-09-07T17:00:00.088997,4.7,0.2,0.0,0.4
res-cls-01,Block A Classrooms (301-305),CLASSROOM,150,17,0,0,9,5.9,0,0,2026-09-07T17:00:00.088997,5.5,4.8,0.0,12.8
res-cls-02,Block B Classrooms (201-204),CLASSROOM,120,17,0,0,6,5.1,0,1,2026-09-07T17:00:00.088997,7.3,10.2,0.0,6.0
res-sac-01,Student Activity Center,ACTIVITY_CENTER,160,17,0,0,115,71.7,8,9,2026-09-07T17:00:00.088997,72.3,57.3,77.0,76.3
res-lib-01,Central Library,LIBRARY,200,18,0,0,129,64.5,8,7,2026-09-07T18:00:00.088997,63.6,56.2,50.5,52.2
res-lib-02,Digital Reading Hall,LIBRARY,120,18,0,0,30,24.7,4,1,2026-09-07T18:00:00.088997,25.8,2.6,27.0,0.0
res-lab-01,Computer Lab 1,COMPUTER_LAB,80,18,0,0,27,33.6,0,0,2026-09-07T18:00:00.088997,36.2,25.7,28.7,21.0
res-lab-02,Computer Lab 2,COMPUTER_LAB,75,18,0,0,20,26.9,3,0,2026-09-07T18:00:00.088997,28.9,18.9,4.9,9.8
res-lab-03,Computer Lab 3,COMPUTER_LAB,60,18,0,0,26,43.8,7,3,2026-09-07T18:00:00.088997,40.4,36.9,54.5,36.4
res-lab-ai,AI & Data Science Lab,RESEARCH_LAB,50,18,0,0,27,54.5,9,6,2026-09-07T18:00:00.088997,51.5,48.3,45.9,42.1
res-lab-res,Advanced Research Lab,RESEARCH_LAB,40,18,0,0,32,79.8,9,10,2026-09-07T18:00:00.088997,77.5,75.3,53.8,78.8
res-sr-01,Study Room A,STUDY_ROOM,24,18,0,0,17,71.5,11,0,2026-09-07T18:00:00.088997,77.8,65.6,73.4,47.0
res-sr-02,Study Room B,STUDY_ROOM,20,18,0,0,16,79.6,6,6,2026-09-07T18:00:00.088997,85.2,73.4,73.5,78.0
res-sr-03,Study Room C,STUDY_ROOM,20,18,0,0,10,49.9,6,6,2026-09-07T18:00:00.088997,57.5,44.5,43.7,50.5
res-can-01,Main Canteen,CANTEEN,250,18,0,0,36,14.4,5,3,2026-09-07T18:00:00.088997,7.9,19.2,0.0,6.1
res-sem-01,Dr. Kalam Seminar Hall,SEMINAR_HALL,180,18,0,0,9,5.0,0,1,2026-09-07T18:00:00.088997,4.3,2.5,11.5,0.0
res-cls-01,Block A Classrooms (301-305),CLASSROOM,150,18,0,0,14,9.0,3,4,2026-09-07T18:00:00.088997,2.1,7.6,7.3,0.0
res-cls-02,Block B Classrooms (201-204),CLASSROOM,120,18,0,0,19,15.5,1,1,2026-09-07T18:00:00.088997,12.8,10.6,0.0,0.0
res-sac-01,Student Activity Center,ACTIVITY_CENTER,160,18,0,0,138,86.4,7,5,2026-09-07T18:00:00.088997,75.8,77.5,66.5,94.1
res-lib-01,Central Library,LIBRARY,200,19,0,0,104,51.8,4,11,2026-09-07T19:00:00.088997,53.7,44.9,21.3,67.3
res-lib-02,Digital Reading Hall,LIBRARY,120,19,0,0,17,14.4,0,4,2026-09-07T19:00:00.088997,22.2,17.7,11.5,9.6
res-lab-01,Computer Lab 1,COMPUTER_LAB,80,19,0,0,31,38.4,6,4,2026-09-07T19:00:00.088997,36.8,33.0,23.6,23.0
res-lab-02,Computer Lab 2,COMPUTER_LAB,75,19,0,0,14,18.2,1,0,2026-09-07T19:00:00.088997,11.8,14.3,22.8,17.2
res-lab-03,Computer Lab 3,COMPUTER_LAB,60,19,0,0,5,8.7,0,3,2026-09-07T19:00:00.088997,2.8,2.4,5.7,0.0
res-lab-ai,AI & Data Science Lab,RESEARCH_LAB,50,19,0,0,15,30.4,0,1,2026-09-07T19:00:00.088997,29.7,15.9,26.4,18.2
res-lab-res,Advanced Research Lab,RESEARCH_LAB,40,19,0,0,26,64.2,8,10,2026-09-07T19:00:00.088997,62.7,56.7,57.3,58.7
res-sr-01,Study Room A,STUDY_ROOM,24,19,0,0,13,53.1,6,3,2026-09-07T19:00:00.088997,48.4,39.7,60.8,26.2
res-sr-02,Study Room B,STUDY_ROOM,20,19,0,0,12,62.3,5,8,2026-09-07T19:00:00.088997,59.1,64.8,48.2,53.6
res-sr-03,Study Room C,STUDY_ROOM,20,19,0,0,5,23.5,9,0,2026-09-07T19:00:00.088997,22.7,22.3,19.2,9.2
res-can-01,Main Canteen,CANTEEN,250,19,0,0,24,9.5,1,0,2026-09-07T19:00:00.088997,11.3,17.7,0.0,0.0
res-sem-01,Dr. Kalam Seminar Hall,SEMINAR_HALL,180,19,0,0,9,5.0,8,0,2026-09-07T19:00:00.088997,9.6,10.1,0.0,0.0
res-cls-01,Block A Classrooms (301-305),CLASSROOM,150,19,0,0,25,16.5,0,1,2026-09-07T19:00:00.088997,12.2,5.4,2.7,0.0
res-cls-02,Block B Classrooms (201-204),CLASSROOM,120,19,0,0,12,10.1,0,1,2026-09-07T19:00:00.088997,1.9,7.1,9.6,0.0
res-sac-01,Student Activity Center,ACTIVITY_CENTER,160,19,0,0,117,73.4,12,3,2026-09-07T19:00:00.088997,78.1,70.9,59.0,60.7
res-lib-01,Central Library,LIBRARY,200,20,0,0,54,27.2,3,4,2026-09-07T20:00:00.088997,21.6,23.2,6.5,13.9
res-lib-02,Digital Reading Hall,LIBRARY,120,20,0,0,20,16.4,0,5,2026-09-07T20:00:00.088997,18.7,15.0,0.0,0.6
res-lab-01,Computer Lab 1,COMPUTER_LAB,80,20,0,0,32,39.9,5,10,2026-09-07T20:00:00.088997,39.4,36.0,29.1,29.5
res-lab-02,Computer Lab 2,COMPUTER_LAB,75,20,0,0,18,24.4,5,5,2026-09-07T20:00:00.088997,19.2,11.4,0.0,18.5
res-lab-03,Computer Lab 3,COMPUTER_LAB,60,20,0,0,6,10.6,0,2,2026-09-07T20:00:00.088997,18.6,5.6,10.1,0.0
res-lab-ai,AI & Data Science Lab,RESEARCH_LAB,50,20,0,0,15,29.6,6,2,2026-09-07T20:00:00.088997,28.7,26.5,15.6,29.5
res-lab-res,Advanced Research Lab,RESEARCH_LAB,40,20,0,0,17,42.1,2,5,2026-09-07T20:00:00.088997,36.5,37.3,34.0,43.1
res-sr-01,Study Room A,STUDY_ROOM,24,20,0,0,8,33.7,3,5,2026-09-07T20:00:00.088997,37.3,32.0,25.8,6.0
res-sr-02,Study Room B,STUDY_ROOM,20,20,0,0,9,43.6,4,2,2026-09-07T20:00:00.088997,40.9,39.0,40.4,30.8
res-sr-03,Study Room C,STUDY_ROOM,20,20,0,0,3,16.9,2,0,2026-09-07T20:00:00.088997,11.2,11.1,0.0,12.1
res-can-01,Main Canteen,CANTEEN,250,20,0,0,40,16.1,5,0,2026-09-07T20:00:00.088997,20.1,12.0,5.1,0.0
res-sem-01,Dr. Kalam Seminar Hall,SEMINAR_HALL,180,20,0,0,9,5.0,0,1,2026-09-07T20:00:00.088997,3.6,0.0,0.9,7.3
res-cls-01,Block A Classrooms (301-305),CLASSROOM,150,20,0,0,21,13.8,0,0,2026-09-07T20:00:00.088997,15.5,0.6,3.8,0.0
res-cls-02,Block B Classrooms (201-204),CLASSROOM,120,20,0,0,6,5.0,2,2,2026-09-07T20:00:00.088997,0.7,0.0,0.0,0.0
res-sac-01,Student Activity Center,ACTIVITY_CENTER,160,20,0,0,82,51.1,6,5,2026-09-07T20:00:00.088997,51.4,46.8,34.3,53.5
res-lib-01,Central Library,LIBRARY,200,21,0,0,49,24.4,2,0,2026-09-07T21:00:00.088997,20.6,14.1,14.8,32.9
res-lib-02,Digital Reading Hall,LIBRARY,120,21,0,0,17,14.5,0,5,2026-09-07T21:00:00.088997,11.7,5.5,15.9,0.0
res-lab-01,Computer Lab 1,COMPUTER_LAB,80,21,0,0,34,42.3,7,2,2026-09-07T21:00:00.088997,48.9,33.7,41.0,33.9
res-lab-02,Computer Lab 2,COMPUTER_LAB,75,21,0,0,23,30.2,8,3,2026-09-07T21:00:00.088997,25.2,28.0,16.1,42.4
res-lab-03,Computer Lab 3,COMPUTER_LAB,60,21,0,0,9,15.5,0,2,2026-09-07T21:00:00.088997,8.2,4.7,18.3,0.0
res-lab-ai,AI & Data Science Lab,RESEARCH_LAB,50,21,0,0,13,25.8,4,6,2026-09-07T21:00:00.088997,26.7,26.8,11.0,0.0
res-lab-res,Advanced Research Lab,RESEARCH_LAB,40,21,0,0,10,26.0,2,1,2026-09-07T21:00:00.088997,29.3,24.3,22.1,40.0
res-sr-01,Study Room A,STUDY_ROOM,24,21,0,0,4,17.4,4,1,2026-09-07T21:00:00.088997,16.5,21.6,14.0,11.9
res-sr-02,Study Room B,STUDY_ROOM,20,21,0,0,6,31.1,2,0,2026-09-07T21:00:00.088997,24.9,14.3,41.6,5.8
res-sr-03,Study Room C,STUDY_ROOM,20,21,0,0,3,14.1,0,2,2026-09-07T21:00:00.088997,15.4,14.3,0.9,0.1
res-can-01,Main Canteen,CANTEEN,250,21,0,0,28,11.1,0,5,2026-09-07T21:00:00.088997,11.1,10.5,9.1,13.2
res-sem-01,Dr. Kalam Seminar Hall,SEMINAR_HALL,180,21,0,0,10,5.7,0,1,2026-09-07T21:00:00.088997,1.1,0.0,3.0,8.6
res-cls-01,Block A Classrooms (301-305),CLASSROOM,150,21,0,0,15,10.1,2,6,2026-09-07T21:00:00.088997,9.0,20.7,7.2,0.0
res-cls-02,Block B Classrooms (201-204),CLASSROOM,120,21,0,0,16,13.0,2,5,2026-09-07T21:00:00.088997,13.7,7.2,0.0,0.0
res-sac-01,Student Activity Center,ACTIVITY_CENTER,160,21,0,0,55,34.4,2,5,2026-09-07T21:00:00.088997,39.1,31.7,15.6,27.7
res-lib-01,Central Library,LIBRARY,200,8,1,0,60,29.8,1,2,2026-09-08T08:00:00.088997,31.8,30.1,43.6,38.3
res-lib-02,Digital Reading Hall,LIBRARY,120,8,1,0,26,21.7,0,0,2026-09-08T08:00:00.088997,26.6,24.4,45.2,26.9
res-lab-01,Computer Lab 1,COMPUTER_LAB,80,8,1,0,29,35.9,7,0,2026-09-08T08:00:00.088997,30.9,31.7,55.3,39.3
res-lab-02,Computer Lab 2,COMPUTER_LAB,75,8,1,0,26,35.2,2,4,2026-09-08T08:00:00.088997,43.4,52.3,61.8,59.7
res-lab-03,Computer Lab 3,COMPUTER_LAB,60,8,1,0,11,19.1,4,4,2026-09-08T08:00:00.088997,18.9,19.2,27.1,27.1
res-lab-ai,AI & Data Science Lab,RESEARCH_LAB,50,8,1,0,14,28.2,5,5,2026-09-08T08:00:00.088997,30.5,42.1,25.9,35.9
res-lab-res,Advanced Research Lab,RESEARCH_LAB,40,8,1,0,7,17.1,0,1,2026-09-08T08:00:00.088997,18.6,31.2,30.8,14.8
res-sr-01,Study Room A,STUDY_ROOM,24,8,1,0,7,27.4,6,4,2026-09-08T08:00:00.088997,28.5,26.7,32.1,50.5
res-sr-02,Study Room B,STUDY_ROOM,20,8,1,0,5,22.5,7,0,2026-09-08T08:00:00.088997,20.1,28.4,14.6,36.4
res-sr-03,Study Room C,STUDY_ROOM,20,8,1,0,3,14.4,0,0,2026-09-08T08:00:00.088997,18.5,16.2,11.9,0.0
res-can-01,Main Canteen,CANTEEN,250,8,1,0,25,9.9,6,5,2026-09-08T08:00:00.088997,10.1,11.3,22.1,7.9
res-sem-01,Dr. Kalam Seminar Hall,SEMINAR_HALL,180,8,1,0,11,6.2,3,4,2026-09-08T08:00:00.088997,7.8,10.0,6.3,6.3
res-cls-01,Block A Classrooms (301-305),CLASSROOM,150,8,1,0,48,31.9,4,5,2026-09-08T08:00:00.088997,30.7,45.8,37.4,41.6
res-cls-02,Block B Classrooms (201-204),CLASSROOM,120,8,1,0,8,7.0,0,3,2026-09-08T08:00:00.088997,12.0,10.3,15.6,23.2
res-sac-01,Student Activity Center,ACTIVITY_CENTER,160,8,1,0,14,8.7,0,3,2026-09-08T08:00:00.088997,5.7,15.5,4.5,24.3
res-lib-01,Central Library,LIBRARY,200,9,1,0,50,24.9,0,5,2026-09-08T09:00:00.088997,23.9,25.0,34.7,48.6
res-lib-02,Digital Reading Hall,LIBRARY,120,9,1,0,19,15.9,2,2,2026-09-08T09:00:00.088997,20.7,22.0,20.6,16.0
res-lab-01,Computer Lab 1,COMPUTER_LAB,80,9,1,0,28,35.3,1,0,2026-09-08T09:00:00.088997,39.1,45.8,22.1,33.2
res-lab-02,Computer Lab 2,COMPUTER_LAB,75,9,1,0,21,27.5,9,2,2026-09-08T09:00:00.088997,26.6,31.4,47.9,29.7
res-lab-03,Computer Lab 3,COMPUTER_LAB,60,9,1,0,7,11.8,0,0,2026-09-08T09:00:00.088997,14.3,26.6,22.7,18.8
res-lab-ai,AI & Data Science Lab,RESEARCH_LAB,50,9,1,0,14,28.8,0,5,2026-09-08T09:00:00.088997,30.5,32.7,65.6,42.4
res-lab-res,Advanced Research Lab,RESEARCH_LAB,40,9,1,0,7,17.0,0,5,2026-09-08T09:00:00.088997,19.4,13.4,33.3,19.0
res-sr-01,Study Room A,STUDY_ROOM,24,9,1,0,7,27.5,6,1,2026-09-08T09:00:00.088997,34.6,32.9,43.2,43.3
res-sr-02,Study Room B,STUDY_ROOM,20,9,1,0,2,11.6,0,4,2026-09-08T09:00:00.088997,12.3,14.2,11.0,26.7
res-sr-03,Study Room C,STUDY_ROOM,20,9,1,0,5,23.3,0,2,2026-09-08T09:00:00.088997,30.9,27.8,35.3,20.5
res-can-01,Main Canteen,CANTEEN,250,9,1,0,29,11.7,0,4,2026-09-08T09:00:00.088997,18.5,32.3,24.9,25.6
res-sem-01,Dr. Kalam Seminar Hall,SEMINAR_HALL,180,9,1,0,10,5.8,0,1,2026-09-08T09:00:00.088997,6.6,11.8,25.6,3.7
res-cls-01,Block A Classrooms (301-305),CLASSROOM,150,9,1,0,85,56.6,10,5,2026-09-08T09:00:00.088997,50.1,57.9,76.3,66.3
res-cls-02,Block B Classrooms (201-204),CLASSROOM,120,9,1,0,21,17.8,0,4,2026-09-08T09:00:00.088997,22.0,21.4,22.5,23.1
res-sac-01,Student Activity Center,ACTIVITY_CENTER,160,9,1,0,18,11.3,6,0,2026-09-08T09:00:00.088997,18.2,25.4,28.3,16.1
res-lib-01,Central Library,LIBRARY,200,10,1,0,53,26.6,3,0,2026-09-08T10:00:00.088997,29.9,24.5,45.3,31.0
res-lib-02,Digital Reading Hall,LIBRARY,120,10,1,0,39,32.6,4,2,2026-09-08T10:00:00.088997,36.9,34.8,48.4,26.5
res-lab-01,Computer Lab 1,COMPUTER_LAB,80,10,1,0,38,47.3,11,1,2026-09-08T10:00:00.088997,46.6,55.4,56.9,61.5
res-lab-02,Computer Lab 2,COMPUTER_LAB,75,10,1,0,29,38.8,6,7,2026-09-08T10:00:00.088997,42.4,42.3,52.8,71.6
res-lab-03,Computer Lab 3,COMPUTER_LAB,60,10,1,0,9,14.5,0,4,2026-09-08T10:00:00.088997,16.0,6.4,30.1,18.0
res-lab-ai,AI & Data Science Lab,RESEARCH_LAB,50,10,1,0,15,29.6,4,3,2026-09-08T10:00:00.088997,34.5,32.0,42.3,36.5
res-lab-res,Advanced Research Lab,RESEARCH_LAB,40,10,1,0,9,23.0,4,0,2026-09-08T10:00:00.088997,29.3,24.7,38.2,37.4
res-sr-01,Study Room A,STUDY_ROOM,24,10,1,0,7,27.4,2,1,2026-09-08T10:00:00.088997,29.3,30.5,42.6,18.0
res-sr-02,Study Room B,STUDY_ROOM,20,10,1,0,2,10.8,0,3,2026-09-08T10:00:00.088997,19.6,15.2,17.3,21.6
res-sr-03,Study Room C,STUDY_ROOM,20,10,1,0,4,19.6,0,2,2026-09-08T10:00:00.088997,25.5,27.7,29.4,41.7
res-can-01,Main Canteen,CANTEEN,250,10,1,0,55,22.0,4,0,2026-09-08T10:00:00.088997,16.6,30.0,42.3,30.3
res-sem-01,Dr. Kalam Seminar Hall,SEMINAR_HALL,180,10,1,0,57,31.6,8,7,2026-09-08T10:00:00.088997,40.2,41.0,40.3,22.4
res-cls-01,Block A Classrooms (301-305),CLASSROOM,150,10,1,0,99,65.9,5,13,2026-09-08T10:00:00.088997,67.2,71.6,78.9,76.4
res-cls-02,Block B Classrooms (201-204),CLASSROOM,120,10,1,0,60,49.7,4,5,2026-09-08T10:00:00.088997,48.7,46.7,52.2,59.2
res-sac-01,Student Activity Center,ACTIVITY_CENTER,160,10,1,0,21,13.3,0,0,2026-09-08T10:00:00.088997,15.0,9.3,28.1,24.3
res-lib-01,Central Library,LIBRARY,200,11,1,0,38,19.2,1,0,2026-09-08T11:00:00.088997,22.4,32.2,10.3,30.6
res-lib-02,Digital Reading Hall,LIBRARY,120,11,1,0,63,52.2,8,5,2026-09-08T11:00:00.088997,51.2,55.3,53.1,75.2
res-lab-01,Computer Lab 1,COMPUTER_LAB,80,11,1,0,54,68.0,13,6,2026-09-08T11:00:00.088997,67.1,63.9,59.7,59.0
res-lab-02,Computer Lab 2,COMPUTER_LAB,75,11,1,0,44,59.0,8,1,2026-09-08T11:00:00.088997,64.5,61.1,68.3,88.3
res-lab-03,Computer Lab 3,COMPUTER_LAB,60,11,1,0,11,18.6,1,0,2026-09-08T11:00:00.088997,12.0,19.3,24.7,16.7
res-lab-ai,AI & Data Science Lab,RESEARCH_LAB,50,11,1,0,15,29.5,3,2,2026-09-08T11:00:00.088997,28.9,35.5,41.5,26.4
res-lab-res,Advanced Research Lab,RESEARCH_LAB,40,11,1,0,10,25.6,2,2,2026-09-08T11:00:00.088997,30.5,32.0,42.2,39.1
res-sr-01,Study Room A,STUDY_ROOM,24,11,1,0,4,17.6,3,0,2026-09-08T11:00:00.088997,20.0,22.4,23.7,26.0
res-sr-02,Study Room B,STUDY_ROOM,20,11,1,0,1,7.5,0,1,2026-09-08T11:00:00.088997,10.1,6.3,26.9,7.1
res-sr-03,Study Room C,STUDY_ROOM,20,11,1,0,4,18.9,3,0,2026-09-08T11:00:00.088997,28.0,16.7,35.2,40.9
res-can-01,Main Canteen,CANTEEN,250,11,1,0,123,49.3,10,4,2026-09-08T11:00:00.088997,52.5,55.9,56.1,69.1
res-sem-01,Dr. Kalam Seminar Hall,SEMINAR_HALL,180,11,1,0,90,50.2,0,8,2026-09-08T11:00:00.088997,45.5,61.4,68.3,47.1
res-cls-01,Block A Classrooms (301-305),CLASSROOM,150,11,1,0,110,73.4,5,6,2026-09-08T11:00:00.088997,74.1,83.0,93.1,100.0
res-cls-02,Block B Classrooms (201-204),CLASSROOM,120,11,1,0,69,57.8,6,0,2026-09-08T11:00:00.088997,56.6,68.6,80.4,53.0
res-sac-01,Student Activity Center,ACTIVITY_CENTER,160,11,1,0,20,12.6,1,2,2026-09-08T11:00:00.088997,11.4,20.2,16.4,22.5
res-lib-01,Central Library,LIBRARY,200,12,1,0,54,27.2,3,1,2026-09-08T12:00:00.088997,28.7,31.7,31.9,12.1
res-lib-02,Digital Reading Hall,LIBRARY,120,12,1,0,92,76.5,10,6,2026-09-08T12:00:00.088997,81.3,79.5,95.0,68.9
res-lab-01,Computer Lab 1,COMPUTER_LAB,80,12,1,0,68,84.6,11,3,2026-09-08T12:00:00.088997,82.1,82.5,93.9,93.4
res-lab-02,Computer Lab 2,COMPUTER_LAB,75,12,1,0,63,84.0,11,9,2026-09-08T12:00:00.088997,78.8,85.7,84.9,64.5
res-lab-03,Computer Lab 3,COMPUTER_LAB,60,12,1,0,22,37.1,3,0,2026-09-08T12:00:00.088997,42.1,35.7,47.3,50.0
res-lab-ai,AI & Data Science Lab,RESEARCH_LAB,50,12,1,0,25,49.1,0,4,2026-09-08T12:00:00.088997,55.5,65.9,46.0,43.1
res-lab-res,Advanced Research Lab,RESEARCH_LAB,40,12,1,0,7,18.1,1,9,2026-09-08T12:00:00.088997,14.1,24.7,30.3,19.2
res-sr-01,Study Room A,STUDY_ROOM,24,12,1,0,5,20.4,3,0,2026-09-08T12:00:00.088997,23.5,23.3,34.0,4.0
res-sr-02,Study Room B,STUDY_ROOM,20,12,1,0,3,16.5,1,5,2026-09-08T12:00:00.088997,18.3,10.9,35.9,0.0
res-sr-03,Study Room C,STUDY_ROOM,20,12,1,0,5,24.2,1,6,2026-09-08T12:00:00.088997,17.6,48.0,41.7,14.9
res-can-01,Main Canteen,CANTEEN,250,12,1,0,167,66.7,8,8,2026-09-08T12:00:00.088997,71.2,75.0,75.5,52.3
res-sem-01,Dr. Kalam Seminar Hall,SEMINAR_HALL,180,12,1,0,110,61.3,6,9,2026-09-08T12:00:00.088997,65.6,48.6,75.2,51.6
res-cls-01,Block A Classrooms (301-305),CLASSROOM,150,12,1,0,100,66.8,6,10,2026-09-08T12:00:00.088997,72.6,67.2,78.5,43.1
res-cls-02,Block B Classrooms (201-204),CLASSROOM,120,12,1,0,80,66.6,6,9,2026-09-08T12:00:00.088997,72.4,74.7,81.1,60.8
res-sac-01,Student Activity Center,ACTIVITY_CENTER,160,12,1,0,20,12.4,2,3,2026-09-08T12:00:00.088997,17.5,24.6,26.8,4.7
res-lib-01,Central Library,LIBRARY,200,13,1,0,104,52.1,6,2,2026-09-08T13:00:00.088997,53.4,52.6,38.0,38.3
res-lib-02,Digital Reading Hall,LIBRARY,120,13,1,0,95,79.0,8,2,2026-09-08T13:00:00.088997,81.8,84.0,63.6,74.9
res-lab-01,Computer Lab 1,COMPUTER_LAB,80,13,1,0,76,95.0,6,7,2026-09-08T13:00:00.088997,93.9,94.4,94.5,80.7
res-lab-02,Computer Lab 2,COMPUTER_LAB,75,13,1,0,65,86.1,4,10,2026-09-08T13:00:00.088997,83.1,91.4,80.6,90.4
res-lab-03,Computer Lab 3,COMPUTER_LAB,60,13,1,0,31,51.8,0,5,2026-09-08T13:00:00.088997,61.0,64.2,45.7,33.9
res-lab-ai,AI & Data Science Lab,RESEARCH_LAB,50,13,1,0,38,75.2,6,8,2026-09-08T13:00:00.088997,79.3,86.6,92.1,68.0
res-lab-res,Advanced Research Lab,RESEARCH_LAB,40,13,1,0,7,18.0,2,0,2026-09-08T13:00:00.088997,17.2,20.5,5.2,7.8
res-sr-01,Study Room A,STUDY_ROOM,24,13,1,0,7,28.5,6,2,2026-09-08T13:00:00.088997,30.5,31.5,21.9,26.4
res-sr-02,Study Room B,STUDY_ROOM,20,13,1,0,2,11.5,0,0,2026-09-08T13:00:00.088997,8.1,11.6,0.0,10.0
res-sr-03,Study Room C,STUDY_ROOM,20,13,1,0,10,48.9,6,7,2026-09-08T13:00:00.088997,50.4,56.3,40.0,40.1
res-can-01,Main Canteen,CANTEEN,250,13,1,0,182,72.7,1,6,2026-09-08T13:00:00.088997,80.4,83.2,73.4,75.5
res-sem-01,Dr. Kalam Seminar Hall,SEMINAR_HALL,180,13,1,0,127,70.4,9,5,2026-09-08T13:00:00.088997,71.1,79.0,73.2,56.7
res-cls-01,Block A Classrooms (301-305),CLASSROOM,150,13,1,0,75,50.2,6,6,2026-09-08T13:00:00.088997,46.4,41.4,37.3,23.6
res-cls-02,Block B Classrooms (201-204),CLASSROOM,120,13,1,0,84,70.1,7,5,2026-09-08T13:00:00.088997,77.9,77.1,64.8,65.6
res-sac-01,Student Activity Center,ACTIVITY_CENTER,160,13,1,0,17,10.4,4,0,2026-09-08T13:00:00.088997,15.1,9.0,0.0,8.3
res-lib-01,Central Library,LIBRARY,200,14,1,0,137,68.5,5,4,2026-09-08T14:00:00.088997,71.0,56.4,75.3,45.7
res-lib-02,Digital Reading Hall,LIBRARY,120,14,1,0,102,84.7,9,10,2026-09-08T14:00:00.088997,80.5,78.7,77.0,60.7
res-lab-01,Computer Lab 1,COMPUTER_LAB,80,14,1,0,76,95.0,9,8,2026-09-08T14:00:00.088997,89.0,74.6,85.3,100.0
res-lab-02,Computer Lab 2,COMPUTER_LAB,75,14,1,0,68,90.3,10,8,2026-09-08T14:00:00.088997,88.4,88.5,71.6,91.6
res-lab-03,Computer Lab 3,COMPUTER_LAB,60,14,1,0,45,74.7,11,8,2026-09-08T14:00:00.088997,72.8,73.8,72.1,58.5
res-lab-ai,AI & Data Science Lab,RESEARCH_LAB,50,14,1,0,42,84.6,10,13,2026-09-08T14:00:00.088997,77.6,70.8,78.1,73.2
res-lab-res,Advanced Research Lab,RESEARCH_LAB,40,14,1,0,17,43.5,5,3,2026-09-08T14:00:00.088997,47.4,28.9,28.0,30.2
res-sr-01,Study Room A,STUDY_ROOM,24,14,1,0,11,46.3,5,9,2026-09-08T14:00:00.088997,44.4,42.7,27.0,26.9
res-sr-02,Study Room B,STUDY_ROOM,20,14,1,0,5,25.3,2,6,2026-09-08T14:00:00.088997,25.5,13.6,19.5,19.3
res-sr-03,Study Room C,STUDY_ROOM,20,14,1,0,14,69.6,13,3,2026-09-08T14:00:00.088997,64.4,57.1,59.5,63.2
res-can-01,Main Canteen,CANTEEN,250,14,1,0,177,70.8,8,6,2026-09-08T14:00:00.088997,69.4,60.8,81.6,39.5
res-sem-01,Dr. Kalam Seminar Hall,SEMINAR_HALL,180,14,1,0,113,62.6,13,6,2026-09-08T14:00:00.088997,59.9,55.5,53.0,67.1
res-cls-01,Block A Classrooms (301-305),CLASSROOM,150,14,1,0,36,23.9,7,0,2026-09-08T14:00:00.088997,20.9,16.4,21.2,0.0
res-cls-02,Block B Classrooms (201-204),CLASSROOM,120,14,1,0,74,61.9,13,2,2026-09-08T14:00:00.088997,60.7,53.0,57.8,50.2
res-sac-01,Student Activity Center,ACTIVITY_CENTER,160,14,1,0,20,12.4,2,6,2026-09-08T14:00:00.088997,9.7,11.8,0.0,0.0
res-lib-01,Central Library,LIBRARY,200,15,1,0,168,83.8,14,9,2026-09-08T15:00:00.088997,80.5,78.8,64.5,79.0
res-lib-02,Digital Reading Hall,LIBRARY,120,15,1,0,88,73.6,7,5,2026-09-08T15:00:00.088997,72.7,66.0,65.0,86.8
res-lab-01,Computer Lab 1,COMPUTER_LAB,80,15,1,0,67,84.1,9,6,2026-09-08T15:00:00.088997,85.1,78.0,70.2,87.9
res-lab-02,Computer Lab 2,COMPUTER_LAB,75,15,1,0,61,80.8,7,2,2026-09-08T15:00:00.088997,82.8,71.6,79.9,45.1
res-lab-03,Computer Lab 3,COMPUTER_LAB,60,15,1,0,50,83.6,6,10,2026-09-08T15:00:00.088997,81.6,72.8,71.9,79.8
res-lab-ai,AI & Data Science Lab,RESEARCH_LAB,50,15,1,0,48,95.0,13,15,2026-09-08T15:00:00.088997,86.7,99.7,87.9,72.2
res-lab-res,Advanced Research Lab,RESEARCH_LAB,40,15,1,0,23,56.7,6,8,2026-09-08T15:00:00.088997,54.2,60.8,35.6,44.6
res-sr-01,Study Room A,STUDY_ROOM,24,15,1,0,16,65.1,8,9,2026-09-08T15:00:00.088997,61.4,44.4,58.9,58.3
res-sr-02,Study Room B,STUDY_ROOM,20,15,1,0,10,49.5,9,1,2026-09-08T15:00:00.088997,50.2,51.7,25.5,41.3
res-sr-03,Study Room C,STUDY_ROOM,20,15,1,0,15,75.1,8,8,2026-09-08T15:00:00.088997,71.2,66.1,67.4,50.1
res-can-01,Main Canteen,CANTEEN,250,15,1,0,119,47.7,7,1,2026-09-08T15:00:00.088997,48.3,45.5,24.1,27.5
res-sem-01,Dr. Kalam Seminar Hall,SEMINAR_HALL,180,15,1,0,93,51.8,3,3,2026-09-08T15:00:00.088997,51.6,51.5,41.5,32.6
res-cls-01,Block A Classrooms (301-305),CLASSROOM,150,15,1,0,24,15.7,7,4,2026-09-08T15:00:00.088997,14.0,5.8,0.2,10.0
res-cls-02,Block B Classrooms (201-204),CLASSROOM,120,15,1,0,53,44.6,9,6,2026-09-08T15:00:00.088997,36.5,45.9,27.6,27.9
res-sac-01,Student Activity Center,ACTIVITY_CENTER,160,15,1,0,62,38.8,10,13,2026-09-08T15:00:00.088997,39.2,32.7,35.6,37.4
res-lib-01,Central Library,LIBRARY,200,16,1,0,177,88.7,16,9,2026-09-08T16:00:00.088997,88.7,87.7,84.5,86.8
res-lib-02,Digital Reading Hall,LIBRARY,120,16,1,0,60,50.4,4,1,2026-09-08T16:00:00.088997,50.2,50.1,46.5,58.5
res-lab-01,Computer Lab 1,COMPUTER_LAB,80,16,1,0,54,67.9,10,3,2026-09-08T16:00:00.088997,64.3,67.0,67.5,52.3
res-lab-02,Computer Lab 2,COMPUTER_LAB,75,16,1,0,43,57.6,2,4,2026-09-08T16:00:00.088997,59.2,56.0,54.1,46.2
res-lab-03,Computer Lab 3,COMPUTER_LAB,60,16,1,0,43,71.9,6,9,2026-09-08T16:00:00.088997,71.6,69.9,59.2,34.1
res-lab-ai,AI & Data Science Lab,RESEARCH_LAB,50,16,1,0,46,91.3,9,6,2026-09-08T16:00:00.088997,92.0,83.9,92.8,86.7
res-lab-res,Advanced Research Lab,RESEARCH_LAB,40,16,1,0,32,79.6,5,11,2026-09-08T16:00:00.088997,78.7,72.4,72.9,46.3
res-sr-01,Study Room A,STUDY_ROOM,24,16,1,0,20,83.8,6,4,2026-09-08T16:00:00.088997,75.7,85.4,70.1,90.2
res-sr-02,Study Room B,STUDY_ROOM,20,16,1,0,13,62.9,2,2,2026-09-08T16:00:00.088997,65.9,57.0,50.0,52.9
res-sr-03,Study Room C,STUDY_ROOM,20,16,1,0,16,79.1,12,12,2026-09-08T16:00:00.088997,75.7,66.2,67.4,70.3
res-can-01,Main Canteen,CANTEEN,250,16,1,0,72,28.9,0,3,2026-09-08T16:00:00.088997,26.7,24.1,14.1,14.2
res-sem-01,Dr. Kalam Seminar Hall,SEMINAR_HALL,180,16,1,0,43,24.1,5,5,2026-09-08T16:00:00.088997,14.7,13.5,2.6,4.3
res-cls-01,Block A Classrooms (301-305),CLASSROOM,150,16,1,0,14,9.7,0,0,2026-09-08T16:00:00.088997,3.7,5.9,2.3,0.0
res-cls-02,Block B Classrooms (201-204),CLASSROOM,120,16,1,0,27,22.5,1,1,2026-09-08T16:00:00.088997,27.2,25.5,2.8,20.5
res-sac-01,Student Activity Center,ACTIVITY_CENTER,160,16,1,0,96,60.3,3,8,2026-09-08T16:00:00.088997,64.4,48.5,44.0,60.5
res-lib-01,Central Library,LIBRARY,200,17,1,0,166,83.0,11,9,2026-09-08T17:00:00.088997,82.5,70.0,84.4,85.0
res-lib-02,Digital Reading Hall,LIBRARY,120,17,1,0,37,30.9,3,0,2026-09-08T17:00:00.088997,30.9,29.3,22.3,32.4
res-lab-01,Computer Lab 1,COMPUTER_LAB,80,17,1,0,36,45.5,7,1,2026-09-08T17:00:00.088997,43.4,39.4,39.5,29.0
res-lab-02,Computer Lab 2,COMPUTER_LAB,75,17,1,0,27,36.3,6,2,2026-09-08T17:00:00.088997,27.8,41.8,40.7,8.8
res-lab-03,Computer Lab 3,COMPUTER_LAB,60,17,1,0,36,59.8,5,6,2026-09-08T17:00:00.088997,59.0,53.4,44.7,39.5
res-lab-ai,AI & Data Science Lab,RESEARCH_LAB,50,17,1,0,34,68.4,5,6,2026-09-08T17:00:00.088997,63.5,67.4,73.7,49.4
res-lab-res,Advanced Research Lab,RESEARCH_LAB,40,17,1,0,34,86.0,11,10,2026-09-08T17:00:00.088997,84.3,85.4,82.3,59.1
res-sr-01,Study Room A,STUDY_ROOM,24,17,1,0,21,85.6,12,6,2026-09-08T17:00:00.088997,83.8,84.7,75.7,86.5
res-sr-02,Study Room B,STUDY_ROOM,20,17,1,0,17,86.6,8,4,2026-09-08T17:00:00.088997,85.8,85.9,76.5,92.0
res-sr-03,Study Room C,STUDY_ROOM,20,17,1,0,12,59.7,9,4,2026-09-08T17:00:00.088997,64.6,66.7,44.8,41.1
res-can-01,Main Canteen,CANTEEN,250,17,1,0,34,13.4,0,1,2026-09-08T17:00:00.088997,11.5,0.0,5.3,0.0
res-sem-01,Dr. Kalam Seminar Hall,SEMINAR_HALL,180,17,1,0,9,5.0,4,0,2026-09-08T17:00:00.088997,6.3,0.0,0.0,2.5
res-cls-01,Block A Classrooms (301-305),CLASSROOM,150,17,1,0,17,11.4,3,4,2026-09-08T17:00:00.088997,8.0,2.7,0.0,0.0
res-cls-02,Block B Classrooms (201-204),CLASSROOM,120,17,1,0,26,21.8,6,0,2026-09-08T17:00:00.088997,14.5,19.7,18.7,16.4
res-sac-01,Student Activity Center,ACTIVITY_CENTER,160,17,1,0,113,70.9,8,8,2026-09-08T17:00:00.088997,69.2,52.5,60.8,48.6
res-lib-01,Central Library,LIBRARY,200,18,1,0,135,67.7,17,7,2026-09-08T18:00:00.088997,64.5,68.3,64.1,60.8
res-lib-02,Digital Reading Hall,LIBRARY,120,18,1,0,27,22.4,8,0,2026-09-08T18:00:00.088997,22.3,11.9,19.4,0.0
res-lab-01,Computer Lab 1,COMPUTER_LAB,80,18,1,0,27,33.3,3,6,2026-09-08T18:00:00.088997,35.0,20.9,25.8,12.8
res-lab-02,Computer Lab 2,COMPUTER_LAB,75,18,1,0,15,20.0,1,1,2026-09-08T18:00:00.088997,27.7,17.6,0.0,1.2
res-lab-03,Computer Lab 3,COMPUTER_LAB,60,18,1,0,25,41.9,11,0,2026-09-08T18:00:00.088997,32.3,48.1,37.4,19.4
res-lab-ai,AI & Data Science Lab,RESEARCH_LAB,50,18,1,0,27,54.9,0,5,2026-09-08T18:00:00.088997,54.2,55.5,37.8,43.9
res-lab-res,Advanced Research Lab,RESEARCH_LAB,40,18,1,0,29,73.2,9,4,2026-09-08T18:00:00.088997,69.5,62.2,71.0,71.5
res-sr-01,Study Room A,STUDY_ROOM,24,18,1,0,17,69.1,8,2,2026-09-08T18:00:00.088997,65.9,63.8,84.7,43.8
res-sr-02,Study Room B,STUDY_ROOM,20,18,1,0,17,83.0,12,9,2026-09-08T18:00:00.088997,88.0,80.2,78.5,70.3
res-sr-03,Study Room C,STUDY_ROOM,20,18,1,0,11,52.8,9,3,2026-09-08T18:00:00.088997,45.5,46.6,37.6,40.0
res-can-01,Main Canteen,CANTEEN,250,18,1,0,37,14.9,0,1,2026-09-08T18:00:00.088997,13.2,15.0,0.0,0.0
res-sem-01,Dr. Kalam Seminar Hall,SEMINAR_HALL,180,18,1,0,11,5.8,4,0,2026-09-08T18:00:00.088997,0.0,4.6,0.0,0.0
res-cls-01,Block A Classrooms (301-305),CLASSROOM,150,18,1,0,11,7.5,0,0,2026-09-08T18:00:00.088997,0.0,7.9,11.0,3.3
res-cls-02,Block B Classrooms (201-204),CLASSROOM,120,18,1,0,7,5.4,0,0,2026-09-08T18:00:00.088997,5.8,4.5,0.0,0.0
res-sac-01,Student Activity Center,ACTIVITY_CENTER,160,18,1,0,131,81.8,14,10,2026-09-08T18:00:00.088997,83.0,77.3,86.5,74.7
res-lib-01,Central Library,LIBRARY,200,19,1,0,89,44.3,9,6,2026-09-08T19:00:00.088997,40.6,36.5,39.0,37.9
res-lib-02,Digital Reading Hall,LIBRARY,120,19,1,0,25,20.8,3,7,2026-09-08T19:00:00.088997,23.1,16.9,21.3,0.0
res-lab-01,Computer Lab 1,COMPUTER_LAB,80,19,1,0,29,36.6,9,3,2026-09-08T19:00:00.088997,31.2,27.7,18.8,15.2
res-lab-02,Computer Lab 2,COMPUTER_LAB,75,19,1,0,18,23.5,0,2,2026-09-08T19:00:00.088997,25.1,13.1,29.2,17.6
res-lab-03,Computer Lab 3,COMPUTER_LAB,60,19,1,0,11,19.1,0,4,2026-09-08T19:00:00.088997,12.8,19.5,12.7,13.8
res-lab-ai,AI & Data Science Lab,RESEARCH_LAB,50,19,1,0,13,25.3,0,4,2026-09-08T19:00:00.088997,19.5,23.1,5.0,23.5
res-lab-res,Advanced Research Lab,RESEARCH_LAB,40,19,1,0,23,57.1,8,7,2026-09-08T19:00:00.088997,52.3,55.6,51.4,38.6
res-sr-01,Study Room A,STUDY_ROOM,24,19,1,0,12,48.8,0,5,2026-09-08T19:00:00.088997,40.6,44.4,38.5,45.0
res-sr-02,Study Room B,STUDY_ROOM,20,19,1,0,13,63.9,6,8,2026-09-08T19:00:00.088997,63.2,60.8,60.1,33.4
res-sr-03,Study Room C,STUDY_ROOM,20,19,1,0,6,29.8,5,0,2026-09-08T19:00:00.088997,26.8,24.6,20.6,21.8
res-can-01,Main Canteen,CANTEEN,250,19,1,0,39,15.7,5,0,2026-09-08T19:00:00.088997,16.2,18.7,11.2,16.8
res-sem-01,Dr. Kalam Seminar Hall,SEMINAR_HALL,180,19,1,0,23,13.0,4,2,2026-09-08T19:00:00.088997,15.2,8.9,5.3,0.0
res-cls-01,Block A Classrooms (301-305),CLASSROOM,150,19,1,0,24,16.3,0,6,2026-09-08T19:00:00.088997,16.3,2.9,11.6,0.0
res-cls-02,Block B Classrooms (201-204),CLASSROOM,120,19,1,0,15,12.5,4,0,2026-09-08T19:00:00.088997,11.0,19.2,0.0,0.0
res-sac-01,Student Activity Center,ACTIVITY_CENTER,160,19,1,0,124,77.8,15,7,2026-09-08T19:00:00.088997,79.8,80.9,63.1,60.0
res-lib-01,Central Library,LIBRARY,200,20,1,0,60,29.9,8,4,2026-09-08T20:00:00.088997,24.4,36.8,17.1,13.9
res-lib-02,Digital Reading Hall,LIBRARY,120,20,1,0,26,21.4,7,4,2026-09-08T20:00:00.088997,21.0,19.1,13.8,16.1
res-lab-01,Computer Lab 1,COMPUTER_LAB,80,20,1,0,20,24.9,2,3,2026-09-08T20:00:00.088997,18.3,22.2,15.0,33.9
res-lab-02,Computer Lab 2,COMPUTER_LAB,75,20,1,0,23,31.3,2,2,2026-09-08T20:00:00.088997,29.0,23.6,25.0,10.2
res-lab-03,Computer Lab 3,COMPUTER_LAB,60,20,1,0,6,10.5,3,2,2026-09-08T20:00:00.088997,5.3,10.8,0.0,1.5
res-lab-ai,AI & Data Science Lab,RESEARCH_LAB,50,20,1,0,17,33.3,3,4,2026-09-08T20:00:00.088997,29.2,27.1,23.4,12.3
res-lab-res,Advanced Research Lab,RESEARCH_LAB,40,20,1,0,17,42.1,0,2,2026-09-08T20:00:00.088997,38.9,35.5,31.9,29.3
res-sr-01,Study Room A,STUDY_ROOM,24,20,1,0,8,33.7,6,1,2026-09-08T20:00:00.088997,26.9,22.5,21.3,17.5
res-sr-02,Study Room B,STUDY_ROOM,20,20,1,0,9,44.8,1,3,2026-09-08T20:00:00.088997,43.5,43.4,31.8,27.8
res-sr-03,Study Room C,STUDY_ROOM,20,20,1,0,2,11.3,1,0,2026-09-08T20:00:00.088997,11.6,0.0,0.1,2.9
res-can-01,Main Canteen,CANTEEN,250,20,1,0,27,10.7,9,2,2026-09-08T20:00:00.088997,4.7,5.2,0.0,0.0
res-sem-01,Dr. Kalam Seminar Hall,SEMINAR_HALL,180,20,1,0,9,5.0,3,0,2026-09-08T20:00:00.088997,2.5,0.0,12.6,0.0
res-cls-01,Block A Classrooms (301-305),CLASSROOM,150,20,1,0,26,17.3,4,3,2026-09-08T20:00:00.088997,16.8,14.7,0.0,2.0
res-cls-02,Block B Classrooms (201-204),CLASSROOM,120,20,1,0,16,13.4,1,0,2026-09-08T20:00:00.088997,11.2,18.6,16.6,0.6
res-sac-01,Student Activity Center,ACTIVITY_CENTER,160,20,1,0,97,60.8,6,0,2026-09-08T20:00:00.088997,55.1,65.2,50.4,45.9
res-lib-01,Central Library,LIBRARY,200,21,1,0,48,23.8,8,7,2026-09-08T21:00:00.088997,30.7,17.8,18.5,0.0
res-lib-02,Digital Reading Hall,LIBRARY,120,21,1,0,31,25.9,0,3,2026-09-08T21:00:00.088997,19.5,17.4,10.4,6.6
res-lab-01,Computer Lab 1,COMPUTER_LAB,80,21,1,0,26,32.8,2,5,2026-09-08T21:00:00.088997,26.4,29.2,35.8,14.7
res-lab-02,Computer Lab 2,COMPUTER_LAB,75,21,1,0,17,22.1,1,5,2026-09-08T21:00:00.088997,20.9,13.9,18.5,0.0
res-lab-03,Computer Lab 3,COMPUTER_LAB,60,21,1,0,11,17.7,3,0,2026-09-08T21:00:00.088997,12.4,7.4,14.5,20.5
res-lab-ai,AI & Data Science Lab,RESEARCH_LAB,50,21,1,0,14,27.5,4,0,2026-09-08T21:00:00.088997,23.1,22.3,11.3,4.2
res-lab-res,Advanced Research Lab,RESEARCH_LAB,40,21,1,0,7,17.3,2,1,2026-09-08T21:00:00.088997,6.4,0.0,3.9,10.8
res-sr-01,Study Room A,STUDY_ROOM,24,21,1,0,2,9.0,0,0,2026-09-08T21:00:00.088997,12.6,1.7,4.5,0.0
res-sr-02,Study Room B,STUDY_ROOM,20,21,1,0,4,18.3,4,2,2026-09-08T21:00:00.088997,18.3,36.8,0.0,27.0
res-sr-03,Study Room C,STUDY_ROOM,20,21,1,0,3,13.9,2,1,2026-09-08T21:00:00.088997,10.2,5.4,8.8,0.0
res-can-01,Main Canteen,CANTEEN,250,21,1,0,33,13.0,0,0,2026-09-08T21:00:00.088997,9.2,15.5,0.2,5.3
res-sem-01,Dr. Kalam Seminar Hall,SEMINAR_HALL,180,21,1,0,9,5.0,2,2,2026-09-08T21:00:00.088997,10.4,0.0,3.0,0.0
res-cls-01,Block A Classrooms (301-305),CLASSROOM,150,21,1,0,23,15.2,0,3,2026-09-08T21:00:00.088997,12.4,9.8,8.0,6.2
res-cls-02,Block B Classrooms (201-204),CLASSROOM,120,21,1,0,11,9.5,1,5,2026-09-08T21:00:00.088997,11.5,9.8,0.0,0.0
res-sac-01,Student Activity Center,ACTIVITY_CENTER,160,21,1,0,67,41.6,7,8,2026-09-08T21:00:00.088997,37.2,35.2,18.8,24.9
res-lib-01,Central Library,LIBRARY,200,8,2,0,58,29.0,2,4,2026-09-09T08:00:00.088997,30.2,35.9,26.7,40.0
res-lib-02,Digital Reading Hall,LIBRARY,120,8,2,0,10,8.0,0,0,2026-09-09T08:00:00.088997,14.9,17.7,20.2,36.3
res-lab-01,Computer Lab 1,COMPUTER_LAB,80,8,2,0,25,31.2,8,5,2026-09-09T08:00:00.088997,32.3,43.0,29.2,31.3
res-lab-02,Computer Lab 2,COMPUTER_LAB,75,8,2,0,17,22.6,1,0,2026-09-09T08:00:00.088997,29.5,26.0,33.7,25.7
res-lab-03,Computer Lab 3,COMPUTER_LAB,60,8,2,0,5,7.7,1,0,2026-09-09T08:00:00.088997,9.4,4.5,33.6,28.7
res-lab-ai,AI & Data Science Lab,RESEARCH_LAB,50,8,2,0,15,30.4,7,0,2026-09-09T08:00:00.088997,34.6,36.6,40.8,55.7
res-lab-res,Advanced Research Lab,RESEARCH_LAB,40,8,2,0,9,22.9,3,0,2026-09-09T08:00:00.088997,21.1,27.2,31.8,19.4
res-sr-01,Study Room A,STUDY_ROOM,24,8,2,0,7,29.6,8,4,2026-09-09T08:00:00.088997,31.9,33.4,29.1,40.6
res-sr-02,Study Room B,STUDY_ROOM,20,8,2,0,3,16.0,0,2,2026-09-09T08:00:00.088997,17.4,9.6,16.3,21.1
res-sr-03,Study Room C,STUDY_ROOM,20,8,2,0,5,22.6,4,0,2026-09-09T08:00:00.088997,26.5,18.3,40.3,26.9
res-can-01,Main Canteen,CANTEEN,250,8,2,0,24,9.6,5,0,2026-09-09T08:00:00.088997,6.0,11.1,27.0,1.4
res-sem-01,Dr. Kalam Seminar Hall,SEMINAR_HALL,180,8,2,0,9,5.0,0,2,2026-09-09T08:00:00.088997,11.8,7.2,9.3,28.8
res-cls-01,Block A Classrooms (301-305),CLASSROOM,150,8,2,0,38,25.3,1,3,2026-09-09T08:00:00.088997,29.1,27.2,33.6,5.4
res-cls-02,Block B Classrooms (201-204),CLASSROOM,120,8,2,0,9,7.4,2,0,2026-09-09T08:00:00.088997,9.6,15.0,12.3,19.4
res-sac-01,Student Activity Center,ACTIVITY_CENTER,160,8,2,0,18,11.1,0,2,2026-09-09T08:00:00.088997,13.8,12.6,21.2,29.7
res-lib-01,Central Library,LIBRARY,200,9,2,0,34,16.8,5,0,2026-09-09T09:00:00.088997,20.5,29.0,12.5,18.3
res-lib-02,Digital Reading Hall,LIBRARY,120,9,2,0,23,18.8,0,7,2026-09-09T09:00:00.088997,17.4,20.5,28.7,14.4
res-lab-01,Computer Lab 1,COMPUTER_LAB,80,9,2,0,27,33.4,4,2,2026-09-09T09:00:00.088997,35.0,35.2,27.8,47.3
res-lab-02,Computer Lab 2,COMPUTER_LAB,75,9,2,0,24,32.0,3,3,2026-09-09T09:00:00.088997,36.8,29.4,55.3,44.4
res-lab-03,Computer Lab 3,COMPUTER_LAB,60,9,2,0,13,21.5,0,7,2026-09-09T09:00:00.088997,26.6,29.8,31.6,28.5
res-lab-ai,AI & Data Science Lab,RESEARCH_LAB,50,9,2,0,17,34.8,4,0,2026-09-09T09:00:00.088997,32.3,38.7,45.6,44.1
res-lab-res,Advanced Research Lab,RESEARCH_LAB,40,9,2,0,10,24.9,0,2,2026-09-09T09:00:00.088997,19.6,34.4,32.0,39.9
res-sr-01,Study Room A,STUDY_ROOM,24,9,2,0,4,16.5,5,4,2026-09-09T09:00:00.088997,20.9,20.8,29.8,18.1
res-sr-02,Study Room B,STUDY_ROOM,20,9,2,0,4,18.4,7,5,2026-09-09T09:00:00.088997,17.5,25.6,14.8,35.3
res-sr-03,Study Room C,STUDY_ROOM,20,9,2,0,3,16.8,0,0,2026-09-09T09:00:00.088997,17.7,20.0,13.9,31.5
res-can-01,Main Canteen,CANTEEN,250,9,2,0,28,11.0,0,0,2026-09-09T09:00:00.088997,17.2,25.9,14.7,13.7
res-sem-01,Dr. Kalam Seminar Hall,SEMINAR_HALL,180,9,2,0,13,7.0,0,0,2026-09-09T09:00:00.088997,11.9,0.5,26.8,17.8
res-cls-01,Block A Classrooms (301-305),CLASSROOM,150,9,2,0,76,50.4,5,4,2026-09-09T09:00:00.088997,45.4,64.3,58.7,65.7
res-cls-02,Block B Classrooms (201-204),CLASSROOM,120,9,2,0,31,25.6,0,3,2026-09-09T09:00:00.088997,26.5,35.7,14.5,34.4
res-sac-01,Student Activity Center,ACTIVITY_CENTER,160,9,2,0,20,12.6,2,2,2026-09-09T09:00:00.088997,11.8,13.3,19.6,11.8
res-lib-01,Central Library,LIBRARY,200,10,2,0,57,28.4,2,0,2026-09-09T10:00:00.088997,28.9,27.1,21.7,23.5
res-lib-02,Digital Reading Hall,LIBRARY,120,10,2,0,39,32.2,7,4,2026-09-09T10:00:00.088997,31.8,40.0,36.1,33.9
res-lab-01,Computer Lab 1,COMPUTER_LAB,80,10,2,0,34,42.2,0,3,2026-09-09T10:00:00.088997,44.8,46.6,46.4,40.8
res-lab-02,Computer Lab 2,COMPUTER_LAB,75,10,2,0,29,39.2,0,6,2026-09-09T10:00:00.088997,37.2,39.7,34.0,43.2
res-lab-03,Computer Lab 3,COMPUTER_LAB,60,10,2,0,11,18.9,3,4,2026-09-09T10:00:00.088997,23.0,17.3,23.9,19.5
res-lab-ai,AI & Data Science Lab,RESEARCH_LAB,50,10,2,0,18,35.3,0,6,2026-09-09T10:00:00.088997,40.9,51.3,39.6,53.9
res-lab-res,Advanced Research Lab,RESEARCH_LAB,40,10,2,0,12,29.1,1,0,2026-09-09T10:00:00.088997,23.6,38.4,20.2,34.7
res-sr-01,Study Room A,STUDY_ROOM,24,10,2,0,5,21.7,3,3,2026-09-09T10:00:00.088997,24.6,34.4,21.2,23.6
res-sr-02,Study Room B,STUDY_ROOM,20,10,2,0,2,11.9,3,3,2026-09-09T10:00:00.088997,15.7,24.0,9.3,41.9
res-sr-03,Study Room C,STUDY_ROOM,20,10,2,0,4,21.1,4,7,2026-09-09T10:00:00.088997,16.5,22.9,22.5,39.8
res-can-01,Main Canteen,CANTEEN,250,10,2,0,71,28.6,5,6,2026-09-09T10:00:00.088997,33.4,35.3,27.7,28.4
res-sem-01,Dr. Kalam Seminar Hall,SEMINAR_HALL,180,10,2,0,59,32.8,6,3,2026-09-09T10:00:00.088997,33.1,25.6,31.1,65.7
res-cls-01,Block A Classrooms (301-305),CLASSROOM,150,10,2,0,93,61.8,7,9,2026-09-09T10:00:00.088997,58.7,67.9,78.2,71.9
res-cls-02,Block B Classrooms (201-204),CLASSROOM,120,10,2,0,65,54.4,1,8,2026-09-09T10:00:00.088997,55.7,64.0,66.3,55.6
res-sac-01,Student Activity Center,ACTIVITY_CENTER,160,10,2,0,25,15.9,0,3,2026-09-09T10:00:00.088997,19.1,24.7,33.4,30.3
res-lib-01,Central Library,LIBRARY,200,11,2,0,51,25.6,0,0,2026-09-09T11:00:00.088997,32.3,39.2,31.4,36.1
res-lib-02,Digital Reading Hall,LIBRARY,120,11,2,0,59,49.3,9,6,2026-09-09T11:00:00.088997,59.0,49.0,53.9,62.0
res-lab-01,Computer Lab 1,COMPUTER_LAB,80,11,2,0,56,70.5,7,4,2026-09-09T11:00:00.088997,76.0,79.8,70.2,96.7
res-lab-02,Computer Lab 2,COMPUTER_LAB,75,11,2,0,47,62.6,7,6,2026-09-09T11:00:00.088997,66.8,62.4,70.8,46.7
res-lab-03,Computer Lab 3,COMPUTER_LAB,60,11,2,0,11,18.5,0,6,2026-09-09T11:00:00.088997,19.2,22.2,20.9,25.0
res-lab-ai,AI & Data Science Lab,RESEARCH_LAB,50,11,2,0,18,35.7,0,7,2026-09-09T11:00:00.088997,39.0,33.4,34.0,65.8
res-lab-res,Advanced Research Lab,RESEARCH_LAB,40,11,2,0,6,16.2,0,5,2026-09-09T11:00:00.088997,19.6,15.6,26.2,13.9
res-sr-01,Study Room A,STUDY_ROOM,24,11,2,0,6,24.4,6,4,2026-09-09T11:00:00.088997,27.8,40.0,32.4,20.2
res-sr-02,Study Room B,STUDY_ROOM,20,11,2,0,3,16.8,8,0,2026-09-09T11:00:00.088997,17.4,24.3,24.3,15.0
res-sr-03,Study Room C,STUDY_ROOM,20,11,2,0,4,19.5,9,2,2026-09-09T11:00:00.088997,17.9,15.2,29.8,42.7
res-can-01,Main Canteen,CANTEEN,250,11,2,0,135,53.9,6,3,2026-09-09T11:00:00.088997,51.6,63.9,70.1,45.4
res-sem-01,Dr. Kalam Seminar Hall,SEMINAR_HALL,180,11,2,0,96,53.4,8,9,2026-09-09T11:00:00.088997,50.0,50.2,60.0,69.4
res-cls-01,Block A Classrooms (301-305),CLASSROOM,150,11,2,0,123,82.2,11,7,2026-09-09T11:00:00.088997,80.1,94.6,81.5,100.0
res-cls-02,Block B Classrooms (201-204),CLASSROOM,120,11,2,0,71,58.9,11,7,2026-09-09T11:00:00.088997,60.4,60.8,63.9,74.1
res-sac-01,Student Activity Center,ACTIVITY_CENTER,160,11,2,0,24,15.3,0,1,2026-09-09T11:00:00.088997,17.6,7.5,27.4,13.6
res-lib-01,Central Library,LIBRARY,200,12,2,0,41,20.4,0,0,2026-09-09T12:00:00.088997,17.0,21.1,46.0,2.1
res-lib-02,Digital Reading Hall,LIBRARY,120,12,2,0,85,70.8,9,7,2026-09-09T12:00:00.088997,72.5,68.6,91.8,80.5
res-lab-01,Computer Lab 1,COMPUTER_LAB,80,12,2,0,63,78.3,6,6,2026-09-09T12:00:00.088997,76.5,86.4,79.8,92.3
res-lab-02,Computer Lab 2,COMPUTER_LAB,75,12,2,0,60,79.8,10,11,2026-09-09T12:00:00.088997,86.3,81.5,80.5,68.8
res-lab-03,Computer Lab 3,COMPUTER_LAB,60,12,2,0,25,41.2,5,0,2026-09-09T12:00:00.088997,40.0,45.8,48.5,52.9
res-lab-ai,AI & Data Science Lab,RESEARCH_LAB,50,12,2,0,24,47.2,7,9,2026-09-09T12:00:00.088997,58.3,49.8,59.7,42.1
res-lab-res,Advanced Research Lab,RESEARCH_LAB,40,12,2,0,8,20.8,2,3,2026-09-09T12:00:00.088997,12.7,29.9,29.9,6.1
res-sr-01,Study Room A,STUDY_ROOM,24,12,2,0,7,28.2,1,1,2026-09-09T12:00:00.088997,38.2,28.2,31.2,14.4
res-sr-02,Study Room B,STUDY_ROOM,20,12,2,0,4,18.4,2,0,2026-09-09T12:00:00.088997,18.2,19.7,25.7,11.5
res-sr-03,Study Room C,STUDY_ROOM,20,12,2,0,6,28.5,0,6,2026-09-09T12:00:00.088997,31.5,41.8,40.5,29.7
res-can-01,Main Canteen,CANTEEN,250,12,2,0,172,68.7,12,8,2026-09-09T12:00:00.088997,70.3,87.4,84.7,63.6
res-sem-01,Dr. Kalam Seminar Hall,SEMINAR_HALL,180,12,2,0,102,56.8,2,6,2026-09-09T12:00:00.088997,59.4,58.1,66.0,63.8
res-cls-01,Block A Classrooms (301-305),CLASSROOM,150,12,2,0,104,69.7,4,6,2026-09-09T12:00:00.088997,68.4,72.3,73.9,51.9
res-cls-02,Block B Classrooms (201-204),CLASSROOM,120,12,2,0,81,67.1,7,5,2026-09-09T12:00:00.088997,57.4,84.4,84.9,50.6
res-sac-01,Student Activity Center,ACTIVITY_CENTER,160,12,2,0,24,15.1,0,6,2026-09-09T12:00:00.088997,24.7,21.0,32.3,5.2
res-lib-01,Central Library,LIBRARY,200,13,2,0,85,42.4,3,4,2026-09-09T13:00:00.088997,42.6,46.1,33.6,29.5
res-lib-02,Digital Reading Hall,LIBRARY,120,13,2,0,99,82.3,6,6,2026-09-09T13:00:00.088997,79.2,93.2,55.4,84.2
res-lab-01,Computer Lab 1,COMPUTER_LAB,80,13,2,0,76,95.0,10,1,2026-09-09T13:00:00.088997,95.6,99.6,77.9,76.8
res-lab-02,Computer Lab 2,COMPUTER_LAB,75,13,2,0,70,93.2,13,6,2026-09-09T13:00:00.088997,88.9,96.3,83.3,87.2
res-lab-03,Computer Lab 3,COMPUTER_LAB,60,13,2,0,33,54.9,8,11,2026-09-09T13:00:00.088997,60.1,59.6,45.2,38.6
res-lab-ai,AI & Data Science Lab,RESEARCH_LAB,50,13,2,0,38,76.7,7,7,2026-09-09T13:00:00.088997,78.9,78.7,56.4,68.6
res-lab-res,Advanced Research Lab,RESEARCH_LAB,40,13,2,0,8,19.8,3,0,2026-09-09T13:00:00.088997,26.6,19.5,27.2,0.0
res-sr-01,Study Room A,STUDY_ROOM,24,13,2,0,8,33.5,5,0,2026-09-09T13:00:00.088997,37.2,46.2,5.6,27.6
res-sr-02,Study Room B,STUDY_ROOM,20,13,2,0,1,5.0,0,5,2026-09-09T13:00:00.088997,4.7,3.0,0.0,17.8
res-sr-03,Study Room C,STUDY_ROOM,20,13,2,0,8,40.6,1,8,2026-09-09T13:00:00.088997,50.0,44.9,21.4,53.7
res-can-01,Main Canteen,CANTEEN,250,13,2,0,203,81.4,11,5,2026-09-09T13:00:00.088997,83.2,85.4,76.4,86.8
res-sem-01,Dr. Kalam Seminar Hall,SEMINAR_HALL,180,13,2,0,132,73.5,5,11,2026-09-09T13:00:00.088997,76.8,82.6,78.7,48.2
res-cls-01,Block A Classrooms (301-305),CLASSROOM,150,13,2,0,78,51.9,4,0,2026-09-09T13:00:00.088997,55.3,71.9,27.3,39.5
res-cls-02,Block B Classrooms (201-204),CLASSROOM,120,13,2,0,90,74.7,9,7,2026-09-09T13:00:00.088997,71.5,81.1,59.9,36.4
res-sac-01,Student Activity Center,ACTIVITY_CENTER,160,13,2,0,32,19.8,5,2,2026-09-09T13:00:00.088997,22.7,31.2,13.8,18.6
res-lib-01,Central Library,LIBRARY,200,14,2,0,132,65.8,11,7,2026-09-09T14:00:00.088997,64.6,53.2,60.4,43.8
res-lib-02,Digital Reading Hall,LIBRARY,120,14,2,0,95,79.6,7,4,2026-09-09T14:00:00.088997,86.1,82.6,88.9,52.9
res-lab-01,Computer Lab 1,COMPUTER_LAB,80,14,2,0,76,95.0,7,7,2026-09-09T14:00:00.088997,89.3,97.4,83.4,95.8
res-lab-02,Computer Lab 2,COMPUTER_LAB,75,14,2,0,67,89.5,17,4,2026-09-09T14:00:00.088997,92.6,91.4,72.8,89.6
res-lab-03,Computer Lab 3,COMPUTER_LAB,60,14,2,0,44,73.2,8,4,2026-09-09T14:00:00.088997,68.3,80.5,65.2,70.6
res-lab-ai,AI & Data Science Lab,RESEARCH_LAB,50,14,2,0,42,83.7,7,11,2026-09-09T14:00:00.088997,76.3,76.2,76.0,73.0
res-lab-res,Advanced Research Lab,RESEARCH_LAB,40,14,2,0,17,42.1,6,6,2026-09-09T14:00:00.088997,43.0,31.2,31.5,44.4
res-sr-01,Study Room A,STUDY_ROOM,24,14,2,0,14,56.5,2,6,2026-09-09T14:00:00.088997,46.5,51.7,65.5,33.1
res-sr-02,Study Room B,STUDY_ROOM,20,14,2,0,5,23.5,5,0,2026-09-09T14:00:00.088997,18.9,22.0,9.8,8.6
res-sr-03,Study Room C,STUDY_ROOM,20,14,2,0,14,68.1,9,7,2026-09-09T14:00:00.088997,64.7,65.3,58.9,61.5
res-can-01,Main Canteen,CANTEEN,250,14,2,0,162,64.9,7,3,2026-09-09T14:00:00.088997,62.7,55.0,46.9,56.0
res-sem-01,Dr. Kalam Seminar Hall,SEMINAR_HALL,180,14,2,0,113,62.7,9,4,2026-09-09T14:00:00.088997,62.4,61.0,58.7,40.8
res-cls-01,Block A Classrooms (301-305),CLASSROOM,150,14,2,0,50,33.4,5,3,2026-09-09T14:00:00.088997,23.0,29.3,45.3,17.1
res-cls-02,Block B Classrooms (201-204),CLASSROOM,120,14,2,0,69,57.2,7,6,2026-09-09T14:00:00.088997,59.9,44.6,55.7,52.2
res-sac-01,Student Activity Center,ACTIVITY_CENTER,160,14,2,0,23,14.4,2,4,2026-09-09T14:00:00.088997,15.9,2.6,13.8,1.7
res-lib-01,Central Library,LIBRARY,200,15,2,0,164,82.2,10,7,2026-09-09T15:00:00.088997,84.9,76.7,64.1,65.4
res-lib-02,Digital Reading Hall,LIBRARY,120,15,2,0,85,70.8,12,8,2026-09-09T15:00:00.088997,65.4,80.7,65.2,74.1
res-lab-01,Computer Lab 1,COMPUTER_LAB,80,15,2,0,68,84.5,11,10,2026-09-09T15:00:00.088997,87.3,85.8,84.3,68.7
res-lab-02,Computer Lab 2,COMPUTER_LAB,75,15,2,0,55,72.8,9,10,2026-09-09T15:00:00.088997,69.9,74.2,77.9,49.8
res-lab-03,Computer Lab 3,COMPUTER_LAB,60,15,2,0,46,76.7,8,8,2026-09-09T15:00:00.088997,72.6,79.8,72.5,65.1
res-lab-ai,AI & Data Science Lab,RESEARCH_LAB,50,15,2,0,45,89.3,6,9,2026-09-09T15:00:00.088997,78.7,90.3,79.8,100.0
res-lab-res,Advanced Research Lab,RESEARCH_LAB,40,15,2,0,29,71.3,8,6,2026-09-09T15:00:00.088997,73.2,76.5,48.5,37.8
res-sr-01,Study Room A,STUDY_ROOM,24,15,2,0,16,67.6,9,8,2026-09-09T15:00:00.088997,69.9,55.4,38.7,65.9
res-sr-02,Study Room B,STUDY_ROOM,20,15,2,0,9,44.6,0,4,2026-09-09T15:00:00.088997,45.7,38.8,32.4,30.7
res-sr-03,Study Room C,STUDY_ROOM,20,15,2,0,15,75.6,5,5,2026-09-09T15:00:00.088997,75.7,72.6,69.2,51.7
res-can-01,Main Canteen,CANTEEN,250,15,2,0,128,51.3,0,5,2026-09-09T15:00:00.088997,55.0,37.4,38.0,43.2
res-sem-01,Dr. Kalam Seminar Hall,SEMINAR_HALL,180,15,2,0,94,52.0,4,3,2026-09-09T15:00:00.088997,42.2,47.7,62.4,43.4
res-cls-01,Block A Classrooms (301-305),CLASSROOM,150,15,2,0,15,9.9,2,0,2026-09-09T15:00:00.088997,4.7,9.9,3.9,0.0
res-cls-02,Block B Classrooms (201-204),CLASSROOM,120,15,2,0,47,39.0,8,5,2026-09-09T15:00:00.088997,34.8,40.0,26.5,17.6
res-sac-01,Student Activity Center,ACTIVITY_CENTER,160,15,2,0,56,34.7,0,4,2026-09-09T15:00:00.088997,25.4,22.4,8.1,21.7
res-lib-01,Central Library,LIBRARY,200,16,2,0,179,89.4,9,5,2026-09-09T16:00:00.088997,82.7,87.2,76.4,81.2
res-lib-02,Digital Reading Hall,LIBRARY,120,16,2,0,59,49.3,6,8,2026-09-09T16:00:00.088997,49.7,41.9,43.7,34.5
res-lab-01,Computer Lab 1,COMPUTER_LAB,80,16,2,0,54,67.9,7,6,2026-09-09T16:00:00.088997,66.8,57.0,50.8,39.3
res-lab-02,Computer Lab 2,COMPUTER_LAB,75,16,2,0,39,51.5,2,5,2026-09-09T16:00:00.088997,45.9,49.6,43.8,15.9
res-lab-03,Computer Lab 3,COMPUTER_LAB,60,16,2,0,45,74.5,11,4,2026-09-09T16:00:00.088997,74.2,64.4,67.4,47.3
res-lab-ai,AI & Data Science Lab,RESEARCH_LAB,50,16,2,0,40,79.7,8,7,2026-09-09T16:00:00.088997,76.1,67.6,68.1,70.9
res-lab-res,Advanced Research Lab,RESEARCH_LAB,40,16,2,0,31,76.7,9,5,2026-09-09T16:00:00.088997,79.4,64.6,73.1,78.9
res-sr-01,Study Room A,STUDY_ROOM,24,16,2,0,20,84.1,9,6,2026-09-09T16:00:00.088997,86.2,70.5,67.3,67.3
res-sr-02,Study Room B,STUDY_ROOM,20,16,2,0,14,70.0,9,4,2026-09-09T16:00:00.088997,66.8,61.3,55.6,69.8
res-sr-03,Study Room C,STUDY_ROOM,20,16,2,0,14,71.6,13,9,2026-09-09T16:00:00.088997,74.0,63.9,62.3,42.4
res-can-01,Main Canteen,CANTEEN,250,16,2,0,77,30.7,5,6,2026-09-09T16:00:00.088997,24.3,23.5,21.3,1.9
res-sem-01,Dr. Kalam Seminar Hall,SEMINAR_HALL,180,16,2,0,54,30.1,1,2,2026-09-09T16:00:00.088997,26.3,20.4,22.1,15.6
res-cls-01,Block A Classrooms (301-305),CLASSROOM,150,16,2,0,13,8.5,0,1,2026-09-09T16:00:00.088997,13.1,4.4,9.5,0.0
res-cls-02,Block B Classrooms (201-204),CLASSROOM,120,16,2,0,27,22.4,0,0,2026-09-09T16:00:00.088997,17.5,24.6,23.0,13.3
res-sac-01,Student Activity Center,ACTIVITY_CENTER,160,16,2,0,81,50.9,5,5,2026-09-09T16:00:00.088997,49.6,34.8,34.9,38.1
res-lib-01,Central Library,LIBRARY,200,17,2,0,168,84.0,3,7,2026-09-09T17:00:00.088997,82.6,84.1,82.3,79.0
res-lib-02,Digital Reading Hall,LIBRARY,120,17,2,0,34,28.6,0,1,2026-09-09T17:00:00.088997,30.6,32.0,27.0,21.8
res-lab-01,Computer Lab 1,COMPUTER_LAB,80,17,2,0,39,48.3,4,4,2026-09-09T17:00:00.088997,53.0,37.7,54.8,32.5
res-lab-02,Computer Lab 2,COMPUTER_LAB,75,17,2,0,32,42.1,0,5,2026-09-09T17:00:00.088997,37.2,28.6,36.1,42.2
res-lab-03,Computer Lab 3,COMPUTER_LAB,60,17,2,0,32,53.6,1,5,2026-09-09T17:00:00.088997,51.3,51.9,54.2,40.9
res-lab-ai,AI & Data Science Lab,RESEARCH_LAB,50,17,2,0,40,79.4,10,6,2026-09-09T17:00:00.088997,71.0,72.9,68.4,79.0
res-lab-res,Advanced Research Lab,RESEARCH_LAB,40,17,2,0,35,86.8,6,9,2026-09-09T17:00:00.088997,87.5,91.0,86.8,84.0
res-sr-01,Study Room A,STUDY_ROOM,24,17,2,0,20,82.4,11,11,2026-09-09T17:00:00.088997,75.0,75.3,67.4,74.9
res-sr-02,Study Room B,STUDY_ROOM,20,17,2,0,16,82.0,8,1,2026-09-09T17:00:00.088997,78.4,82.5,78.9,75.2
res-sr-03,Study Room C,STUDY_ROOM,20,17,2,0,13,64.0,3,7,2026-09-09T17:00:00.088997,58.6,72.1,61.1,45.0
res-can-01,Main Canteen,CANTEEN,250,17,2,0,19,7.6,0,0,2026-09-09T17:00:00.088997,10.0,3.7,0.0,18.2
res-sem-01,Dr. Kalam Seminar Hall,SEMINAR_HALL,180,17,2,0,9,5.2,2,0,2026-09-09T17:00:00.088997,4.6,2.1,0.0,17.4
res-cls-01,Block A Classrooms (301-305),CLASSROOM,150,17,2,0,23,15.2,0,0,2026-09-09T17:00:00.088997,14.6,10.7,10.4,5.5
res-cls-02,Block B Classrooms (201-204),CLASSROOM,120,17,2,0,14,12.0,5,2,2026-09-09T17:00:00.088997,5.8,15.2,18.8,37.8
res-sac-01,Student Activity Center,ACTIVITY_CENTER,160,17,2,0,108,67.4,8,0,2026-09-09T17:00:00.088997,67.6,59.1,76.7,46.1
res-lib-01,Central Library,LIBRARY,200,18,2,0,121,60.3,5,0,2026-09-09T18:00:00.088997,61.3,42.9,52.5,23.3
res-lib-02,Digital Reading Hall,LIBRARY,120,18,2,0,22,18.7,7,2,2026-09-09T18:00:00.088997,13.3,13.5,10.9,12.4
res-lab-01,Computer Lab 1,COMPUTER_LAB,80,18,2,0,24,29.5,5,0,2026-09-09T18:00:00.088997,25.0,21.6,27.2,17.8
res-lab-02,Computer Lab 2,COMPUTER_LAB,75,18,2,0,15,19.4,0,2,2026-09-09T18:00:00.088997,17.1,10.9,7.1,15.7
res-lab-03,Computer Lab 3,COMPUTER_LAB,60,18,2,0,21,35.7,4,10,2026-09-09T18:00:00.088997,28.0,19.6,34.8,15.6
res-lab-ai,AI & Data Science Lab,RESEARCH_LAB,50,18,2,0,26,51.5,3,4,2026-09-09T18:00:00.088997,55.9,51.3,51.3,22.5
res-lab-res,Advanced Research Lab,RESEARCH_LAB,40,18,2,0,29,72.3,0,4,2026-09-09T18:00:00.088997,74.1,70.4,62.3,60.0
res-sr-01,Study Room A,STUDY_ROOM,24,18,2,0,16,67.3,8,9,2026-09-09T18:00:00.088997,58.9,64.1,67.7,50.3
res-sr-02,Study Room B,STUDY_ROOM,20,18,2,0,16,79.9,18,7,2026-09-09T18:00:00.088997,79.5,70.5,73.6,73.5
res-sr-03,Study Room C,STUDY_ROOM,20,18,2,0,10,48.7,2,5,2026-09-09T18:00:00.088997,52.5,46.4,49.3,33.8
res-can-01,Main Canteen,CANTEEN,250,18,2,0,32,13.0,2,0,2026-09-09T18:00:00.088997,12.3,2.0,0.0,3.3
res-sem-01,Dr. Kalam Seminar Hall,SEMINAR_HALL,180,18,2,0,11,6.2,0,3,2026-09-09T18:00:00.088997,6.5,0.0,0.0,0.0
res-cls-01,Block A Classrooms (301-305),CLASSROOM,150,18,2,0,12,8.2,1,0,2026-09-09T18:00:00.088997,0.0,0.9,0.0,3.8
res-cls-02,Block B Classrooms (201-204),CLASSROOM,120,18,2,0,9,7.2,5,0,2026-09-09T18:00:00.088997,10.5,0.9,6.9,0.0
res-sac-01,Student Activity Center,ACTIVITY_CENTER,160,18,2,0,135,84.6,8,5,2026-09-09T18:00:00.088997,88.2,78.9,78.6,87.4
res-lib-01,Central Library,LIBRARY,200,19,2,0,87,43.7,7,2,2026-09-09T19:00:00.088997,41.1,39.1,22.2,22.3
res-lib-02,Digital Reading Hall,LIBRARY,120,19,2,0,30,25.4,5,2,2026-09-09T19:00:00.088997,24.4,18.6,29.6,11.0
res-lab-01,Computer Lab 1,COMPUTER_LAB,80,19,2,0,29,35.9,7,1,2026-09-09T19:00:00.088997,40.2,21.7,42.6,19.5
res-lab-02,Computer Lab 2,COMPUTER_LAB,75,19,2,0,18,24.0,0,1,2026-09-09T19:00:00.088997,17.9,15.4,14.8,23.5
res-lab-03,Computer Lab 3,COMPUTER_LAB,60,19,2,0,9,15.8,2,0,2026-09-09T19:00:00.088997,10.3,21.6,1.2,23.7
res-lab-ai,AI & Data Science Lab,RESEARCH_LAB,50,19,2,0,15,29.0,3,6,2026-09-09T19:00:00.088997,32.1,23.4,17.5,16.4
res-lab-res,Advanced Research Lab,RESEARCH_LAB,40,19,2,0,25,63.4,10,6,2026-09-09T19:00:00.088997,63.8,68.2,58.8,55.1
res-sr-01,Study Room A,STUDY_ROOM,24,19,2,0,11,46.8,0,5,2026-09-09T19:00:00.088997,44.4,38.7,41.0,34.1
res-sr-02,Study Room B,STUDY_ROOM,20,19,2,0,14,69.6,8,4,2026-09-09T19:00:00.088997,71.5,63.3,66.3,51.9
res-sr-03,Study Room C,STUDY_ROOM,20,19,2,0,5,24.2,3,2,2026-09-09T19:00:00.088997,24.1,17.6,0.0,7.0
res-can-01,Main Canteen,CANTEEN,250,19,2,0,33,13.2,0,0,2026-09-09T19:00:00.088997,15.1,3.9,0.0,0.0
res-sem-01,Dr. Kalam Seminar Hall,SEMINAR_HALL,180,19,2,0,9,5.0,0,0,2026-09-09T19:00:00.088997,5.0,0.0,0.0,14.8
res-cls-01,Block A Classrooms (301-305),CLASSROOM,150,19,2,0,13,8.6,1,0,2026-09-09T19:00:00.088997,3.2,0.1,0.0,0.9
res-cls-02,Block B Classrooms (201-204),CLASSROOM,120,19,2,0,23,19.4,0,0,2026-09-09T19:00:00.088997,17.1,16.8,13.8,22.8
res-sac-01,Student Activity Center,ACTIVITY_CENTER,160,19,2,0,99,62.2,0,4,2026-09-09T19:00:00.088997,64.6,47.8,27.1,57.0
res-lib-01,Central Library,LIBRARY,200,20,2,0,52,26.0,0,0,2026-09-09T20:00:00.088997,20.1,21.6,12.3,19.9
res-lib-02,Digital Reading Hall,LIBRARY,120,20,2,0,10,8.6,0,0,2026-09-09T20:00:00.088997,5.6,0.4,7.8,0.0
res-lab-01,Computer Lab 1,COMPUTER_LAB,80,20,2,0,28,35.2,5,9,2026-09-09T20:00:00.088997,31.3,32.1,10.9,0.0
res-lab-02,Computer Lab 2,COMPUTER_LAB,75,20,2,0,21,28.4,3,6,2026-09-09T20:00:00.088997,20.9,26.5,37.2,21.4
res-lab-03,Computer Lab 3,COMPUTER_LAB,60,20,2,0,10,16.1,1,0,2026-09-09T20:00:00.088997,19.5,7.4,12.6,0.0
res-lab-ai,AI & Data Science Lab,RESEARCH_LAB,50,20,2,0,13,25.3,7,1,2026-09-09T20:00:00.088997,29.1,19.8,0.7,24.0
res-lab-res,Advanced Research Lab,RESEARCH_LAB,40,20,2,0,16,40.4,6,4,2026-09-09T20:00:00.088997,32.2,36.4,52.2,34.3
res-sr-01,Study Room A,STUDY_ROOM,24,20,2,0,8,31.6,7,3,2026-09-09T20:00:00.088997,30.4,20.0,25.7,32.0
res-sr-02,Study Room B,STUDY_ROOM,20,20,2,0,9,44.5,9,4,2026-09-09T20:00:00.088997,39.0,45.5,34.0,41.7
res-sr-03,Study Room C,STUDY_ROOM,20,20,2,0,3,13.8,1,2,2026-09-09T20:00:00.088997,13.0,0.0,0.0,13.0
res-can-01,Main Canteen,CANTEEN,250,20,2,0,24,9.5,0,0,2026-09-09T20:00:00.088997,3.2,0.0,0.6,0.0
res-sem-01,Dr. Kalam Seminar Hall,SEMINAR_HALL,180,20,2,0,9,5.0,0,1,2026-09-09T20:00:00.088997,11.4,0.0,7.4,4.7
res-cls-01,Block A Classrooms (301-305),CLASSROOM,150,20,2,0,10,6.9,1,0,2026-09-09T20:00:00.088997,5.6,10.9,4.3,1.0
res-cls-02,Block B Classrooms (201-204),CLASSROOM,120,20,2,0,10,8.3,0,0,2026-09-09T20:00:00.088997,11.1,0.0,0.0,0.0
res-sac-01,Student Activity Center,ACTIVITY_CENTER,160,20,2,0,85,53.1,3,4,2026-09-09T20:00:00.088997,45.6,42.2,51.4,25.4
res-lib-01,Central Library,LIBRARY,200,21,2,0,37,18.6,0,4,2026-09-09T21:00:00.088997,15.8,10.8,11.0,0.0
res-lib-02,Digital Reading Hall,LIBRARY,120,21,2,0,26,22.0,3,0,2026-09-09T21:00:00.088997,24.0,10.2,24.1,11.8
res-lab-01,Computer Lab 1,COMPUTER_LAB,80,21,2,0,27,33.7,3,3,2026-09-09T21:00:00.088997,36.5,22.2,18.8,34.1
res-lab-02,Computer Lab 2,COMPUTER_LAB,75,21,2,0,17,22.6,5,7,2026-09-09T21:00:00.088997,19.0,21.7,4.2,19.7
res-lab-03,Computer Lab 3,COMPUTER_LAB,60,21,2,0,9,15.8,3,0,2026-09-09T21:00:00.088997,7.2,13.8,0.0,0.0
res-lab-ai,AI & Data Science Lab,RESEARCH_LAB,50,21,2,0,17,33.8,4,9,2026-09-09T21:00:00.088997,35.9,24.8,26.0,21.2
res-lab-res,Advanced Research Lab,RESEARCH_LAB,40,21,2,0,5,13.7,0,0,2026-09-09T21:00:00.088997,3.5,9.0,3.4,0.0
res-sr-01,Study Room A,STUDY_ROOM,24,21,2,0,5,21.6,4,2,2026-09-09T21:00:00.088997,18.3,20.2,19.7,13.3
res-sr-02,Study Room B,STUDY_ROOM,20,21,2,0,5,23.5,3,5,2026-09-09T21:00:00.088997,19.1,31.1,10.8,11.9
res-sr-03,Study Room C,STUDY_ROOM,20,21,2,0,2,12.3,2,0,2026-09-09T21:00:00.088997,8.1,0.8,5.5,12.2
res-can-01,Main Canteen,CANTEEN,250,21,2,0,31,12.6,0,7,2026-09-09T21:00:00.088997,11.8,2.9,6.0,2.7
res-sem-01,Dr. Kalam Seminar Hall,SEMINAR_HALL,180,21,2,0,9,5.0,1,0,2026-09-09T21:00:00.088997,1.4,0.0,0.0,0.0
res-cls-01,Block A Classrooms (301-305),CLASSROOM,150,21,2,0,19,12.3,3,3,2026-09-09T21:00:00.088997,11.6,4.1,11.9,0.0
res-cls-02,Block B Classrooms (201-204),CLASSROOM,120,21,2,0,8,6.4,0,3,2026-09-09T21:00:00.088997,8.2,4.3,8.0,0.0
res-sac-01,Student Activity Center,ACTIVITY_CENTER,160,21,2,0,63,39.2,4,6,2026-09-09T21:00:00.088997,36.7,31.9,36.0,37.7
res-lib-01,Central Library,LIBRARY,200,8,3,0,45,22.3,2,0,2026-09-10T08:00:00.088997,14.3,28.5,35.8,35.5
res-lib-02,Digital Reading Hall,LIBRARY,120,8,3,0,15,12.2,0,0,2026-09-10T08:00:00.088997,19.7,10.7,31.5,33.6
res-lab-01,Computer Lab 1,COMPUTER_LAB,80,8,3,0,25,31.4,0,4,2026-09-10T08:00:00.088997,30.0,37.0,35.1,20.0
res-lab-02,Computer Lab 2,COMPUTER_LAB,75,8,3,0,12,16.1,2,0,2026-09-10T08:00:00.088997,15.9,25.3,34.6,22.8
res-lab-03,Computer Lab 3,COMPUTER_LAB,60,8,3,0,8,13.6,3,0,2026-09-10T08:00:00.088997,16.5,21.9,27.8,0.4
res-lab-ai,AI & Data Science Lab,RESEARCH_LAB,50,8,3,0,13,27.0,0,2,2026-09-10T08:00:00.088997,30.9,40.9,30.5,31.0
res-lab-res,Advanced Research Lab,RESEARCH_LAB,40,8,3,0,10,24.6,3,6,2026-09-10T08:00:00.088997,27.8,22.7,20.6,16.0
res-sr-01,Study Room A,STUDY_ROOM,24,8,3,0,5,22.6,6,7,2026-09-10T08:00:00.088997,28.0,34.6,25.4,18.8
res-sr-02,Study Room B,STUDY_ROOM,20,8,3,0,4,18.4,3,2,2026-09-10T08:00:00.088997,21.9,25.3,38.0,43.9
res-sr-03,Study Room C,STUDY_ROOM,20,8,3,0,3,17.2,4,3,2026-09-10T08:00:00.088997,17.3,26.7,12.6,39.8
res-can-01,Main Canteen,CANTEEN,250,8,3,0,13,5.2,1,0,2026-09-10T08:00:00.088997,9.4,10.0,0.0,20.3
res-sem-01,Dr. Kalam Seminar Hall,SEMINAR_HALL,180,8,3,0,9,5.0,3,0,2026-09-10T08:00:00.088997,8.6,4.3,7.7,9.5
res-cls-01,Block A Classrooms (301-305),CLASSROOM,150,8,3,0,54,36.2,9,1,2026-09-10T08:00:00.088997,42.5,28.2,33.5,34.7
res-cls-02,Block B Classrooms (201-204),CLASSROOM,120,8,3,0,6,5.0,0,1,2026-09-10T08:00:00.088997,6.1,12.3,19.2,18.2
res-sac-01,Student Activity Center,ACTIVITY_CENTER,160,8,3,0,28,17.6,1,0,2026-09-10T08:00:00.088997,23.9,19.1,17.2,25.5
res-lib-01,Central Library,LIBRARY,200,9,3,0,43,21.3,1,3,2026-09-10T09:00:00.088997,24.7,21.0,25.0,44.2
res-lib-02,Digital Reading Hall,LIBRARY,120,9,3,0,26,22.0,8,5,2026-09-10T09:00:00.088997,28.6,18.7,36.9,31.3
res-lab-01,Computer Lab 1,COMPUTER_LAB,80,9,3,0,26,32.8,4,6,2026-09-10T09:00:00.088997,36.8,32.5,47.5,35.1
res-lab-02,Computer Lab 2,COMPUTER_LAB,75,9,3,0,19,25.9,2,1,2026-09-10T09:00:00.088997,30.9,24.6,51.4,14.0
res-lab-03,Computer Lab 3,COMPUTER_LAB,60,9,3,0,8,12.6,2,3,2026-09-10T09:00:00.088997,14.2,17.3,24.3,19.8
res-lab-ai,AI & Data Science Lab,RESEARCH_LAB,50,9,3,0,18,35.6,6,6,2026-09-10T09:00:00.088997,33.7,40.1,40.9,33.5
res-lab-res,Advanced Research Lab,RESEARCH_LAB,40,9,3,0,9,21.4,0,4,2026-09-10T09:00:00.088997,19.2,36.8,21.4,34.1
res-sr-01,Study Room A,STUDY_ROOM,24,9,3,0,6,23.2,1,4,2026-09-10T09:00:00.088997,20.3,36.9,31.3,26.0
res-sr-02,Study Room B,STUDY_ROOM,20,9,3,0,3,13.8,4,0,2026-09-10T09:00:00.088997,12.8,17.5,11.2,45.6
res-sr-03,Study Room C,STUDY_ROOM,20,9,3,0,3,12.7,4,1,2026-09-10T09:00:00.088997,10.8,17.7,27.8,20.5
res-can-01,Main Canteen,CANTEEN,250,9,3,0,37,14.8,4,4,2026-09-10T09:00:00.088997,14.9,13.3,17.3,27.1
res-sem-01,Dr. Kalam Seminar Hall,SEMINAR_HALL,180,9,3,0,13,7.2,0,0,2026-09-10T09:00:00.088997,9.8,10.5,26.8,22.2
res-cls-01,Block A Classrooms (301-305),CLASSROOM,150,9,3,0,86,57.3,6,8,2026-09-10T09:00:00.088997,65.8,70.1,55.4,64.2
res-cls-02,Block B Classrooms (201-204),CLASSROOM,120,9,3,0,25,20.4,3,4,2026-09-10T09:00:00.088997,19.1,25.8,10.2,47.7
res-sac-01,Student Activity Center,ACTIVITY_CENTER,160,9,3,0,21,13.0,1,0,2026-09-10T09:00:00.088997,19.5,0.9,20.8,21.7
res-lib-01,Central Library,LIBRARY,200,10,3,0,46,23.2,7,0,2026-09-10T10:00:00.088997,28.3,30.3,42.5,25.2
res-lib-02,Digital Reading Hall,LIBRARY,120,10,3,0,35,28.9,6,4,2026-09-10T10:00:00.088997,24.7,30.6,40.3,48.9
res-lab-01,Computer Lab 1,COMPUTER_LAB,80,10,3,0,35,44.1,0,5,2026-09-10T10:00:00.088997,41.2,37.0,26.6,63.8
res-lab-02,Computer Lab 2,COMPUTER_LAB,75,10,3,0,28,37.3,3,7,2026-09-10T10:00:00.088997,41.9,52.0,32.8,46.9
res-lab-03,Computer Lab 3,COMPUTER_LAB,60,10,3,0,5,8.5,0,0,2026-09-10T10:00:00.088997,13.0,13.8,22.1,27.0
res-lab-ai,AI & Data Science Lab,RESEARCH_LAB,50,10,3,0,19,38.6,3,1,2026-09-10T10:00:00.088997,41.6,38.8,60.0,45.2
res-lab-res,Advanced Research Lab,RESEARCH_LAB,40,10,3,0,7,17.7,0,3,2026-09-10T10:00:00.088997,19.1,18.9,40.7,17.5
res-sr-01,Study Room A,STUDY_ROOM,24,10,3,0,5,20.1,4,0,2026-09-10T10:00:00.088997,24.1,18.8,35.5,18.6
res-sr-02,Study Room B,STUDY_ROOM,20,10,3,0,4,17.8,5,4,2026-09-10T10:00:00.088997,20.8,21.4,20.6,45.4
res-sr-03,Study Room C,STUDY_ROOM,20,10,3,0,2,12.2,0,3,2026-09-10T10:00:00.088997,11.0,11.5,7.2,16.4
res-can-01,Main Canteen,CANTEEN,250,10,3,0,81,32.5,4,6,2026-09-10T10:00:00.088997,36.6,36.3,38.7,48.6
res-sem-01,Dr. Kalam Seminar Hall,SEMINAR_HALL,180,10,3,0,59,32.9,4,1,2026-09-10T10:00:00.088997,30.9,29.2,46.9,49.8
res-cls-01,Block A Classrooms (301-305),CLASSROOM,150,10,3,0,104,69.2,7,11,2026-09-10T10:00:00.088997,69.2,79.9,76.8,71.9
res-cls-02,Block B Classrooms (201-204),CLASSROOM,120,10,3,0,54,45.3,6,5,2026-09-10T10:00:00.088997,47.6,50.0,74.7,69.5
res-sac-01,Student Activity Center,ACTIVITY_CENTER,160,10,3,0,29,17.9,2,4,2026-09-10T10:00:00.088997,22.0,23.0,23.2,26.9
res-lib-01,Central Library,LIBRARY,200,11,3,0,25,12.3,2,0,2026-09-10T11:00:00.088997,20.7,17.4,9.6,21.7
res-lib-02,Digital Reading Hall,LIBRARY,120,11,3,0,58,48.7,7,5,2026-09-10T11:00:00.088997,54.5,49.0,57.0,42.3
res-lab-01,Computer Lab 1,COMPUTER_LAB,80,11,3,0,57,70.7,10,8,2026-09-10T11:00:00.088997,72.7,78.2,93.1,77.3
res-lab-02,Computer Lab 2,COMPUTER_LAB,75,11,3,0,44,58.4,3,3,2026-09-10T11:00:00.088997,60.8,70.1,64.1,65.6
res-lab-03,Computer Lab 3,COMPUTER_LAB,60,11,3,0,8,13.4,0,2,2026-09-10T11:00:00.088997,9.4,26.1,15.4,32.0
res-lab-ai,AI & Data Science Lab,RESEARCH_LAB,50,11,3,0,12,24.9,4,4,2026-09-10T11:00:00.088997,28.5,24.0,35.2,20.7
res-lab-res,Advanced Research Lab,RESEARCH_LAB,40,11,3,0,8,19.0,5,4,2026-09-10T11:00:00.088997,21.0,18.1,32.8,29.2
res-sr-01,Study Room A,STUDY_ROOM,24,11,3,0,3,10.7,3,0,2026-09-10T11:00:00.088997,17.5,9.1,0.0,24.1
res-sr-02,Study Room B,STUDY_ROOM,20,11,3,0,3,16.2,0,0,2026-09-10T11:00:00.088997,29.2,19.3,30.7,18.4
res-sr-03,Study Room C,STUDY_ROOM,20,11,3,0,1,6.6,0,0,2026-09-10T11:00:00.088997,7.0,11.0,17.0,14.8
res-can-01,Main Canteen,CANTEEN,250,11,3,0,117,47.0,7,0,2026-09-10T11:00:00.088997,40.8,56.4,59.5,56.3
res-sem-01,Dr. Kalam Seminar Hall,SEMINAR_HALL,180,11,3,0,75,41.4,2,3,2026-09-10T11:00:00.088997,37.1,42.0,55.3,68.6
res-cls-01,Block A Classrooms (301-305),CLASSROOM,150,11,3,0,110,73.3,11,1,2026-09-10T11:00:00.088997,78.0,73.5,84.1,80.3
res-cls-02,Block B Classrooms (201-204),CLASSROOM,120,11,3,0,78,65.4,5,8,2026-09-10T11:00:00.088997,66.2,69.4,71.7,65.2
res-sac-01,Student Activity Center,ACTIVITY_CENTER,160,11,3,0,24,14.9,1,2,2026-09-10T11:00:00.088997,17.3,24.7,31.3,12.3
res-lib-01,Central Library,LIBRARY,200,12,3,0,57,28.5,0,4,2026-09-10T12:00:00.088997,33.0,22.0,37.3,10.9
res-lib-02,Digital Reading Hall,LIBRARY,120,12,3,0,80,67.0,12,4,2026-09-10T12:00:00.088997,65.8,72.5,81.2,53.3
res-lab-01,Computer Lab 1,COMPUTER_LAB,80,12,3,0,72,89.7,12,2,2026-09-10T12:00:00.088997,89.6,91.4,100.0,46.2
res-lab-02,Computer Lab 2,COMPUTER_LAB,75,12,3,0,64,85.3,11,8,2026-09-10T12:00:00.088997,92.0,100.0,100.0,84.7
res-lab-03,Computer Lab 3,COMPUTER_LAB,60,12,3,0,23,38.3,4,2,2026-09-10T12:00:00.088997,37.0,39.2,34.1,25.4
res-lab-ai,AI & Data Science Lab,RESEARCH_LAB,50,12,3,0,23,46.0,6,4,2026-09-10T12:00:00.088997,48.6,47.9,81.7,50.4
res-lab-res,Advanced Research Lab,RESEARCH_LAB,40,12,3,0,6,15.0,2,0,2026-09-10T12:00:00.088997,13.0,12.0,26.9,0.0
res-sr-01,Study Room A,STUDY_ROOM,24,12,3,0,6,23.9,5,6,2026-09-10T12:00:00.088997,22.5,31.7,37.6,6.2
res-sr-02,Study Room B,STUDY_ROOM,20,12,3,0,2,11.9,6,1,2026-09-10T12:00:00.088997,16.5,12.0,8.9,0.0
res-sr-03,Study Room C,STUDY_ROOM,20,12,3,0,5,26.3,0,2,2026-09-10T12:00:00.088997,21.5,24.6,40.3,21.5
res-can-01,Main Canteen,CANTEEN,250,12,3,0,163,65.3,4,3,2026-09-10T12:00:00.088997,65.8,74.2,81.7,47.3
res-sem-01,Dr. Kalam Seminar Hall,SEMINAR_HALL,180,12,3,0,103,57.3,7,3,2026-09-10T12:00:00.088997,57.2,70.2,72.7,47.2
res-cls-01,Block A Classrooms (301-305),CLASSROOM,150,12,3,0,93,61.8,8,9,2026-09-10T12:00:00.088997,62.3,74.9,81.4,69.8
res-cls-02,Block B Classrooms (201-204),CLASSROOM,120,12,3,0,88,73.3,10,11,2026-09-10T12:00:00.088997,77.1,75.3,77.3,64.2
res-sac-01,Student Activity Center,ACTIVITY_CENTER,160,12,3,0,16,9.8,0,4,2026-09-10T12:00:00.088997,3.1,24.0,27.9,0.0
res-lib-01,Central Library,LIBRARY,200,13,3,0,100,50.0,6,8,2026-09-10T13:00:00.088997,55.9,46.6,47.2,35.5
res-lib-02,Digital Reading Hall,LIBRARY,120,13,3,0,99,82.5,7,13,2026-09-10T13:00:00.088997,88.6,83.0,62.4,65.8
res-lab-01,Computer Lab 1,COMPUTER_LAB,80,13,3,0,76,95.0,12,13,2026-09-10T13:00:00.088997,100.0,100.0,89.9,66.3
res-lab-02,Computer Lab 2,COMPUTER_LAB,75,13,3,0,65,86.3,13,8,2026-09-10T13:00:00.088997,90.4,89.4,69.1,72.9
res-lab-03,Computer Lab 3,COMPUTER_LAB,60,13,3,0,35,58.3,5,5,2026-09-10T13:00:00.088997,56.5,70.0,47.6,63.7
res-lab-ai,AI & Data Science Lab,RESEARCH_LAB,50,13,3,0,39,78.1,9,4,2026-09-10T13:00:00.088997,71.8,74.3,57.8,82.7
res-lab-res,Advanced Research Lab,RESEARCH_LAB,40,13,3,0,8,20.5,3,0,2026-09-10T13:00:00.088997,17.7,30.8,15.0,6.7
res-sr-01,Study Room A,STUDY_ROOM,24,13,3,0,8,34.1,8,2,2026-09-10T13:00:00.088997,36.3,40.2,47.6,0.0
res-sr-02,Study Room B,STUDY_ROOM,20,13,3,0,4,17.7,1,3,2026-09-10T13:00:00.088997,17.1,22.4,16.1,43.1
res-sr-03,Study Room C,STUDY_ROOM,20,13,3,0,10,51.1,3,3,2026-09-10T13:00:00.088997,51.3,45.3,40.1,47.9
res-can-01,Main Canteen,CANTEEN,250,13,3,0,175,69.9,11,8,2026-09-10T13:00:00.088997,69.0,74.1,76.3,66.7
res-sem-01,Dr. Kalam Seminar Hall,SEMINAR_HALL,180,13,3,0,126,70.0,7,7,2026-09-10T13:00:00.088997,70.0,62.4,80.4,59.9
res-cls-01,Block A Classrooms (301-305),CLASSROOM,150,13,3,0,80,53.6,6,3,2026-09-10T13:00:00.088997,54.9,49.0,66.1,26.8
res-cls-02,Block B Classrooms (201-204),CLASSROOM,120,13,3,0,82,68.0,6,10,2026-09-10T13:00:00.088997,70.1,65.6,71.3,64.8
res-sac-01,Student Activity Center,ACTIVITY_CENTER,160,13,3,0,27,17.2,4,8,2026-09-10T13:00:00.088997,27.9,18.0,23.8,9.8
res-lib-01,Central Library,LIBRARY,200,14,3,0,138,69.0,3,6,2026-09-10T14:00:00.088997,63.8,69.0,70.7,32.1
res-lib-02,Digital Reading Hall,LIBRARY,120,14,3,0,98,82.0,13,7,2026-09-10T14:00:00.088997,83.0,79.1,77.1,66.8
res-lab-01,Computer Lab 1,COMPUTER_LAB,80,14,3,0,74,92.3,7,11,2026-09-10T14:00:00.088997,90.3,86.4,80.4,76.6
res-lab-02,Computer Lab 2,COMPUTER_LAB,75,14,3,0,68,91.3,9,5,2026-09-10T14:00:00.088997,92.3,85.1,83.6,98.6
res-lab-03,Computer Lab 3,COMPUTER_LAB,60,14,3,0,43,71.8,9,3,2026-09-10T14:00:00.088997,68.9,70.4,49.8,62.2
res-lab-ai,AI & Data Science Lab,RESEARCH_LAB,50,14,3,0,44,87.3,10,11,2026-09-10T14:00:00.088997,86.6,91.1,70.3,76.9
res-lab-res,Advanced Research Lab,RESEARCH_LAB,40,14,3,0,17,43.1,1,7,2026-09-10T14:00:00.088997,50.4,38.0,39.7,32.1
res-sr-01,Study Room A,STUDY_ROOM,24,14,3,0,12,50.0,0,2,2026-09-10T14:00:00.088997,42.5,55.3,41.0,33.9
res-sr-02,Study Room B,STUDY_ROOM,20,14,3,0,6,30.4,0,0,2026-09-10T14:00:00.088997,28.6,31.5,26.9,21.3
res-sr-03,Study Room C,STUDY_ROOM,20,14,3,0,13,65.4,9,7,2026-09-10T14:00:00.088997,59.3,60.7,47.7,54.4
res-can-01,Main Canteen,CANTEEN,250,14,3,0,162,65.0,15,6,2026-09-10T14:00:00.088997,57.3,59.1,61.6,73.0
res-sem-01,Dr. Kalam Seminar Hall,SEMINAR_HALL,180,14,3,0,107,59.5,2,8,2026-09-10T14:00:00.088997,52.0,51.9,49.2,46.7
res-cls-01,Block A Classrooms (301-305),CLASSROOM,150,14,3,0,53,35.5,2,2,2026-09-10T14:00:00.088997,33.5,31.4,28.4,28.8
res-cls-02,Block B Classrooms (201-204),CLASSROOM,120,14,3,0,76,63.4,8,7,2026-09-10T14:00:00.088997,55.1,58.8,59.8,60.2
res-sac-01,Student Activity Center,ACTIVITY_CENTER,160,14,3,0,20,12.2,0,0,2026-09-10T14:00:00.088997,12.4,13.4,0.6,11.1
res-lib-01,Central Library,LIBRARY,200,15,3,0,165,82.4,9,7,2026-09-10T15:00:00.088997,83.4,79.3,94.9,60.1
res-lib-02,Digital Reading Hall,LIBRARY,120,15,3,0,87,72.1,7,4,2026-09-10T15:00:00.088997,70.1,68.0,90.4,57.9
res-lab-01,Computer Lab 1,COMPUTER_LAB,80,15,3,0,64,80.6,10,1,2026-09-10T15:00:00.088997,78.2,75.6,79.7,80.2
res-lab-02,Computer Lab 2,COMPUTER_LAB,75,15,3,0,55,73.1,8,5,2026-09-10T15:00:00.088997,66.5,69.9,53.6,56.1
res-lab-03,Computer Lab 3,COMPUTER_LAB,60,15,3,0,46,76.0,10,13,2026-09-10T15:00:00.088997,68.8,59.9,66.9,64.2
res-lab-ai,AI & Data Science Lab,RESEARCH_LAB,50,15,3,0,48,95.0,10,8,2026-09-10T15:00:00.088997,94.5,96.2,69.4,78.6
res-lab-res,Advanced Research Lab,RESEARCH_LAB,40,15,3,0,25,62.9,4,11,2026-09-10T15:00:00.088997,58.3,57.6,59.9,43.8
res-sr-01,Study Room A,STUDY_ROOM,24,15,3,0,15,62.7,6,9,2026-09-10T15:00:00.088997,59.3,52.6,63.0,46.7
res-sr-02,Study Room B,STUDY_ROOM,20,15,3,0,9,45.8,5,6,2026-09-10T15:00:00.088997,53.4,45.8,48.3,27.8
res-sr-03,Study Room C,STUDY_ROOM,20,15,3,0,15,73.0,8,7,2026-09-10T15:00:00.088997,66.7,67.0,68.6,65.3
res-can-01,Main Canteen,CANTEEN,250,15,3,0,135,54.0,7,3,2026-09-10T15:00:00.088997,50.0,41.8,62.1,42.2
res-sem-01,Dr. Kalam Seminar Hall,SEMINAR_HALL,180,15,3,0,83,46.1,2,13,2026-09-10T15:00:00.088997,39.8,38.5,41.9,41.3
res-cls-01,Block A Classrooms (301-305),CLASSROOM,150,15,3,0,21,13.8,7,2,2026-09-10T15:00:00.088997,7.6,7.3,8.6,26.7
res-cls-02,Block B Classrooms (201-204),CLASSROOM,120,15,3,0,45,37.3,8,4,2026-09-10T15:00:00.088997,38.6,31.7,21.7,34.3
res-sac-01,Student Activity Center,ACTIVITY_CENTER,160,15,3,0,65,40.4,7,3,2026-09-10T15:00:00.088997,36.0,26.0,39.8,33.5
res-lib-01,Central Library,LIBRARY,200,16,3,0,172,86.1,8,7,2026-09-10T16:00:00.088997,78.2,76.2,67.9,69.2
res-lib-02,Digital Reading Hall,LIBRARY,120,16,3,0,60,49.9,1,11,2026-09-10T16:00:00.088997,52.9,40.3,44.4,42.9
res-lab-01,Computer Lab 1,COMPUTER_LAB,80,16,3,0,58,72.6,6,10,2026-09-10T16:00:00.088997,68.5,59.6,71.2,76.1
res-lab-02,Computer Lab 2,COMPUTER_LAB,75,16,3,0,51,68.2,4,8,2026-09-10T16:00:00.088997,64.6,67.9,47.0,41.1
res-lab-03,Computer Lab 3,COMPUTER_LAB,60,16,3,0,41,68.8,8,4,2026-09-10T16:00:00.088997,69.4,69.9,66.2,76.2
res-lab-ai,AI & Data Science Lab,RESEARCH_LAB,50,16,3,0,44,88.5,6,12,2026-09-10T16:00:00.088997,84.1,89.0,94.7,82.0
res-lab-res,Advanced Research Lab,RESEARCH_LAB,40,16,3,0,28,70.9,5,11,2026-09-10T16:00:00.088997,68.2,66.4,69.7,67.2
res-sr-01,Study Room A,STUDY_ROOM,24,16,3,0,20,83.2,9,7,2026-09-10T16:00:00.088997,84.7,81.6,72.9,84.2
res-sr-02,Study Room B,STUDY_ROOM,20,16,3,0,13,64.6,5,4,2026-09-10T16:00:00.088997,58.6,57.9,67.7,42.9
res-sr-03,Study Room C,STUDY_ROOM,20,16,3,0,16,77.9,7,7,2026-09-10T16:00:00.088997,69.8,71.6,68.1,72.4
res-can-01,Main Canteen,CANTEEN,250,16,3,0,84,33.7,0,6,2026-09-10T16:00:00.088997,32.5,29.9,25.6,15.5
res-sem-01,Dr. Kalam Seminar Hall,SEMINAR_HALL,180,16,3,0,52,28.7,4,0,2026-09-10T16:00:00.088997,24.5,22.1,23.0,31.0
res-cls-01,Block A Classrooms (301-305),CLASSROOM,150,16,3,0,10,6.9,0,0,2026-09-10T16:00:00.088997,1.7,0.0,5.9,0.0
res-cls-02,Block B Classrooms (201-204),CLASSROOM,120,16,3,0,28,23.5,0,0,2026-09-10T16:00:00.088997,20.2,28.6,13.0,0.0
res-sac-01,Student Activity Center,ACTIVITY_CENTER,160,16,3,0,78,49.0,5,6,2026-09-10T16:00:00.088997,48.5,45.0,51.5,30.5
res-lib-01,Central Library,LIBRARY,200,17,3,0,171,85.5,5,5,2026-09-10T17:00:00.088997,76.2,78.8,77.0,74.8
res-lib-02,Digital Reading Hall,LIBRARY,120,17,3,0,38,32.0,1,2,2026-09-10T17:00:00.088997,24.1,35.2,21.3,14.2
res-lab-01,Computer Lab 1,COMPUTER_LAB,80,17,3,0,43,53.2,2,1,2026-09-10T17:00:00.088997,46.8,47.7,49.0,50.0
res-lab-02,Computer Lab 2,COMPUTER_LAB,75,17,3,0,35,47.1,0,6,2026-09-10T17:00:00.088997,42.9,38.6,33.5,24.2
res-lab-03,Computer Lab 3,COMPUTER_LAB,60,17,3,0,38,63.8,10,6,2026-09-10T17:00:00.088997,67.2,49.7,43.8,25.6
res-lab-ai,AI & Data Science Lab,RESEARCH_LAB,50,17,3,0,35,69.2,8,7,2026-09-10T17:00:00.088997,67.8,55.8,68.4,60.1
res-lab-res,Advanced Research Lab,RESEARCH_LAB,40,17,3,0,35,87.9,4,9,2026-09-10T17:00:00.088997,81.2,80.5,84.7,77.0
res-sr-01,Study Room A,STUDY_ROOM,24,17,3,0,19,78.7,9,3,2026-09-10T17:00:00.088997,81.3,72.5,80.8,60.4
res-sr-02,Study Room B,STUDY_ROOM,20,17,3,0,15,75.0,6,10,2026-09-10T17:00:00.088997,70.2,73.9,63.6,39.3
res-sr-03,Study Room C,STUDY_ROOM,20,17,3,0,13,62.8,3,6,2026-09-10T17:00:00.088997,56.0,63.3,54.0,48.7
res-can-01,Main Canteen,CANTEEN,250,17,3,0,32,12.6,4,1,2026-09-10T17:00:00.088997,7.5,0.0,0.0,0.0
res-sem-01,Dr. Kalam Seminar Hall,SEMINAR_HALL,180,17,3,0,10,5.4,0,2,2026-09-10T17:00:00.088997,1.0,0.1,8.1,0.0
res-cls-01,Block A Classrooms (301-305),CLASSROOM,150,17,3,0,15,9.8,0,0,2026-09-10T17:00:00.088997,4.4,1.5,8.6,0.0
res-cls-02,Block B Classrooms (201-204),CLASSROOM,120,17,3,0,6,5.0,5,1,2026-09-10T17:00:00.088997,0.0,0.0,0.0,13.5
res-sac-01,Student Activity Center,ACTIVITY_CENTER,160,17,3,0,108,67.4,11,10,2026-09-10T17:00:00.088997,62.9,60.8,50.1,53.0
res-lib-01,Central Library,LIBRARY,200,18,3,0,134,66.9,10,9,2026-09-10T18:00:00.088997,61.9,50.1,58.7,58.4
res-lib-02,Digital Reading Hall,LIBRARY,120,18,3,0,25,21.0,1,2,2026-09-10T18:00:00.088997,25.1,18.3,9.6,3.0
res-lab-01,Computer Lab 1,COMPUTER_LAB,80,18,3,0,27,34.3,9,2,2026-09-10T18:00:00.088997,32.2,26.4,36.2,45.8
res-lab-02,Computer Lab 2,COMPUTER_LAB,75,18,3,0,20,26.8,3,2,2026-09-10T18:00:00.088997,15.3,26.3,20.0,19.9
res-lab-03,Computer Lab 3,COMPUTER_LAB,60,18,3,0,21,34.9,3,2,2026-09-10T18:00:00.088997,37.0,27.7,45.7,28.1
res-lab-ai,AI & Data Science Lab,RESEARCH_LAB,50,18,3,0,24,47.7,5,2,2026-09-10T18:00:00.088997,36.9,52.3,46.0,42.1
res-lab-res,Advanced Research Lab,RESEARCH_LAB,40,18,3,0,31,77.5,5,6,2026-09-10T18:00:00.088997,78.9,66.2,46.8,62.8
res-sr-01,Study Room A,STUDY_ROOM,24,18,3,0,17,69.5,8,9,2026-09-10T18:00:00.088997,70.1,66.1,72.3,39.3
res-sr-02,Study Room B,STUDY_ROOM,20,18,3,0,16,79.1,11,4,2026-09-10T18:00:00.088997,71.1,69.7,65.2,76.2
res-sr-03,Study Room C,STUDY_ROOM,20,18,3,0,9,45.4,2,2,2026-09-10T18:00:00.088997,47.9,40.5,35.8,32.1
res-can-01,Main Canteen,CANTEEN,250,18,3,0,38,15.2,0,5,2026-09-10T18:00:00.088997,14.0,9.2,29.7,0.0
res-sem-01,Dr. Kalam Seminar Hall,SEMINAR_HALL,180,18,3,0,9,5.0,0,3,2026-09-10T18:00:00.088997,9.8,10.0,8.0,0.0
res-cls-01,Block A Classrooms (301-305),CLASSROOM,150,18,3,0,13,8.5,0,6,2026-09-10T18:00:00.088997,8.4,0.6,12.5,0.0
res-cls-02,Block B Classrooms (201-204),CLASSROOM,120,18,3,0,14,11.6,0,3,2026-09-10T18:00:00.088997,9.4,0.0,4.3,12.2
res-sac-01,Student Activity Center,ACTIVITY_CENTER,160,18,3,0,128,79.9,11,4,2026-09-10T18:00:00.088997,77.8,71.1,78.6,68.3
res-lib-01,Central Library,LIBRARY,200,19,3,0,101,50.5,9,7,2026-09-10T19:00:00.088997,49.6,39.6,42.5,32.1
res-lib-02,Digital Reading Hall,LIBRARY,120,19,3,0,22,18.6,1,0,2026-09-10T19:00:00.088997,8.8,9.6,12.4,0.0
res-lab-01,Computer Lab 1,COMPUTER_LAB,80,19,3,0,28,35.1,9,6,2026-09-10T19:00:00.088997,39.6,32.4,37.6,14.4
res-lab-02,Computer Lab 2,COMPUTER_LAB,75,19,3,0,17,22.4,0,5,2026-09-10T19:00:00.088997,26.6,14.1,12.1,1.4
res-lab-03,Computer Lab 3,COMPUTER_LAB,60,19,3,0,10,16.5,5,0,2026-09-10T19:00:00.088997,16.2,9.9,9.6,10.0
res-lab-ai,AI & Data Science Lab,RESEARCH_LAB,50,19,3,0,15,29.2,3,2,2026-09-10T19:00:00.088997,31.1,26.8,23.2,2.0
res-lab-res,Advanced Research Lab,RESEARCH_LAB,40,19,3,0,24,60.5,9,6,2026-09-10T19:00:00.088997,61.1,66.1,61.9,49.6
res-sr-01,Study Room A,STUDY_ROOM,24,19,3,0,12,50.8,0,4,2026-09-10T19:00:00.088997,47.5,48.2,41.5,35.0
res-sr-02,Study Room B,STUDY_ROOM,20,19,3,0,12,58.0,4,7,2026-09-10T19:00:00.088997,62.8,52.4,52.9,57.4
res-sr-03,Study Room C,STUDY_ROOM,20,19,3,0,5,23.6,3,0,2026-09-10T19:00:00.088997,25.0,19.5,18.2,2.2
res-can-01,Main Canteen,CANTEEN,250,19,3,0,32,12.8,7,0,2026-09-10T19:00:00.088997,9.5,9.2,11.9,0.0
res-sem-01,Dr. Kalam Seminar Hall,SEMINAR_HALL,180,19,3,0,9,5.0,4,2,2026-09-10T19:00:00.088997,0.0,0.0,11.1,10.4
res-cls-01,Block A Classrooms (301-305),CLASSROOM,150,19,3,0,21,13.8,1,1,2026-09-10T19:00:00.088997,11.2,15.5,0.0,0.0
res-cls-02,Block B Classrooms (201-204),CLASSROOM,120,19,3,0,17,14.0,1,5,2026-09-10T19:00:00.088997,9.4,8.7,0.0,2.1
res-sac-01,Student Activity Center,ACTIVITY_CENTER,160,19,3,0,106,66.0,6,2,2026-09-10T19:00:00.088997,66.7,65.3,42.4,70.0
res-lib-01,Central Library,LIBRARY,200,20,3,0,70,35.0,4,1,2026-09-10T20:00:00.088997,44.3,22.1,27.2,25.1
res-lib-02,Digital Reading Hall,LIBRARY,120,20,3,0,30,25.4,4,1,2026-09-10T20:00:00.088997,19.6,18.3,8.3,14.0
res-lab-01,Computer Lab 1,COMPUTER_LAB,80,20,3,0,26,32.7,0,7,2026-09-10T20:00:00.088997,28.8,20.1,23.2,21.6
res-lab-02,Computer Lab 2,COMPUTER_LAB,75,20,3,0,14,18.0,3,0,2026-09-10T20:00:00.088997,22.9,16.2,6.4,0.0
res-lab-03,Computer Lab 3,COMPUTER_LAB,60,20,3,0,9,14.6,3,1,2026-09-10T20:00:00.088997,11.7,9.9,1.1,0.0
res-lab-ai,AI & Data Science Lab,RESEARCH_LAB,50,20,3,0,11,21.7,5,3,2026-09-10T20:00:00.088997,16.6,28.0,14.4,0.0
res-lab-res,Advanced Research Lab,RESEARCH_LAB,40,20,3,0,18,46.2,6,5,2026-09-10T20:00:00.088997,42.5,43.9,35.9,40.9
res-sr-01,Study Room A,STUDY_ROOM,24,20,3,0,6,24.2,1,7,2026-09-10T20:00:00.088997,19.1,15.6,12.1,0.0
res-sr-02,Study Room B,STUDY_ROOM,20,20,3,0,8,39.0,3,4,2026-09-10T20:00:00.088997,36.8,33.2,31.4,39.3
res-sr-03,Study Room C,STUDY_ROOM,20,20,3,0,3,14.2,0,0,2026-09-10T20:00:00.088997,14.6,17.7,0.6,3.4
res-can-01,Main Canteen,CANTEEN,250,20,3,0,28,11.4,0,1,2026-09-10T20:00:00.088997,3.5,0.0,6.7,0.0
res-sem-01,Dr. Kalam Seminar Hall,SEMINAR_HALL,180,20,3,0,10,5.8,0,0,2026-09-10T20:00:00.088997,3.6,0.0,10.3,0.0
res-cls-01,Block A Classrooms (301-305),CLASSROOM,150,20,3,0,14,9.2,0,2,2026-09-10T20:00:00.088997,5.9,1.1,8.9,0.0
res-cls-02,Block B Classrooms (201-204),CLASSROOM,120,20,3,0,14,12.1,0,0,2026-09-10T20:00:00.088997,10.5,5.2,9.7,0.0
res-sac-01,Student Activity Center,ACTIVITY_CENTER,160,20,3,0,93,57.8,2,11,2026-09-10T20:00:00.088997,55.2,57.0,42.3,49.5
res-lib-01,Central Library,LIBRARY,200,21,3,0,40,19.8,3,0,2026-09-10T21:00:00.088997,17.9,19.0,0.7,0.0
res-lib-02,Digital Reading Hall,LIBRARY,120,21,3,0,26,21.8,8,1,2026-09-10T21:00:00.088997,22.2,16.2,31.3,0.0
res-lab-01,Computer Lab 1,COMPUTER_LAB,80,21,3,0,28,35.4,0,0,2026-09-10T21:00:00.088997,34.6,31.2,24.8,22.1
res-lab-02,Computer Lab 2,COMPUTER_LAB,75,21,3,0,28,37.4,3,5,2026-09-10T21:00:00.088997,32.8,34.2,27.2,20.5
res-lab-03,Computer Lab 3,COMPUTER_LAB,60,21,3,0,13,22.3,6,2,2026-09-10T21:00:00.088997,11.1,15.1,38.6,7.5
res-lab-ai,AI & Data Science Lab,RESEARCH_LAB,50,21,3,0,17,34.4,8,4,2026-09-10T21:00:00.088997,29.0,14.8,32.6,12.6
res-lab-res,Advanced Research Lab,RESEARCH_LAB,40,21,3,0,8,20.7,0,1,2026-09-10T21:00:00.088997,18.8,17.3,2.7,23.1
res-sr-01,Study Room A,STUDY_ROOM,24,21,3,0,4,17.6,0,1,2026-09-10T21:00:00.088997,15.7,13.6,21.9,2.8
res-sr-02,Study Room B,STUDY_ROOM,20,21,3,0,5,26.3,0,5,2026-09-10T21:00:00.088997,25.1,18.8,1.2,31.7
res-sr-03,Study Room C,STUDY_ROOM,20,21,3,0,2,10.1,0,2,2026-09-10T21:00:00.088997,3.3,0.0,0.0,6.7
res-can-01,Main Canteen,CANTEEN,250,21,3,0,20,7.8,9,0,2026-09-10T21:00:00.088997,2.1,0.0,2.0,0.0
res-sem-01,Dr. Kalam Seminar Hall,SEMINAR_HALL,180,21,3,0,13,7.4,0,0,2026-09-10T21:00:00.088997,0.0,0.0,0.0,0.0
res-cls-01,Block A Classrooms (301-305),CLASSROOM,150,21,3,0,11,7.5,4,4,2026-09-10T21:00:00.088997,4.1,0.0,0.0,0.0
res-cls-02,Block B Classrooms (201-204),CLASSROOM,120,21,3,0,9,7.4,0,0,2026-09-10T21:00:00.088997,3.8,0.0,1.2,0.0
res-sac-01,Student Activity Center,ACTIVITY_CENTER,160,21,3,0,55,34.1,7,0,2026-09-10T21:00:00.088997,25.7,31.4,18.8,26.0
res-lib-01,Central Library,LIBRARY,200,8,4,0,31,15.4,6,3,2026-09-11T08:00:00.088997,11.4,11.5,38.4,16.5
res-lib-02,Digital Reading Hall,LIBRARY,120,8,4,0,20,16.7,0,0,2026-09-11T08:00:00.088997,17.8,26.0,12.1,8.4
res-lab-01,Computer Lab 1,COMPUTER_LAB,80,8,4,0,29,36.8,7,0,2026-09-11T08:00:00.088997,43.1,42.0,54.6,46.0
res-lab-02,Computer Lab 2,COMPUTER_LAB,75,8,4,0,11,14.9,1,4,2026-09-11T08:00:00.088997,13.3,17.6,21.3,0.0
res-lab-03,Computer Lab 3,COMPUTER_LAB,60,8,4,0,13,21.7,0,3,2026-09-11T08:00:00.088997,23.3,34.2,33.3,28.9
res-lab-ai,AI & Data Science Lab,RESEARCH_LAB,50,8,4,0,13,26.4,5,0,2026-09-11T08:00:00.088997,31.0,24.8,45.7,38.4
res-lab-res,Advanced Research Lab,RESEARCH_LAB,40,8,4,0,9,22.6,2,0,2026-09-11T08:00:00.088997,21.1,31.6,32.1,46.7
res-sr-01,Study Room A,STUDY_ROOM,24,8,4,0,5,21.6,0,0,2026-09-11T08:00:00.088997,24.0,12.7,44.7,36.9
res-sr-02,Study Room B,STUDY_ROOM,20,8,4,0,4,19.9,0,5,2026-09-11T08:00:00.088997,30.8,17.0,34.9,29.9
res-sr-03,Study Room C,STUDY_ROOM,20,8,4,0,2,8.8,2,3,2026-09-11T08:00:00.088997,8.4,20.8,1.8,0.9
res-can-01,Main Canteen,CANTEEN,250,8,4,0,26,10.5,1,0,2026-09-11T08:00:00.088997,15.8,18.7,26.3,19.1
res-sem-01,Dr. Kalam Seminar Hall,SEMINAR_HALL,180,8,4,0,13,7.4,0,6,2026-09-11T08:00:00.088997,6.2,25.0,15.7,0.9
res-cls-01,Block A Classrooms (301-305),CLASSROOM,150,8,4,0,57,38.3,4,6,2026-09-11T08:00:00.088997,45.1,45.3,40.9,60.0
res-cls-02,Block B Classrooms (201-204),CLASSROOM,120,8,4,0,12,10.0,3,0,2026-09-11T08:00:00.088997,13.8,11.2,32.9,27.5
res-sac-01,Student Activity Center,ACTIVITY_CENTER,160,8,4,0,26,16.0,3,0,2026-09-11T08:00:00.088997,24.5,32.9,27.5,45.0
res-lib-01,Central Library,LIBRARY,200,9,4,0,45,22.7,0,2,2026-09-11T09:00:00.088997,26.5,25.4,35.6,36.4
res-lib-02,Digital Reading Hall,LIBRARY,120,9,4,0,19,16.0,3,4,2026-09-11T09:00:00.088997,18.7,27.9,13.1,31.6
res-lab-01,Computer Lab 1,COMPUTER_LAB,80,9,4,0,24,30.3,0,1,2026-09-11T09:00:00.088997,28.6,32.0,36.4,50.4
res-lab-02,Computer Lab 2,COMPUTER_LAB,75,9,4,0,18,23.7,0,5,2026-09-11T09:00:00.088997,22.4,28.4,35.7,36.1
res-lab-03,Computer Lab 3,COMPUTER_LAB,60,9,4,0,12,19.4,3,0,2026-09-11T09:00:00.088997,30.1,25.5,26.1,40.9
res-lab-ai,AI & Data Science Lab,RESEARCH_LAB,50,9,4,0,15,31.0,4,10,2026-09-11T09:00:00.088997,31.9,34.1,40.0,53.9
res-lab-res,Advanced Research Lab,RESEARCH_LAB,40,9,4,0,6,14.0,0,0,2026-09-11T09:00:00.088997,9.4,16.4,26.5,13.3
res-sr-01,Study Room A,STUDY_ROOM,24,9,4,0,3,14.3,1,4,2026-09-11T09:00:00.088997,9.5,24.2,29.6,35.7
res-sr-02,Study Room B,STUDY_ROOM,20,9,4,0,4,19.9,8,0,2026-09-11T09:00:00.088997,22.3,22.4,27.9,48.3
res-sr-03,Study Room C,STUDY_ROOM,20,9,4,0,2,9.6,0,5,2026-09-11T09:00:00.088997,15.7,12.4,25.3,23.7
res-can-01,Main Canteen,CANTEEN,250,9,4,0,40,16.0,2,4,2026-09-11T09:00:00.088997,28.6,24.6,24.4,34.7
res-sem-01,Dr. Kalam Seminar Hall,SEMINAR_HALL,180,9,4,0,9,5.0,7,1,2026-09-11T09:00:00.088997,5.9,5.0,22.9,25.4
res-cls-01,Block A Classrooms (301-305),CLASSROOM,150,9,4,0,75,50.0,7,0,2026-09-11T09:00:00.088997,52.8,57.7,73.4,50.8
res-cls-02,Block B Classrooms (201-204),CLASSROOM,120,9,4,0,20,16.7,0,0,2026-09-11T09:00:00.088997,24.0,31.0,27.6,41.3
res-sac-01,Student Activity Center,ACTIVITY_CENTER,160,9,4,0,25,15.5,1,0,2026-09-11T09:00:00.088997,16.3,11.2,25.9,25.1
res-lib-01,Central Library,LIBRARY,200,10,4,0,56,28.0,3,2,2026-09-11T10:00:00.088997,26.5,33.4,42.6,24.3
res-lib-02,Digital Reading Hall,LIBRARY,120,10,4,0,39,32.1,4,1,2026-09-11T10:00:00.088997,31.8,38.5,29.9,46.3
res-lab-01,Computer Lab 1,COMPUTER_LAB,80,10,4,0,35,43.2,8,11,2026-09-11T10:00:00.088997,41.8,51.4,44.7,65.7
res-lab-02,Computer Lab 2,COMPUTER_LAB,75,10,4,0,24,31.7,5,0,2026-09-11T10:00:00.088997,32.9,30.6,47.1,31.7
res-lab-03,Computer Lab 3,COMPUTER_LAB,60,10,4,0,10,17.2,1,1,2026-09-11T10:00:00.088997,19.8,17.6,27.1,45.6
res-lab-ai,AI & Data Science Lab,RESEARCH_LAB,50,10,4,0,13,26.9,6,7,2026-09-11T10:00:00.088997,25.6,23.2,37.6,30.3
res-lab-res,Advanced Research Lab,RESEARCH_LAB,40,10,4,0,11,27.5,3,0,2026-09-11T10:00:00.088997,24.9,39.0,30.3,38.0
res-sr-01,Study Room A,STUDY_ROOM,24,10,4,0,6,23.8,1,2,2026-09-11T10:00:00.088997,25.8,32.9,37.1,31.2
res-sr-02,Study Room B,STUDY_ROOM,20,10,4,0,3,15.3,0,0,2026-09-11T10:00:00.088997,18.3,31.6,15.3,16.0
res-sr-03,Study Room C,STUDY_ROOM,20,10,4,0,2,11.5,3,2,2026-09-11T10:00:00.088997,12.9,11.0,20.3,2.7
res-can-01,Main Canteen,CANTEEN,250,10,4,0,83,33.4,6,0,2026-09-11T10:00:00.088997,29.2,47.8,35.8,57.0
res-sem-01,Dr. Kalam Seminar Hall,SEMINAR_HALL,180,10,4,0,49,27.2,2,4,2026-09-11T10:00:00.088997,25.6,33.0,31.7,21.3
res-cls-01,Block A Classrooms (301-305),CLASSROOM,150,10,4,0,102,68.2,7,6,2026-09-11T10:00:00.088997,65.4,82.8,84.1,89.8
res-cls-02,Block B Classrooms (201-204),CLASSROOM,120,10,4,0,50,41.7,0,10,2026-09-11T10:00:00.088997,43.4,42.2,53.4,65.7
res-sac-01,Student Activity Center,ACTIVITY_CENTER,160,10,4,0,24,14.9,5,4,2026-09-11T10:00:00.088997,12.6,15.9,31.5,0.0
res-lib-01,Central Library,LIBRARY,200,11,4,0,49,24.4,0,1,2026-09-11T11:00:00.088997,25.2,27.3,27.4,21.2
res-lib-02,Digital Reading Hall,LIBRARY,120,11,4,0,74,62.1,13,2,2026-09-11T11:00:00.088997,70.4,64.7,71.2,71.3
res-lab-01,Computer Lab 1,COMPUTER_LAB,80,11,4,0,52,65.2,10,6,2026-09-11T11:00:00.088997,65.3,62.4,65.2,55.5
res-lab-02,Computer Lab 2,COMPUTER_LAB,75,11,4,0,43,57.9,3,4,2026-09-11T11:00:00.088997,65.4,70.1,65.6,66.9
res-lab-03,Computer Lab 3,COMPUTER_LAB,60,11,4,0,14,22.5,4,1,2026-09-11T11:00:00.088997,18.8,29.9,38.0,24.9
res-lab-ai,AI & Data Science Lab,RESEARCH_LAB,50,11,4,0,16,31.2,2,2,2026-09-11T11:00:00.088997,23.2,34.8,47.9,33.6
res-lab-res,Advanced Research Lab,RESEARCH_LAB,40,11,4,0,8,20.2,0,3,2026-09-11T11:00:00.088997,21.3,19.6,40.2,41.4
res-sr-01,Study Room A,STUDY_ROOM,24,11,4,0,4,17.6,3,3,2026-09-11T11:00:00.088997,22.1,12.4,34.6,20.7
res-sr-02,Study Room B,STUDY_ROOM,20,11,4,0,3,13.6,9,2,2026-09-11T11:00:00.088997,14.0,5.3,34.1,7.4
res-sr-03,Study Room C,STUDY_ROOM,20,11,4,0,2,11.0,0,5,2026-09-11T11:00:00.088997,16.1,15.0,21.8,13.8
res-can-01,Main Canteen,CANTEEN,250,11,4,0,131,52.6,6,8,2026-09-11T11:00:00.088997,58.4,60.5,57.3,71.5
res-sem-01,Dr. Kalam Seminar Hall,SEMINAR_HALL,180,11,4,0,84,46.7,2,3,2026-09-11T11:00:00.088997,49.0,57.1,53.0,42.1
res-cls-01,Block A Classrooms (301-305),CLASSROOM,150,11,4,0,113,75.2,9,8,2026-09-11T11:00:00.088997,80.9,86.3,77.9,77.8
res-cls-02,Block B Classrooms (201-204),CLASSROOM,120,11,4,0,67,55.9,8,9,2026-09-11T11:00:00.088997,56.7,59.5,77.1,72.0
res-sac-01,Student Activity Center,ACTIVITY_CENTER,160,11,4,0,27,16.7,0,3,2026-09-11T11:00:00.088997,15.0,14.9,21.6,19.7
res-lib-01,Central Library,LIBRARY,200,12,4,0,48,24.1,0,5,2026-09-11T12:00:00.088997,30.6,17.4,40.9,2.4
res-lib-02,Digital Reading Hall,LIBRARY,120,12,4,0,88,73.5,8,7,2026-09-11T12:00:00.088997,74.8,85.8,70.3,68.8
res-lab-01,Computer Lab 1,COMPUTER_LAB,80,12,4,0,72,89.5,12,15,2026-09-11T12:00:00.088997,89.4,100.0,96.5,92.3
res-lab-02,Computer Lab 2,COMPUTER_LAB,75,12,4,0,56,75.0,7,11,2026-09-11T12:00:00.088997,75.1,71.6,78.4,70.5
res-lab-03,Computer Lab 3,COMPUTER_LAB,60,12,4,0,26,43.3,5,8,2026-09-11T12:00:00.088997,39.9,45.7,48.8,30.0
res-lab-ai,AI & Data Science Lab,RESEARCH_LAB,50,12,4,0,27,53.1,8,3,2026-09-11T12:00:00.088997,55.7,57.8,52.8,39.8
res-lab-res,Advanced Research Lab,RESEARCH_LAB,40,12,4,0,8,19.4,1,2,2026-09-11T12:00:00.088997,21.7,21.8,38.9,0.0
res-sr-01,Study Room A,STUDY_ROOM,24,12,4,0,4,17.1,10,0,2026-09-11T12:00:00.088997,13.7,26.5,6.4,2.3
res-sr-02,Study Room B,STUDY_ROOM,20,12,4,0,5,23.6,0,0,2026-09-11T12:00:00.088997,19.6,34.0,41.7,5.4
res-sr-03,Study Room C,STUDY_ROOM,20,12,4,0,6,29.5,7,8,2026-09-11T12:00:00.088997,30.5,20.7,30.1,12.4
res-can-01,Main Canteen,CANTEEN,250,12,4,0,165,65.8,7,9,2026-09-11T12:00:00.088997,72.9,69.8,83.7,58.1
res-sem-01,Dr. Kalam Seminar Hall,SEMINAR_HALL,180,12,4,0,112,62.1,10,6,2026-09-11T12:00:00.088997,72.4,58.5,65.5,48.6
res-cls-01,Block A Classrooms (301-305),CLASSROOM,150,12,4,0,103,68.6,12,6,2026-09-11T12:00:00.088997,64.9,78.7,83.4,33.3
res-cls-02,Block B Classrooms (201-204),CLASSROOM,120,12,4,0,87,72.1,3,5,2026-09-11T12:00:00.088997,70.5,82.0,81.2,44.7
res-sac-01,Student Activity Center,ACTIVITY_CENTER,160,12,4,0,30,18.5,0,2,2026-09-11T12:00:00.088997,17.3,21.3,31.1,12.8
res-lib-01,Central Library,LIBRARY,200,13,4,0,106,53.1,6,6,2026-09-11T13:00:00.088997,53.4,59.2,49.1,39.9
res-lib-02,Digital Reading Hall,LIBRARY,120,13,4,0,90,74.9,9,8,2026-09-11T13:00:00.088997,74.2,72.2,80.2,68.8
res-lab-01,Computer Lab 1,COMPUTER_LAB,80,13,4,0,76,95.0,7,7,2026-09-11T13:00:00.088997,100.0,100.0,82.0,89.1
res-lab-02,Computer Lab 2,COMPUTER_LAB,75,13,4,0,63,83.9,14,12,2026-09-11T13:00:00.088997,84.0,85.1,52.3,54.1
res-lab-03,Computer Lab 3,COMPUTER_LAB,60,13,4,0,31,51.7,6,4,2026-09-11T13:00:00.088997,48.3,55.0,48.2,46.0
res-lab-ai,AI & Data Science Lab,RESEARCH_LAB,50,13,4,0,32,64.4,7,2,2026-09-11T13:00:00.088997,70.0,74.1,48.3,43.2
res-lab-res,Advanced Research Lab,RESEARCH_LAB,40,13,4,0,7,18.2,0,2,2026-09-11T13:00:00.088997,19.1,29.0,0.3,0.0
res-sr-01,Study Room A,STUDY_ROOM,24,13,4,0,6,25.8,0,0,2026-09-11T13:00:00.088997,31.8,26.6,18.9,9.2
res-sr-02,Study Room B,STUDY_ROOM,20,13,4,0,2,9.9,0,2,2026-09-11T13:00:00.088997,7.1,19.8,0.0,0.0
res-sr-03,Study Room C,STUDY_ROOM,20,13,4,0,10,50.0,4,5,2026-09-11T13:00:00.088997,50.7,55.8,20.6,16.0
res-can-01,Main Canteen,CANTEEN,250,13,4,0,194,77.5,12,5,2026-09-11T13:00:00.088997,78.5,84.2,75.7,41.1
res-sem-01,Dr. Kalam Seminar Hall,SEMINAR_HALL,180,13,4,0,120,66.5,6,8,2026-09-11T13:00:00.088997,78.4,70.1,45.8,59.3
res-cls-01,Block A Classrooms (301-305),CLASSROOM,150,13,4,0,86,57.3,7,3,2026-09-11T13:00:00.088997,63.1,66.3,40.1,49.9
res-cls-02,Block B Classrooms (201-204),CLASSROOM,120,13,4,0,91,76.1,12,7,2026-09-11T13:00:00.088997,76.7,88.5,57.2,69.4
res-sac-01,Student Activity Center,ACTIVITY_CENTER,160,13,4,0,15,9.5,4,0,2026-09-11T13:00:00.088997,16.6,17.5,0.0,14.6
res-lib-01,Central Library,LIBRARY,200,14,4,0,146,73.2,11,5,2026-09-11T14:00:00.088997,70.0,69.1,58.9,81.5
res-lib-02,Digital Reading Hall,LIBRARY,120,14,4,0,99,82.7,1,9,2026-09-11T14:00:00.088997,79.3,77.3,71.4,80.4
res-lab-01,Computer Lab 1,COMPUTER_LAB,80,14,4,0,76,95.0,12,8,2026-09-11T14:00:00.088997,92.8,90.1,79.8,89.9
res-lab-02,Computer Lab 2,COMPUTER_LAB,75,14,4,0,67,89.0,15,12,2026-09-11T14:00:00.088997,84.2,88.9,72.4,85.3
res-lab-03,Computer Lab 3,COMPUTER_LAB,60,14,4,0,42,69.8,5,7,2026-09-11T14:00:00.088997,57.1,54.3,60.2,58.8
res-lab-ai,AI & Data Science Lab,RESEARCH_LAB,50,14,4,0,43,85.4,5,6,2026-09-11T14:00:00.088997,85.0,83.9,77.3,87.3
res-lab-res,Advanced Research Lab,RESEARCH_LAB,40,14,4,0,18,44.4,3,3,2026-09-11T14:00:00.088997,36.8,38.7,46.4,40.6
res-sr-01,Study Room A,STUDY_ROOM,24,14,4,0,14,58.5,6,9,2026-09-11T14:00:00.088997,55.7,62.3,50.3,55.0
res-sr-02,Study Room B,STUDY_ROOM,20,14,4,0,7,32.7,3,3,2026-09-11T14:00:00.088997,35.9,26.9,12.8,46.4
res-sr-03,Study Room C,STUDY_ROOM,20,14,4,0,13,63.2,8,9,2026-09-11T14:00:00.088997,58.8,52.1,57.5,29.7
res-can-01,Main Canteen,CANTEEN,250,14,4,0,164,65.7,8,5,2026-09-11T14:00:00.088997,57.5,70.3,58.7,70.9
res-sem-01,Dr. Kalam Seminar Hall,SEMINAR_HALL,180,14,4,0,110,60.8,4,6,2026-09-11T14:00:00.088997,58.0,48.8,66.1,41.4
res-cls-01,Block A Classrooms (301-305),CLASSROOM,150,14,4,0,38,25.4,7,1,2026-09-11T14:00:00.088997,21.0,9.8,33.1,0.0
res-cls-02,Block B Classrooms (201-204),CLASSROOM,120,14,4,0,72,60.3,9,7,2026-09-11T14:00:00.088997,58.1,45.1,45.0,50.6
res-sac-01,Student Activity Center,ACTIVITY_CENTER,160,14,4,0,19,11.9,2,3,2026-09-11T14:00:00.088997,13.7,0.0,23.6,9.1
res-lib-01,Central Library,LIBRARY,200,15,4,0,164,81.9,13,15,2026-09-11T15:00:00.088997,74.1,75.5,52.5,72.2
res-lib-02,Digital Reading Hall,LIBRARY,120,15,4,0,86,71.5,8,5,2026-09-11T15:00:00.088997,61.3,68.8,76.6,52.4
res-lab-01,Computer Lab 1,COMPUTER_LAB,80,15,4,0,69,86.8,5,10,2026-09-11T15:00:00.088997,83.3,77.3,72.0,70.1
res-lab-02,Computer Lab 2,COMPUTER_LAB,75,15,4,0,57,76.6,5,6,2026-09-11T15:00:00.088997,74.4,65.0,84.8,54.4
res-lab-03,Computer Lab 3,COMPUTER_LAB,60,15,4,0,46,77.3,6,13,2026-09-11T15:00:00.088997,77.5,66.7,79.3,67.7
res-lab-ai,AI & Data Science Lab,RESEARCH_LAB,50,15,4,0,48,95.0,10,7,2026-09-11T15:00:00.088997,94.4,86.7,100.0,67.8
res-lab-res,Advanced Research Lab,RESEARCH_LAB,40,15,4,0,27,68.2,7,7,2026-09-11T15:00:00.088997,69.5,59.4,67.9,23.7
res-sr-01,Study Room A,STUDY_ROOM,24,15,4,0,16,67.2,5,2,2026-09-11T15:00:00.088997,64.3,64.5,65.5,58.1
res-sr-02,Study Room B,STUDY_ROOM,20,15,4,0,9,45.2,6,4,2026-09-11T15:00:00.088997,47.0,44.9,37.5,22.5
res-sr-03,Study Room C,STUDY_ROOM,20,15,4,0,15,74.5,7,6,2026-09-11T15:00:00.088997,73.6,73.8,66.1,62.7
res-can-01,Main Canteen,CANTEEN,250,15,4,0,131,52.6,4,2,2026-09-11T15:00:00.088997,43.6,43.4,48.9,32.2
res-sem-01,Dr. Kalam Seminar Hall,SEMINAR_HALL,180,15,4,0,83,46.1,6,6,2026-09-11T15:00:00.088997,39.7,47.1,48.2,20.5
res-cls-01,Block A Classrooms (301-305),CLASSROOM,150,15,4,0,10,6.7,4,0,2026-09-11T15:00:00.088997,0.0,0.0,0.0,0.0
res-cls-02,Block B Classrooms (201-204),CLASSROOM,120,15,4,0,49,41.2,5,8,2026-09-11T15:00:00.088997,38.1,42.7,46.1,46.4
res-sac-01,Student Activity Center,ACTIVITY_CENTER,160,15,4,0,62,38.9,0,5,2026-09-11T15:00:00.088997,41.1,33.4,46.6,37.2
res-lib-01,Central Library,LIBRARY,200,16,4,0,185,92.3,14,10,2026-09-11T16:00:00.088997,80.3,84.3,95.0,70.6
res-lib-02,Digital Reading Hall,LIBRARY,120,16,4,0,62,52.0,3,10,2026-09-11T16:00:00.088997,56.7,41.7,45.3,31.8
res-lab-01,Computer Lab 1,COMPUTER_LAB,80,16,4,0,56,70.3,9,9,2026-09-11T16:00:00.088997,69.7,83.0,53.1,37.8
res-lab-02,Computer Lab 2,COMPUTER_LAB,75,16,4,0,42,56.3,2,1,2026-09-11T16:00:00.088997,50.3,45.8,39.7,50.5
res-lab-03,Computer Lab 3,COMPUTER_LAB,60,16,4,0,42,69.9,7,9,2026-09-11T16:00:00.088997,64.8,63.3,65.1,34.6
res-lab-ai,AI & Data Science Lab,RESEARCH_LAB,50,16,4,0,39,77.3,10,9,2026-09-11T16:00:00.088997,83.6,73.3,76.7,63.0
res-lab-res,Advanced Research Lab,RESEARCH_LAB,40,16,4,0,31,78.1,14,1,2026-09-11T16:00:00.088997,77.7,85.9,72.6,85.9
res-sr-01,Study Room A,STUDY_ROOM,24,16,4,0,19,79.6,9,8,2026-09-11T16:00:00.088997,68.7,67.6,61.7,77.5
res-sr-02,Study Room B,STUDY_ROOM,20,16,4,0,14,68.6,9,9,2026-09-11T16:00:00.088997,65.9,70.8,60.6,57.3
res-sr-03,Study Room C,STUDY_ROOM,20,16,4,0,15,76.1,11,6,2026-09-11T16:00:00.088997,78.0,64.3,58.2,72.3
res-can-01,Main Canteen,CANTEEN,250,16,4,0,81,32.4,2,5,2026-09-11T16:00:00.088997,28.0,26.2,37.0,38.9
res-sem-01,Dr. Kalam Seminar Hall,SEMINAR_HALL,180,16,4,0,61,34.1,3,7,2026-09-11T16:00:00.088997,28.3,23.6,4.9,42.1
res-cls-01,Block A Classrooms (301-305),CLASSROOM,150,16,4,0,10,6.5,0,0,2026-09-11T16:00:00.088997,7.3,0.0,0.0,0.0
res-cls-02,Block B Classrooms (201-204),CLASSROOM,120,16,4,0,19,16.1,0,0,2026-09-11T16:00:00.088997,8.4,12.1,0.0,0.0
res-sac-01,Student Activity Center,ACTIVITY_CENTER,160,16,4,0,91,57.0,5,11,2026-09-11T16:00:00.088997,62.3,46.8,54.0,54.0
res-lib-01,Central Library,LIBRARY,200,17,4,0,159,79.5,5,7,2026-09-11T17:00:00.088997,76.8,71.9,75.5,58.5
res-lib-02,Digital Reading Hall,LIBRARY,120,17,4,0,33,27.2,3,3,2026-09-11T17:00:00.088997,20.5,27.8,3.3,8.3
res-lab-01,Computer Lab 1,COMPUTER_LAB,80,17,4,0,37,45.8,3,2,2026-09-11T17:00:00.088997,51.3,35.7,59.7,39.0
res-lab-02,Computer Lab 2,COMPUTER_LAB,75,17,4,0,28,37.2,5,11,2026-09-11T17:00:00.088997,31.2,25.4,22.4,25.6
res-lab-03,Computer Lab 3,COMPUTER_LAB,60,17,4,0,30,50.1,6,10,2026-09-11T17:00:00.088997,48.7,43.4,36.6,48.9
res-lab-ai,AI & Data Science Lab,RESEARCH_LAB,50,17,4,0,34,68.7,13,12,2026-09-11T17:00:00.088997,67.7,63.6,70.0,69.9
res-lab-res,Advanced Research Lab,RESEARCH_LAB,40,17,4,0,33,81.8,8,4,2026-09-11T17:00:00.088997,81.4,80.8,61.6,64.3
res-sr-01,Study Room A,STUDY_ROOM,24,17,4,0,18,76.7,6,9,2026-09-11T17:00:00.088997,71.8,69.9,54.1,67.0
res-sr-02,Study Room B,STUDY_ROOM,20,17,4,0,15,77.0,7,7,2026-09-11T17:00:00.088997,75.7,67.1,55.7,86.6
res-sr-03,Study Room C,STUDY_ROOM,20,17,4,0,13,62.5,7,9,2026-09-11T17:00:00.088997,74.7,50.1,58.6,42.0
res-can-01,Main Canteen,CANTEEN,250,17,4,0,20,7.8,0,0,2026-09-11T17:00:00.088997,5.7,0.0,8.4,0.0
res-sem-01,Dr. Kalam Seminar Hall,SEMINAR_HALL,180,17,4,0,12,6.7,0,0,2026-09-11T17:00:00.088997,5.8,0.0,0.0,0.0
res-cls-01,Block A Classrooms (301-305),CLASSROOM,150,17,4,0,10,6.4,0,4,2026-09-11T17:00:00.088997,1.7,8.4,8.1,0.0
res-cls-02,Block B Classrooms (201-204),CLASSROOM,120,17,4,0,7,5.6,8,5,2026-09-11T17:00:00.088997,3.5,2.2,0.0,0.0
res-sac-01,Student Activity Center,ACTIVITY_CENTER,160,17,4,0,110,69.0,2,2,2026-09-11T17:00:00.088997,67.1,57.2,60.4,44.1
res-lib-01,Central Library,LIBRARY,200,18,4,0,128,63.9,10,7,2026-09-11T18:00:00.088997,61.9,64.2,60.2,69.2
res-lib-02,Digital Reading Hall,LIBRARY,120,18,4,0,22,18.2,0,0,2026-09-11T18:00:00.088997,14.4,18.9,21.9,17.7
res-lab-01,Computer Lab 1,COMPUTER_LAB,80,18,4,0,22,27.8,6,0,2026-09-11T18:00:00.088997,29.4,20.6,26.1,0.0
res-lab-02,Computer Lab 2,COMPUTER_LAB,75,18,4,0,22,29.7,0,0,2026-09-11T18:00:00.088997,23.7,14.2,22.5,39.4
res-lab-03,Computer Lab 3,COMPUTER_LAB,60,18,4,0,29,48.4,6,8,2026-09-11T18:00:00.088997,47.4,46.4,37.4,38.8
res-lab-ai,AI & Data Science Lab,RESEARCH_LAB,50,18,4,0,27,54.9,4,5,2026-09-11T18:00:00.088997,52.7,54.9,37.3,42.3
res-lab-res,Advanced Research Lab,RESEARCH_LAB,40,18,4,0,34,84.5,13,12,2026-09-11T18:00:00.088997,82.6,81.4,85.5,91.2
res-sr-01,Study Room A,STUDY_ROOM,24,18,4,0,15,62.3,3,10,2026-09-11T18:00:00.088997,59.2,53.2,43.0,43.6
res-sr-02,Study Room B,STUDY_ROOM,20,18,4,0,14,71.5,14,7,2026-09-11T18:00:00.088997,69.3,70.0,72.2,70.9
res-sr-03,Study Room C,STUDY_ROOM,20,18,4,0,10,52.2,4,4,2026-09-11T18:00:00.088997,53.3,44.0,44.1,45.0
res-can-01,Main Canteen,CANTEEN,250,18,4,0,33,13.1,0,3,2026-09-11T18:00:00.088997,10.2,12.4,12.1,20.4
res-sem-01,Dr. Kalam Seminar Hall,SEMINAR_HALL,180,18,4,0,19,10.4,5,5,2026-09-11T18:00:00.088997,9.6,5.6,10.3,7.2
res-cls-01,Block A Classrooms (301-305),CLASSROOM,150,18,4,0,13,8.8,2,0,2026-09-11T18:00:00.088997,3.3,11.5,1.3,21.3
res-cls-02,Block B Classrooms (201-204),CLASSROOM,120,18,4,0,6,5.0,0,0,2026-09-11T18:00:00.088997,7.5,2.4,0.0,0.0
res-sac-01,Student Activity Center,ACTIVITY_CENTER,160,18,4,0,121,75.4,10,3,2026-09-11T18:00:00.088997,71.2,73.4,58.5,82.6
res-lib-01,Central Library,LIBRARY,200,19,4,0,105,52.7,1,2,2026-09-11T19:00:00.088997,41.5,43.0,51.6,35.7
res-lib-02,Digital Reading Hall,LIBRARY,120,19,4,0,26,21.8,0,4,2026-09-11T19:00:00.088997,17.6,16.9,13.0,0.0
res-lab-01,Computer Lab 1,COMPUTER_LAB,80,19,4,0,24,30.4,6,4,2026-09-11T19:00:00.088997,32.6,27.3,23.7,0.0
res-lab-02,Computer Lab 2,COMPUTER_LAB,75,19,4,0,18,23.9,2,8,2026-09-11T19:00:00.088997,24.7,28.1,21.3,3.4
res-lab-03,Computer Lab 3,COMPUTER_LAB,60,19,4,0,9,15.5,2,0,2026-09-11T19:00:00.088997,11.9,9.2,21.9,0.0
res-lab-ai,AI & Data Science Lab,RESEARCH_LAB,50,19,4,0,17,34.8,1,0,2026-09-11T19:00:00.088997,37.5,34.2,38.1,32.4
res-lab-res,Advanced Research Lab,RESEARCH_LAB,40,19,4,0,28,70.3,10,6,2026-09-11T19:00:00.088997,69.6,72.7,55.2,50.4
res-sr-01,Study Room A,STUDY_ROOM,24,19,4,0,12,51.6,0,5,2026-09-11T19:00:00.088997,42.1,47.0,51.4,33.9
res-sr-02,Study Room B,STUDY_ROOM,20,19,4,0,14,71.8,4,10,2026-09-11T19:00:00.088997,72.5,56.5,88.2,59.0
res-sr-03,Study Room C,STUDY_ROOM,20,19,4,0,5,23.3,0,1,2026-09-11T19:00:00.088997,20.8,18.9,12.6,18.9
res-can-01,Main Canteen,CANTEEN,250,19,4,0,21,8.4,0,0,2026-09-11T19:00:00.088997,0.0,5.6,0.0,0.0
res-sem-01,Dr. Kalam Seminar Hall,SEMINAR_HALL,180,19,4,0,18,10.3,0,4,2026-09-11T19:00:00.088997,6.5,15.8,0.0,0.0
res-cls-01,Block A Classrooms (301-305),CLASSROOM,150,19,4,0,19,12.7,0,0,2026-09-11T19:00:00.088997,8.8,7.5,16.8,0.0
res-cls-02,Block B Classrooms (201-204),CLASSROOM,120,19,4,0,12,10.1,3,1,2026-09-11T19:00:00.088997,13.3,4.6,0.4,5.2
res-sac-01,Student Activity Center,ACTIVITY_CENTER,160,19,4,0,116,72.3,7,8,2026-09-11T19:00:00.088997,67.7,63.6,59.5,76.5
res-lib-01,Central Library,LIBRARY,200,20,4,0,24,12.1,2,1,2026-09-11T20:00:00.088997,3.4,9.0,8.4,7.2
res-lib-02,Digital Reading Hall,LIBRARY,120,20,4,0,11,9.4,5,0,2026-09-11T20:00:00.088997,10.1,8.8,0.0,5.3
res-lab-01,Computer Lab 1,COMPUTER_LAB,80,20,4,0,27,33.5,0,6,2026-09-11T20:00:00.088997,28.4,23.3,21.8,24.7
res-lab-02,Computer Lab 2,COMPUTER_LAB,75,20,4,0,19,24.8,4,0,2026-09-11T20:00:00.088997,19.8,19.1,33.9,11.4
res-lab-03,Computer Lab 3,COMPUTER_LAB,60,20,4,0,12,19.3,2,0,2026-09-11T20:00:00.088997,16.4,13.3,16.8,23.8
res-lab-ai,AI & Data Science Lab,RESEARCH_LAB,50,20,4,0,16,31.4,7,0,2026-09-11T20:00:00.088997,27.8,22.1,26.3,15.1
res-lab-res,Advanced Research Lab,RESEARCH_LAB,40,20,4,0,18,45.7,2,4,2026-09-11T20:00:00.088997,46.4,28.3,56.8,30.3
res-sr-01,Study Room A,STUDY_ROOM,24,20,4,0,6,23.7,3,2,2026-09-11T20:00:00.088997,21.4,24.6,22.4,15.3
res-sr-02,Study Room B,STUDY_ROOM,20,20,4,0,10,49.7,5,10,2026-09-11T20:00:00.088997,41.8,45.5,42.3,47.4
res-sr-03,Study Room C,STUDY_ROOM,20,20,4,0,2,11.6,0,1,2026-09-11T20:00:00.088997,10.7,15.6,0.0,13.5
res-can-01,Main Canteen,CANTEEN,250,20,4,0,49,19.5,1,0,2026-09-11T20:00:00.088997,15.8,14.6,16.5,0.4
res-sem-01,Dr. Kalam Seminar Hall,SEMINAR_HALL,180,20,4,0,20,11.2,0,0,2026-09-11T20:00:00.088997,13.6,0.0,1.4,36.6
res-cls-01,Block A Classrooms (301-305),CLASSROOM,150,20,4,0,15,10.0,0,0,2026-09-11T20:00:00.088997,7.7,5.9,7.9,0.0
res-cls-02,Block B Classrooms (201-204),CLASSROOM,120,20,4,0,20,16.8,2,3,2026-09-11T20:00:00.088997,12.2,19.5,6.4,8.1
res-sac-01,Student Activity Center,ACTIVITY_CENTER,160,20,4,0,85,53.3,3,7,2026-09-11T20:00:00.088997,49.5,43.2,39.5,49.7
res-lib-01,Central Library,LIBRARY,200,21,4,0,45,22.5,2,2,2026-09-11T21:00:00.088997,12.8,8.7,17.5,1.6
res-lib-02,Digital Reading Hall,LIBRARY,120,21,4,0,29,24.2,5,4,2026-09-11T21:00:00.088997,29.5,18.7,22.1,5.2
res-lab-01,Computer Lab 1,COMPUTER_LAB,80,21,4,0,36,44.8,11,4,2026-09-11T21:00:00.088997,44.4,48.0,35.5,24.9
res-lab-02,Computer Lab 2,COMPUTER_LAB,75,21,4,0,21,28.5,3,3,2026-09-11T21:00:00.088997,23.2,13.2,22.6,27.4
res-lab-03,Computer Lab 3,COMPUTER_LAB,60,21,4,0,8,14.1,6,0,2026-09-11T21:00:00.088997,7.9,8.7,5.4,11.3
res-lab-ai,AI & Data Science Lab,RESEARCH_LAB,50,21,4,0,13,26.9,7,8,2026-09-11T21:00:00.088997,24.7,29.4,9.4,27.8
res-lab-res,Advanced Research Lab,RESEARCH_LAB,40,21,4,0,10,24.2,5,2,2026-09-11T21:00:00.088997,10.4,15.3,10.6,0.5
res-sr-01,Study Room A,STUDY_ROOM,24,21,4,0,5,20.5,1,0,2026-09-11T21:00:00.088997,14.3,11.2,22.6,0.6
res-sr-02,Study Room B,STUDY_ROOM,20,21,4,0,5,24.7,1,3,2026-09-11T21:00:00.088997,24.6,1.5,25.9,30.0
res-sr-03,Study Room C,STUDY_ROOM,20,21,4,0,2,10.8,0,0,2026-09-11T21:00:00.088997,5.8,7.1,0.0,0.0
res-can-01,Main Canteen,CANTEEN,250,21,4,0,40,16.2,0,5,2026-09-11T21:00:00.088997,15.6,0.3,13.9,2.7
res-sem-01,Dr. Kalam Seminar Hall,SEMINAR_HALL,180,21,4,0,9,5.0,1,1,2026-09-11T21:00:00.088997,5.8,7.1,0.7,0.0
res-cls-01,Block A Classrooms (301-305),CLASSROOM,150,21,4,0,12,8.1,9,2,2026-09-11T21:00:00.088997,15.6,11.5,2.3,0.0
res-cls-02,Block B Classrooms (201-204),CLASSROOM,120,21,4,0,12,9.9,0,1,2026-09-11T21:00:00.088997,12.7,1.3,5.6,8.1
res-sac-01,Student Activity Center,ACTIVITY_CENTER,160,21,4,0,55,34.1,2,0,2026-09-11T21:00:00.088997,28.9,21.4,18.0,39.2
res-lib-01,Central Library,LIBRARY,200,8,5,1,43,21.3,2,0,2026-09-12T08:00:00.088997,28.1,34.2,37.1,35.0
res-lib-02,Digital Reading Hall,LIBRARY,120,8,5,1,23,19.1,0,7,2026-09-12T08:00:00.088997,18.0,28.1,36.6,22.4
res-lab-01,Computer Lab 1,COMPUTER_LAB,80,8,5,1,31,39.2,6,9,2026-09-12T08:00:00.088997,39.3,36.4,42.6,51.7
res-lab-02,Computer Lab 2,COMPUTER_LAB,75,8,5,1,19,25.2,1,0,2026-09-12T08:00:00.088997,29.1,42.1,37.4,42.5
res-lab-03,Computer Lab 3,COMPUTER_LAB,60,8,5,1,10,17.3,3,4,2026-09-12T08:00:00.088997,20.9,20.4,18.1,24.3
res-lab-ai,AI & Data Science Lab,RESEARCH_LAB,50,8,5,1,16,31.3,2,4,2026-09-12T08:00:00.088997,35.0,41.3,50.8,42.2
res-lab-res,Advanced Research Lab,RESEARCH_LAB,40,8,5,1,6,14.8,0,1,2026-09-12T08:00:00.088997,9.4,28.1,24.1,29.3
res-sr-01,Study Room A,STUDY_ROOM,24,8,5,1,6,25.5,1,4,2026-09-12T08:00:00.088997,27.0,29.4,26.5,55.4
res-sr-02,Study Room B,STUDY_ROOM,20,8,5,1,3,13.5,3,0,2026-09-12T08:00:00.088997,20.2,24.8,22.4,20.8
res-sr-03,Study Room C,STUDY_ROOM,20,8,5,1,3,16.6,8,0,2026-09-12T08:00:00.088997,21.7,16.1,24.4,23.6
res-can-01,Main Canteen,CANTEEN,250,8,5,1,21,8.3,0,0,2026-09-12T08:00:00.088997,14.4,2.5,21.1,14.4
res-sem-01,Dr. Kalam Seminar Hall,SEMINAR_HALL,180,8,5,1,9,5.0,1,0,2026-09-12T08:00:00.088997,7.2,1.5,17.2,3.9
res-cls-01,Block A Classrooms (301-305),CLASSROOM,150,8,5,1,26,17.3,2,0,2026-09-12T08:00:00.088997,19.1,13.2,31.0,48.5
res-cls-02,Block B Classrooms (201-204),CLASSROOM,120,8,5,1,25,21.2,2,4,2026-09-12T08:00:00.088997,16.0,35.2,36.2,25.4
res-sac-01,Student Activity Center,ACTIVITY_CENTER,160,8,5,1,32,19.9,1,0,2026-09-12T08:00:00.088997,23.9,18.6,37.1,17.3
res-lib-01,Central Library,LIBRARY,200,9,5,1,42,20.8,0,4,2026-09-12T09:00:00.088997,20.3,17.7,23.3,30.4
res-lib-02,Digital Reading Hall,LIBRARY,120,9,5,1,18,15.3,0,7,2026-09-12T09:00:00.088997,13.8,18.3,20.0,20.2
res-lab-01,Computer Lab 1,COMPUTER_LAB,80,9,5,1,30,37.5,7,2,2026-09-12T09:00:00.088997,34.5,50.1,44.6,68.2
res-lab-02,Computer Lab 2,COMPUTER_LAB,75,9,5,1,12,16.0,2,7,2026-09-12T09:00:00.088997,16.6,19.7,26.7,19.3
res-lab-03,Computer Lab 3,COMPUTER_LAB,60,9,5,1,8,13.8,0,0,2026-09-12T09:00:00.088997,20.7,21.5,24.0,33.5
res-lab-ai,AI & Data Science Lab,RESEARCH_LAB,50,9,5,1,14,28.9,1,1,2026-09-12T09:00:00.088997,30.9,27.6,32.4,32.7
res-lab-res,Advanced Research Lab,RESEARCH_LAB,40,9,5,1,11,28.5,0,2,2026-09-12T09:00:00.088997,37.4,34.2,43.3,39.7
res-sr-01,Study Room A,STUDY_ROOM,24,9,5,1,4,17.3,0,2,2026-09-12T09:00:00.088997,16.2,17.5,20.8,48.3
res-sr-02,Study Room B,STUDY_ROOM,20,9,5,1,5,24.6,3,1,2026-09-12T09:00:00.088997,21.9,32.4,48.7,31.7
res-sr-03,Study Room C,STUDY_ROOM,20,9,5,1,1,5.5,2,3,2026-09-12T09:00:00.088997,1.1,11.5,17.5,14.6
res-can-01,Main Canteen,CANTEEN,250,9,5,1,17,6.8,3,0,2026-09-12T09:00:00.088997,2.9,0.0,26.2,24.2
res-sem-01,Dr. Kalam Seminar Hall,SEMINAR_HALL,180,9,5,1,10,5.4,0,0,2026-09-12T09:00:00.088997,3.0,7.8,0.0,6.5
res-cls-01,Block A Classrooms (301-305),CLASSROOM,150,9,5,1,38,25.6,4,2,2026-09-12T09:00:00.088997,30.7,38.7,43.1,41.2
res-cls-02,Block B Classrooms (201-204),CLASSROOM,120,9,5,1,18,14.8,0,3,2026-09-12T09:00:00.088997,23.5,21.8,40.0,6.5
res-sac-01,Student Activity Center,ACTIVITY_CENTER,160,9,5,1,17,10.4,3,1,2026-09-12T09:00:00.088997,17.6,15.3,10.6,17.8
res-lib-01,Central Library,LIBRARY,200,10,5,1,38,18.9,0,4,2026-09-12T10:00:00.088997,24.4,26.0,11.4,24.6
res-lib-02,Digital Reading Hall,LIBRARY,120,10,5,1,24,19.8,5,0,2026-09-12T10:00:00.088997,17.5,25.0,22.1,47.6
res-lab-01,Computer Lab 1,COMPUTER_LAB,80,10,5,1,29,36.8,0,0,2026-09-12T10:00:00.088997,38.7,38.4,31.9,61.1
res-lab-02,Computer Lab 2,COMPUTER_LAB,75,10,5,1,24,32.4,3,7,2026-09-12T10:00:00.088997,37.0,32.5,31.0,52.2
res-lab-03,Computer Lab 3,COMPUTER_LAB,60,10,5,1,10,16.6,2,0,2026-09-12T10:00:00.088997,21.0,17.1,23.7,43.9
res-lab-ai,AI & Data Science Lab,RESEARCH_LAB,50,10,5,1,14,27.4,0,0,2026-09-12T10:00:00.088997,33.3,33.9,34.2,31.2
res-lab-res,Advanced Research Lab,RESEARCH_LAB,40,10,5,1,9,21.9,0,3,2026-09-12T10:00:00.088997,21.0,21.6,24.2,27.4
res-sr-01,Study Room A,STUDY_ROOM,24,10,5,1,5,19.8,3,0,2026-09-12T10:00:00.088997,18.6,22.5,41.4,16.8
res-sr-02,Study Room B,STUDY_ROOM,20,10,5,1,3,15.7,6,0,2026-09-12T10:00:00.088997,19.2,15.8,19.1,16.0
res-sr-03,Study Room C,STUDY_ROOM,20,10,5,1,2,12.1,9,3,2026-09-12T10:00:00.088997,18.5,20.0,5.6,26.8
res-can-01,Main Canteen,CANTEEN,250,10,5,1,93,37.1,1,6,2026-09-12T10:00:00.088997,41.9,53.2,41.3,33.9
res-sem-01,Dr. Kalam Seminar Hall,SEMINAR_HALL,180,10,5,1,23,12.7,5,0,2026-09-12T10:00:00.088997,6.4,18.2,16.7,22.8
res-cls-01,Block A Classrooms (301-305),CLASSROOM,150,10,5,1,55,36.5,2,0,2026-09-12T10:00:00.088997,46.7,35.5,35.0,59.8
res-cls-02,Block B Classrooms (201-204),CLASSROOM,120,10,5,1,26,21.6,2,3,2026-09-12T10:00:00.088997,27.9,24.6,43.3,6.0
res-sac-01,Student Activity Center,ACTIVITY_CENTER,160,10,5,1,29,18.0,0,5,2026-09-12T10:00:00.088997,20.6,19.0,32.0,38.8
res-lib-01,Central Library,LIBRARY,200,11,5,1,55,27.6,0,1,2026-09-12T11:00:00.088997,29.6,32.3,42.3,13.4
res-lib-02,Digital Reading Hall,LIBRARY,120,11,5,1,41,34.5,3,0,2026-09-12T11:00:00.088997,33.5,38.2,10.1,36.1
res-lab-01,Computer Lab 1,COMPUTER_LAB,80,11,5,1,36,44.6,6,2,2026-09-12T11:00:00.088997,45.8,58.9,61.6,65.5
res-lab-02,Computer Lab 2,COMPUTER_LAB,75,11,5,1,27,36.2,5,2,2026-09-12T11:00:00.088997,37.4,43.6,38.8,64.1
res-lab-03,Computer Lab 3,COMPUTER_LAB,60,11,5,1,9,14.4,3,5,2026-09-12T11:00:00.088997,20.5,10.9,26.4,34.6
res-lab-ai,AI & Data Science Lab,RESEARCH_LAB,50,11,5,1,17,33.6,0,1,2026-09-12T11:00:00.088997,39.5,34.0,38.9,62.5
res-lab-res,Advanced Research Lab,RESEARCH_LAB,40,11,5,1,8,19.8,0,0,2026-09-12T11:00:00.088997,23.1,16.8,25.6,33.8
res-sr-01,Study Room A,STUDY_ROOM,24,11,5,1,6,25.2,5,0,2026-09-12T11:00:00.088997,31.9,28.4,22.1,33.1
res-sr-02,Study Room B,STUDY_ROOM,20,11,5,1,4,20.8,2,2,2026-09-12T11:00:00.088997,29.3,17.2,17.2,11.4
res-sr-03,Study Room C,STUDY_ROOM,20,11,5,1,3,16.5,2,6,2026-09-12T11:00:00.088997,19.5,19.1,24.5,27.9
res-can-01,Main Canteen,CANTEEN,250,11,5,1,113,45.3,13,6,2026-09-12T11:00:00.088997,48.2,54.0,59.7,53.6
res-sem-01,Dr. Kalam Seminar Hall,SEMINAR_HALL,180,11,5,1,35,19.3,4,3,2026-09-12T11:00:00.088997,18.0,32.8,29.9,38.0
res-cls-01,Block A Classrooms (301-305),CLASSROOM,150,11,5,1,62,41.6,5,5,2026-09-12T11:00:00.088997,46.8,42.2,50.1,53.1
res-cls-02,Block B Classrooms (201-204),CLASSROOM,120,11,5,1,31,26.2,10,0,2026-09-12T11:00:00.088997,23.0,39.1,40.6,23.9
res-sac-01,Student Activity Center,ACTIVITY_CENTER,160,11,5,1,28,17.4,6,1,2026-09-12T11:00:00.088997,29.8,12.1,31.7,41.4
res-lib-01,Central Library,LIBRARY,200,12,5,1,57,28.6,2,1,2026-09-12T12:00:00.088997,32.3,38.5,42.0,29.0
res-lib-02,Digital Reading Hall,LIBRARY,120,12,5,1,43,36.0,3,0,2026-09-12T12:00:00.088997,36.4,47.0,44.9,55.2
res-lab-01,Computer Lab 1,COMPUTER_LAB,80,12,5,1,45,55.8,6,5,2026-09-12T12:00:00.088997,55.3,60.5,74.0,45.2
res-lab-02,Computer Lab 2,COMPUTER_LAB,75,12,5,1,31,41.9,2,2,2026-09-12T12:00:00.088997,44.2,54.0,37.8,26.0
res-lab-03,Computer Lab 3,COMPUTER_LAB,60,12,5,1,15,24.7,0,0,2026-09-12T12:00:00.088997,24.0,24.9,34.4,10.8
res-lab-ai,AI & Data Science Lab,RESEARCH_LAB,50,12,5,1,18,36.9,5,8,2026-09-12T12:00:00.088997,45.4,30.4,50.1,22.8
res-lab-res,Advanced Research Lab,RESEARCH_LAB,40,12,5,1,8,20.6,1,2,2026-09-12T12:00:00.088997,23.2,22.1,20.6,3.2
res-sr-01,Study Room A,STUDY_ROOM,24,12,5,1,5,20.9,4,4,2026-09-12T12:00:00.088997,21.0,27.6,37.6,22.9
res-sr-02,Study Room B,STUDY_ROOM,20,12,5,1,3,14.8,1,2,2026-09-12T12:00:00.088997,12.2,18.6,29.5,10.5
res-sr-03,Study Room C,STUDY_ROOM,20,12,5,1,4,18.6,2,0,2026-09-12T12:00:00.088997,23.5,23.2,24.2,2.3
res-can-01,Main Canteen,CANTEEN,250,12,5,1,167,66.6,6,8,2026-09-12T12:00:00.088997,67.0,81.2,87.8,43.9
res-sem-01,Dr. Kalam Seminar Hall,SEMINAR_HALL,180,12,5,1,50,28.0,1,1,2026-09-12T12:00:00.088997,38.0,31.2,39.3,22.5
res-cls-01,Block A Classrooms (301-305),CLASSROOM,150,12,5,1,43,28.7,0,0,2026-09-12T12:00:00.088997,27.2,16.6,41.6,41.4
res-cls-02,Block B Classrooms (201-204),CLASSROOM,120,12,5,1,43,35.4,0,1,2026-09-12T12:00:00.088997,35.6,34.3,51.2,33.2
res-sac-01,Student Activity Center,ACTIVITY_CENTER,160,12,5,1,17,10.4,3,5,2026-09-12T12:00:00.088997,20.0,32.6,10.3,32.3
res-lib-01,Central Library,LIBRARY,200,13,5,1,65,32.7,2,4,2026-09-12T13:00:00.088997,32.4,40.1,12.8,17.8
res-lib-02,Digital Reading Hall,LIBRARY,120,13,5,1,60,50.0,5,5,2026-09-12T13:00:00.088997,53.9,62.0,27.1,45.0
res-lab-01,Computer Lab 1,COMPUTER_LAB,80,13,5,1,47,58.8,7,9,2026-09-12T13:00:00.088997,56.0,57.7,33.4,40.2
res-lab-02,Computer Lab 2,COMPUTER_LAB,75,13,5,1,41,55.2,6,1,2026-09-12T13:00:00.088997,55.2,51.2,37.0,47.8
res-lab-03,Computer Lab 3,COMPUTER_LAB,60,13,5,1,16,27.1,6,2,2026-09-12T13:00:00.088997,29.5,30.4,26.1,24.5
res-lab-ai,AI & Data Science Lab,RESEARCH_LAB,50,13,5,1,24,48.1,7,4,2026-09-12T13:00:00.088997,52.3,51.1,40.2,32.9
res-lab-res,Advanced Research Lab,RESEARCH_LAB,40,13,5,1,7,18.2,0,3,2026-09-12T13:00:00.088997,25.4,30.2,0.0,21.6
res-sr-01,Study Room A,STUDY_ROOM,24,13,5,1,6,23.4,4,0,2026-09-12T13:00:00.088997,26.0,30.3,2.1,18.7
res-sr-02,Study Room B,STUDY_ROOM,20,13,5,1,4,20.4,1,6,2026-09-12T13:00:00.088997,21.6,30.5,0.0,37.4
res-sr-03,Study Room C,STUDY_ROOM,20,13,5,1,7,34.1,3,0,2026-09-12T13:00:00.088997,37.3,30.5,30.1,27.1
res-can-01,Main Canteen,CANTEEN,250,13,5,1,178,71.2,11,9,2026-09-12T13:00:00.088997,77.1,76.3,50.5,71.0
res-sem-01,Dr. Kalam Seminar Hall,SEMINAR_HALL,180,13,5,1,54,29.9,0,7,2026-09-12T13:00:00.088997,40.3,34.7,41.4,19.0
res-cls-01,Block A Classrooms (301-305),CLASSROOM,150,13,5,1,38,25.3,1,7,2026-09-12T13:00:00.088997,24.2,34.7,12.3,7.8
res-cls-02,Block B Classrooms (201-204),CLASSROOM,120,13,5,1,47,39.0,3,2,2026-09-12T13:00:00.088997,45.5,53.6,36.8,19.1
res-sac-01,Student Activity Center,ACTIVITY_CENTER,160,13,5,1,21,13.0,1,2,2026-09-12T13:00:00.088997,11.0,22.3,5.7,0.0
res-lib-01,Central Library,LIBRARY,200,14,5,1,76,38.1,3,3,2026-09-12T14:00:00.088997,43.6,34.5,22.5,28.7
res-lib-02,Digital Reading Hall,LIBRARY,120,14,5,1,52,43.4,6,6,2026-09-12T14:00:00.088997,46.3,38.3,50.2,42.3
res-lab-01,Computer Lab 1,COMPUTER_LAB,80,14,5,1,46,57.0,13,6,2026-09-12T14:00:00.088997,51.7,61.9,67.7,44.6
res-lab-02,Computer Lab 2,COMPUTER_LAB,75,14,5,1,36,47.8,5,6,2026-09-12T14:00:00.088997,50.9,46.3,40.8,53.8
res-lab-03,Computer Lab 3,COMPUTER_LAB,60,14,5,1,22,36.5,7,2,2026-09-12T14:00:00.088997,36.2,30.8,28.0,20.0
res-lab-ai,AI & Data Science Lab,RESEARCH_LAB,50,14,5,1,29,58.1,4,3,2026-09-12T14:00:00.088997,64.6,59.0,28.7,39.3
res-lab-res,Advanced Research Lab,RESEARCH_LAB,40,14,5,1,9,21.9,0,0,2026-09-12T14:00:00.088997,19.3,10.0,14.4,0.0
res-sr-01,Study Room A,STUDY_ROOM,24,14,5,1,8,33.5,2,7,2026-09-12T14:00:00.088997,37.1,33.2,22.5,45.3
res-sr-02,Study Room B,STUDY_ROOM,20,14,5,1,3,13.5,0,1,2026-09-12T14:00:00.088997,20.5,7.3,3.9,0.0
res-sr-03,Study Room C,STUDY_ROOM,20,14,5,1,8,38.8,7,6,2026-09-12T14:00:00.088997,34.3,29.6,19.2,27.8
res-can-01,Main Canteen,CANTEEN,250,14,5,1,156,62.6,3,4,2026-09-12T14:00:00.088997,58.6,54.3,58.8,51.5
res-sem-01,Dr. Kalam Seminar Hall,SEMINAR_HALL,180,14,5,1,48,26.6,3,0,2026-09-12T14:00:00.088997,25.0,22.5,5.1,26.5
res-cls-01,Block A Classrooms (301-305),CLASSROOM,150,14,5,1,23,15.6,2,5,2026-09-12T14:00:00.088997,17.3,10.8,4.3,15.0
res-cls-02,Block B Classrooms (201-204),CLASSROOM,120,14,5,1,39,32.7,2,0,2026-09-12T14:00:00.088997,22.4,28.7,24.0,34.4
res-sac-01,Student Activity Center,ACTIVITY_CENTER,160,14,5,1,26,16.4,5,0,2026-09-12T14:00:00.088997,19.0,8.3,15.4,0.0
res-lib-01,Central Library,LIBRARY,200,15,5,1,97,48.7,0,4,2026-09-12T15:00:00.088997,48.5,40.6,31.2,46.8
res-lib-02,Digital Reading Hall,LIBRARY,120,15,5,1,48,39.6,3,4,2026-09-12T15:00:00.088997,48.2,41.5,42.1,32.8
res-lab-01,Computer Lab 1,COMPUTER_LAB,80,15,5,1,45,55.7,0,3,2026-09-12T15:00:00.088997,51.8,39.4,37.3,19.9
res-lab-02,Computer Lab 2,COMPUTER_LAB,75,15,5,1,34,44.9,7,7,2026-09-12T15:00:00.088997,44.5,34.1,19.5,11.8
res-lab-03,Computer Lab 3,COMPUTER_LAB,60,15,5,1,22,35.9,1,3,2026-09-12T15:00:00.088997,29.9,33.0,25.8,24.1
res-lab-ai,AI & Data Science Lab,RESEARCH_LAB,50,15,5,1,30,60.6,3,7,2026-09-12T15:00:00.088997,58.5,53.6,60.5,59.1
res-lab-res,Advanced Research Lab,RESEARCH_LAB,40,15,5,1,13,33.0,3,4,2026-09-12T15:00:00.088997,29.9,31.5,27.6,43.0
res-sr-01,Study Room A,STUDY_ROOM,24,15,5,1,8,33.9,3,0,2026-09-12T15:00:00.088997,34.3,19.2,29.0,14.3
res-sr-02,Study Room B,STUDY_ROOM,20,15,5,1,5,25.2,0,1,2026-09-12T15:00:00.088997,27.6,20.1,22.9,33.2
res-sr-03,Study Room C,STUDY_ROOM,20,15,5,1,8,40.9,3,5,2026-09-12T15:00:00.088997,36.7,32.9,19.2,40.0
res-can-01,Main Canteen,CANTEEN,250,15,5,1,126,50.5,6,1,2026-09-12T15:00:00.088997,50.2,40.9,41.2,49.0
res-sem-01,Dr. Kalam Seminar Hall,SEMINAR_HALL,180,15,5,1,45,25.0,2,0,2026-09-12T15:00:00.088997,34.9,30.4,23.5,3.9
res-cls-01,Block A Classrooms (301-305),CLASSROOM,150,15,5,1,14,9.5,0,4,2026-09-12T15:00:00.088997,8.6,0.0,0.0,11.0
res-cls-02,Block B Classrooms (201-204),CLASSROOM,120,15,5,1,35,29.6,8,5,2026-09-12T15:00:00.088997,26.5,5.1,24.2,17.5
res-sac-01,Student Activity Center,ACTIVITY_CENTER,160,15,5,1,61,38.3,4,0,2026-09-12T15:00:00.088997,38.6,37.1,36.5,37.7
res-lib-01,Central Library,LIBRARY,200,16,5,1,107,53.4,5,5,2026-09-12T16:00:00.088997,51.8,49.1,54.4,49.1
res-lib-02,Digital Reading Hall,LIBRARY,120,16,5,1,50,41.5,11,4,2026-09-12T16:00:00.088997,24.1,43.9,28.6,19.8
res-lab-01,Computer Lab 1,COMPUTER_LAB,80,16,5,1,37,46.6,4,6,2026-09-12T16:00:00.088997,38.3,35.1,41.6,42.0
res-lab-02,Computer Lab 2,COMPUTER_LAB,75,16,5,1,31,40.7,2,1,2026-09-12T16:00:00.088997,36.7,37.2,46.1,4.2
res-lab-03,Computer Lab 3,COMPUTER_LAB,60,16,5,1,22,36.9,0,0,2026-09-12T16:00:00.088997,38.7,35.1,32.9,35.9
res-lab-ai,AI & Data Science Lab,RESEARCH_LAB,50,16,5,1,25,50.8,4,11,2026-09-12T16:00:00.088997,47.8,50.2,42.9,16.7
res-lab-res,Advanced Research Lab,RESEARCH_LAB,40,16,5,1,14,34.6,2,6,2026-09-12T16:00:00.088997,35.7,35.1,17.7,42.0
res-sr-01,Study Room A,STUDY_ROOM,24,16,5,1,10,41.0,5,4,2026-09-12T16:00:00.088997,38.3,44.0,26.6,12.8
res-sr-02,Study Room B,STUDY_ROOM,20,16,5,1,7,35.1,3,13,2026-09-12T16:00:00.088997,35.8,27.7,17.6,0.5
res-sr-03,Study Room C,STUDY_ROOM,20,16,5,1,7,35.8,4,7,2026-09-12T16:00:00.088997,38.2,32.1,24.8,27.0
res-can-01,Main Canteen,CANTEEN,250,16,5,1,77,30.7,8,2,2026-09-12T16:00:00.088997,28.4,12.4,20.9,28.7
res-sem-01,Dr. Kalam Seminar Hall,SEMINAR_HALL,180,16,5,1,18,9.8,0,3,2026-09-12T16:00:00.088997,1.9,11.2,0.0,0.0
res-cls-01,Block A Classrooms (301-305),CLASSROOM,150,16,5,1,8,5.5,1,7,2026-09-12T16:00:00.088997,6.6,0.0,7.7,0.0
res-cls-02,Block B Classrooms (201-204),CLASSROOM,120,16,5,1,24,20.2,4,0,2026-09-12T16:00:00.088997,14.2,20.9,13.6,0.0
res-sac-01,Student Activity Center,ACTIVITY_CENTER,160,16,5,1,87,54.5,0,5,2026-09-12T16:00:00.088997,61.3,54.3,66.2,53.1
res-lib-01,Central Library,LIBRARY,200,17,5,1,104,51.9,12,6,2026-09-12T17:00:00.088997,49.1,53.1,56.9,34.1
res-lib-02,Digital Reading Hall,LIBRARY,120,17,5,1,26,21.8,3,4,2026-09-12T17:00:00.088997,23.0,8.3,31.0,2.1
res-lab-01,Computer Lab 1,COMPUTER_LAB,80,17,5,1,31,38.7,1,11,2026-09-12T17:00:00.088997,37.6,28.6,38.4,35.9
res-lab-02,Computer Lab 2,COMPUTER_LAB,75,17,5,1,22,29.0,5,0,2026-09-12T17:00:00.088997,25.0,11.9,9.1,38.7
res-lab-03,Computer Lab 3,COMPUTER_LAB,60,17,5,1,23,38.4,4,8,2026-09-12T17:00:00.088997,35.7,31.9,30.9,24.9
res-lab-ai,AI & Data Science Lab,RESEARCH_LAB,50,17,5,1,23,45.9,8,5,2026-09-12T17:00:00.088997,46.8,47.1,41.4,22.3
res-lab-res,Advanced Research Lab,RESEARCH_LAB,40,17,5,1,16,40.6,5,3,2026-09-12T17:00:00.088997,38.9,35.5,55.8,12.6
res-sr-01,Study Room A,STUDY_ROOM,24,17,5,1,9,36.9,5,2,2026-09-12T17:00:00.088997,36.2,35.4,40.4,6.8
res-sr-02,Study Room B,STUDY_ROOM,20,17,5,1,8,37.6,5,6,2026-09-12T17:00:00.088997,44.4,38.4,29.1,14.9
res-sr-03,Study Room C,STUDY_ROOM,20,17,5,1,7,32.8,2,5,2026-09-12T17:00:00.088997,31.8,19.8,20.8,31.3
res-can-01,Main Canteen,CANTEEN,250,17,5,1,29,11.4,3,2,2026-09-12T17:00:00.088997,15.9,7.8,0.0,0.0
res-sem-01,Dr. Kalam Seminar Hall,SEMINAR_HALL,180,17,5,1,11,6.0,0,0,2026-09-12T17:00:00.088997,3.2,0.0,0.0,3.7
res-cls-01,Block A Classrooms (301-305),CLASSROOM,150,17,5,1,16,10.9,1,2,2026-09-12T17:00:00.088997,9.3,13.4,4.0,0.0
res-cls-02,Block B Classrooms (201-204),CLASSROOM,120,17,5,1,20,16.5,3,0,2026-09-12T17:00:00.088997,9.5,13.9,7.5,23.4
res-sac-01,Student Activity Center,ACTIVITY_CENTER,160,17,5,1,113,70.5,5,9,2026-09-12T17:00:00.088997,72.2,66.5,68.6,58.0
res-lib-01,Central Library,LIBRARY,200,18,5,1,85,42.7,8,6,2026-09-12T18:00:00.088997,40.1,45.9,13.5,55.4
res-lib-02,Digital Reading Hall,LIBRARY,120,18,5,1,16,13.2,0,1,2026-09-12T18:00:00.088997,10.6,14.2,0.0,4.3
res-lab-01,Computer Lab 1,COMPUTER_LAB,80,18,5,1,26,32.7,4,3,2026-09-12T18:00:00.088997,31.1,24.4,20.1,24.1
res-lab-02,Computer Lab 2,COMPUTER_LAB,75,18,5,1,22,28.8,1,0,2026-09-12T18:00:00.088997,29.2,23.6,28.2,5.9
res-lab-03,Computer Lab 3,COMPUTER_LAB,60,18,5,1,10,17.0,0,0,2026-09-12T18:00:00.088997,14.7,8.2,15.7,1.5
res-lab-ai,AI & Data Science Lab,RESEARCH_LAB,50,18,5,1,20,39.7,5,4,2026-09-12T18:00:00.088997,37.6,37.8,24.6,44.5
res-lab-res,Advanced Research Lab,RESEARCH_LAB,40,18,5,1,17,41.8,1,4,2026-09-12T18:00:00.088997,36.4,40.8,53.7,20.4
res-sr-01,Study Room A,STUDY_ROOM,24,18,5,1,10,41.4,0,5,2026-09-12T18:00:00.088997,35.8,32.6,23.4,38.1
res-sr-02,Study Room B,STUDY_ROOM,20,18,5,1,9,43.9,5,1,2026-09-12T18:00:00.088997,48.2,34.4,16.4,37.4
res-sr-03,Study Room C,STUDY_ROOM,20,18,5,1,5,23.7,5,1,2026-09-12T18:00:00.088997,24.1,27.1,4.9,4.9
res-can-01,Main Canteen,CANTEEN,250,18,5,1,24,9.7,5,0,2026-09-12T18:00:00.088997,5.3,7.6,0.0,0.0
res-sem-01,Dr. Kalam Seminar Hall,SEMINAR_HALL,180,18,5,1,9,5.0,7,0,2026-09-12T18:00:00.088997,1.7,0.0,14.2,0.0
res-cls-01,Block A Classrooms (301-305),CLASSROOM,150,18,5,1,27,17.9,4,3,2026-09-12T18:00:00.088997,12.0,16.4,3.4,21.1
res-cls-02,Block B Classrooms (201-204),CLASSROOM,120,18,5,1,7,6.1,0,0,2026-09-12T18:00:00.088997,0.2,5.6,2.9,8.6
res-sac-01,Student Activity Center,ACTIVITY_CENTER,160,18,5,1,117,72.9,11,14,2026-09-12T18:00:00.088997,69.1,79.3,62.5,44.4
res-lib-01,Central Library,LIBRARY,200,19,5,1,66,32.9,7,0,2026-09-12T19:00:00.088997,28.5,31.5,24.9,27.9
res-lib-02,Digital Reading Hall,LIBRARY,120,19,5,1,25,21.0,3,0,2026-09-12T19:00:00.088997,19.9,10.4,24.5,1.3
res-lab-01,Computer Lab 1,COMPUTER_LAB,80,19,5,1,32,39.5,4,4,2026-09-12T19:00:00.088997,35.5,28.4,15.8,14.9
res-lab-02,Computer Lab 2,COMPUTER_LAB,75,19,5,1,18,23.7,3,5,2026-09-12T19:00:00.088997,19.9,13.4,2.7,17.5
res-lab-03,Computer Lab 3,COMPUTER_LAB,60,19,5,1,12,20.5,6,4,2026-09-12T19:00:00.088997,21.1,25.7,15.5,16.3
res-lab-ai,AI & Data Science Lab,RESEARCH_LAB,50,19,5,1,14,28.7,0,0,2026-09-12T19:00:00.088997,26.7,24.1,38.1,17.7
res-lab-res,Advanced Research Lab,RESEARCH_LAB,40,19,5,1,17,41.5,3,3,2026-09-12T19:00:00.088997,34.2,32.1,38.3,29.6
res-sr-01,Study Room A,STUDY_ROOM,24,19,5,1,9,36.9,4,2,2026-09-12T19:00:00.088997,43.5,31.4,39.4,20.1
res-sr-02,Study Room B,STUDY_ROOM,20,19,5,1,8,37.9,7,4,2026-09-12T19:00:00.088997,26.4,33.0,40.9,32.2
res-sr-03,Study Room C,STUDY_ROOM,20,19,5,1,4,21.5,0,0,2026-09-12T19:00:00.088997,21.1,19.0,24.4,7.8
res-can-01,Main Canteen,CANTEEN,250,19,5,1,29,11.6,1,0,2026-09-12T19:00:00.088997,0.6,9.2,5.2,0.0
res-sem-01,Dr. Kalam Seminar Hall,SEMINAR_HALL,180,19,5,1,9,5.0,2,0,2026-09-12T19:00:00.088997,5.2,11.2,0.0,0.0
res-cls-01,Block A Classrooms (301-305),CLASSROOM,150,19,5,1,14,9.2,5,0,2026-09-12T19:00:00.088997,14.9,5.0,0.3,0.0
res-cls-02,Block B Classrooms (201-204),CLASSROOM,120,19,5,1,10,8.3,4,0,2026-09-12T19:00:00.088997,7.6,0.9,0.0,27.3
res-sac-01,Student Activity Center,ACTIVITY_CENTER,160,19,5,1,118,73.6,10,10,2026-09-12T19:00:00.088997,65.9,79.1,43.0,52.3
res-lib-01,Central Library,LIBRARY,200,20,5,1,46,23.2,4,2,2026-09-12T20:00:00.088997,20.5,18.1,6.4,0.0
res-lib-02,Digital Reading Hall,LIBRARY,120,20,5,1,27,22.9,4,7,2026-09-12T20:00:00.088997,17.7,22.1,12.4,25.2
res-lab-01,Computer Lab 1,COMPUTER_LAB,80,20,5,1,31,39.1,5,2,2026-09-12T20:00:00.088997,40.9,38.0,24.9,11.2
res-lab-02,Computer Lab 2,COMPUTER_LAB,75,20,5,1,18,23.8,7,5,2026-09-12T20:00:00.088997,17.4,11.8,27.3,0.0
res-lab-03,Computer Lab 3,COMPUTER_LAB,60,20,5,1,10,17.0,0,6,2026-09-12T20:00:00.088997,12.0,18.9,10.7,8.1
res-lab-ai,AI & Data Science Lab,RESEARCH_LAB,50,20,5,1,11,22.1,0,1,2026-09-12T20:00:00.088997,21.1,10.4,4.3,16.9
res-lab-res,Advanced Research Lab,RESEARCH_LAB,40,20,5,1,13,31.4,3,5,2026-09-12T20:00:00.088997,24.7,24.2,38.2,20.2
res-sr-01,Study Room A,STUDY_ROOM,24,20,5,1,6,25.2,9,0,2026-09-12T20:00:00.088997,26.4,30.2,14.3,23.5
res-sr-02,Study Room B,STUDY_ROOM,20,20,5,1,5,24.2,0,3,2026-09-12T20:00:00.088997,25.4,26.0,30.4,11.4
res-sr-03,Study Room C,STUDY_ROOM,20,20,5,1,4,19.8,1,4,2026-09-12T20:00:00.088997,18.6,17.4,15.6,0.0
res-can-01,Main Canteen,CANTEEN,250,20,5,1,14,5.5,0,0,2026-09-12T20:00:00.088997,6.8,5.7,0.4,0.0
res-sem-01,Dr. Kalam Seminar Hall,SEMINAR_HALL,180,20,5,1,19,10.5,7,1,2026-09-12T20:00:00.088997,10.6,6.7,7.3,0.0
res-cls-01,Block A Classrooms (301-305),CLASSROOM,150,20,5,1,15,9.9,3,8,2026-09-12T20:00:00.088997,2.3,4.2,0.0,17.0
res-cls-02,Block B Classrooms (201-204),CLASSROOM,120,20,5,1,9,7.6,0,2,2026-09-12T20:00:00.088997,12.6,6.6,1.5,0.6
res-sac-01,Student Activity Center,ACTIVITY_CENTER,160,20,5,1,100,62.7,4,5,2026-09-12T20:00:00.088997,58.9,50.7,51.7,64.0
res-lib-01,Central Library,LIBRARY,200,21,5,1,55,27.3,5,3,2026-09-12T21:00:00.088997,27.4,17.5,16.5,17.6
res-lib-02,Digital Reading Hall,LIBRARY,120,21,5,1,25,21.1,3,1,2026-09-12T21:00:00.088997,17.6,35.1,21.3,14.1
res-lab-01,Computer Lab 1,COMPUTER_LAB,80,21,5,1,27,34.1,2,3,2026-09-12T21:00:00.088997,33.2,17.8,11.9,14.4
res-lab-02,Computer Lab 2,COMPUTER_LAB,75,21,5,1,19,25.8,2,7,2026-09-12T21:00:00.088997,17.9,16.3,31.5,15.4
res-lab-03,Computer Lab 3,COMPUTER_LAB,60,21,5,1,11,18.5,8,0,2026-09-12T21:00:00.088997,16.1,11.9,0.0,2.8
res-lab-ai,AI & Data Science Lab,RESEARCH_LAB,50,21,5,1,17,33.5,5,5,2026-09-12T21:00:00.088997,30.0,24.6,36.9,15.6
res-lab-res,Advanced Research Lab,RESEARCH_LAB,40,21,5,1,8,21.2,3,6,2026-09-12T21:00:00.088997,23.1,8.4,2.5,16.1
res-sr-01,Study Room A,STUDY_ROOM,24,21,5,1,5,19.7,1,5,2026-09-12T21:00:00.088997,18.5,15.1,18.8,3.2
res-sr-02,Study Room B,STUDY_ROOM,20,21,5,1,5,26.0,0,4,2026-09-12T21:00:00.088997,29.7,12.7,14.9,27.7
res-sr-03,Study Room C,STUDY_ROOM,20,21,5,1,4,19.6,1,0,2026-09-12T21:00:00.088997,21.5,21.7,1.1,0.0
res-can-01,Main Canteen,CANTEEN,250,21,5,1,27,10.9,3,0,2026-09-12T21:00:00.088997,11.6,1.6,0.0,0.0
res-sem-01,Dr. Kalam Seminar Hall,SEMINAR_HALL,180,21,5,1,9,5.3,0,0,2026-09-12T21:00:00.088997,0.0,0.0,5.3,8.3
res-cls-01,Block A Classrooms (301-305),CLASSROOM,150,21,5,1,22,14.8,0,0,2026-09-12T21:00:00.088997,14.7,13.6,10.4,0.0
res-cls-02,Block B Classrooms (201-204),CLASSROOM,120,21,5,1,8,6.5,0,2,2026-09-12T21:00:00.088997,7.6,2.4,1.5,0.0
res-sac-01,Student Activity Center,ACTIVITY_CENTER,160,21,5,1,65,40.5,5,4,2026-09-12T21:00:00.088997,37.5,36.0,36.9,31.7
res-lib-01,Central Library,LIBRARY,200,8,6,1,53,26.5,7,3,2026-09-13T08:00:00.088997,25.9,36.8,22.2,23.5
res-lib-02,Digital Reading Hall,LIBRARY,120,8,6,1,26,21.3,4,0,2026-09-13T08:00:00.088997,21.8,22.7,25.0,42.7
res-lab-01,Computer Lab 1,COMPUTER_LAB,80,8,6,1,30,37.8,4,2,2026-09-13T08:00:00.088997,34.4,51.3,51.2,39.3
res-lab-02,Computer Lab 2,COMPUTER_LAB,75,8,6,1,21,27.9,3,1,2026-09-13T08:00:00.088997,31.6,28.4,32.8,39.3
res-lab-03,Computer Lab 3,COMPUTER_LAB,60,8,6,1,8,13.0,3,6,2026-09-13T08:00:00.088997,12.0,8.0,3.0,21.2
res-lab-ai,AI & Data Science Lab,RESEARCH_LAB,50,8,6,1,14,27.3,3,3,2026-09-13T08:00:00.088997,22.9,21.5,38.0,39.0
res-lab-res,Advanced Research Lab,RESEARCH_LAB,40,8,6,1,7,18.3,0,3,2026-09-13T08:00:00.088997,25.4,25.0,18.7,28.8
res-sr-01,Study Room A,STUDY_ROOM,24,8,6,1,3,14.5,4,1,2026-09-13T08:00:00.088997,9.5,17.7,26.7,20.5
res-sr-02,Study Room B,STUDY_ROOM,20,8,6,1,3,13.9,0,3,2026-09-13T08:00:00.088997,13.3,6.0,18.6,35.7
res-sr-03,Study Room C,STUDY_ROOM,20,8,6,1,3,13.5,6,2,2026-09-13T08:00:00.088997,16.8,17.7,20.8,20.3
res-can-01,Main Canteen,CANTEEN,250,8,6,1,22,8.8,2,0,2026-09-13T08:00:00.088997,6.5,7.1,35.2,25.2
res-sem-01,Dr. Kalam Seminar Hall,SEMINAR_HALL,180,8,6,1,11,6.2,0,2,2026-09-13T08:00:00.088997,7.8,12.5,5.4,18.1
res-cls-01,Block A Classrooms (301-305),CLASSROOM,150,8,6,1,26,17.4,0,3,2026-09-13T08:00:00.088997,13.3,25.8,31.6,16.9
res-cls-02,Block B Classrooms (201-204),CLASSROOM,120,8,6,1,8,6.7,0,1,2026-09-13T08:00:00.088997,8.1,14.3,30.6,10.6
res-sac-01,Student Activity Center,ACTIVITY_CENTER,160,8,6,1,13,8.1,3,5,2026-09-13T08:00:00.088997,11.7,6.6,15.0,4.7
res-lib-01,Central Library,LIBRARY,200,9,6,1,55,27.6,0,1,2026-09-13T09:00:00.088997,25.6,33.3,32.3,39.7
res-lib-02,Digital Reading Hall,LIBRARY,120,9,6,1,24,20.1,0,3,2026-09-13T09:00:00.088997,21.9,19.2,48.3,35.8
res-lab-01,Computer Lab 1,COMPUTER_LAB,80,9,6,1,28,34.4,8,8,2026-09-13T09:00:00.088997,35.8,41.5,33.5,42.6
res-lab-02,Computer Lab 2,COMPUTER_LAB,75,9,6,1,18,24.2,3,3,2026-09-13T09:00:00.088997,28.4,30.6,21.3,22.9
res-lab-03,Computer Lab 3,COMPUTER_LAB,60,9,6,1,8,12.8,0,4,2026-09-13T09:00:00.088997,10.2,15.7,29.4,19.2
res-lab-ai,AI & Data Science Lab,RESEARCH_LAB,50,9,6,1,16,31.8,3,3,2026-09-13T09:00:00.088997,32.9,40.8,25.9,37.5
res-lab-res,Advanced Research Lab,RESEARCH_LAB,40,9,6,1,8,21.2,4,6,2026-09-13T09:00:00.088997,21.6,35.1,23.3,47.1
res-sr-01,Study Room A,STUDY_ROOM,24,9,6,1,6,23.3,0,3,2026-09-13T09:00:00.088997,25.1,32.0,29.3,29.6
res-sr-02,Study Room B,STUDY_ROOM,20,9,6,1,4,20.5,2,4,2026-09-13T09:00:00.088997,21.6,35.5,22.4,23.1
res-sr-03,Study Room C,STUDY_ROOM,20,9,6,1,4,21.1,1,6,2026-09-13T09:00:00.088997,26.7,25.2,12.8,30.9
res-can-01,Main Canteen,CANTEEN,250,9,6,1,26,10.4,4,5,2026-09-13T09:00:00.088997,9.7,20.2,25.3,33.3
res-sem-01,Dr. Kalam Seminar Hall,SEMINAR_HALL,180,9,6,1,13,7.0,0,0,2026-09-13T09:00:00.088997,4.4,10.8,23.8,20.7
res-cls-01,Block A Classrooms (301-305),CLASSROOM,150,9,6,1,47,31.4,4,0,2026-09-13T09:00:00.088997,23.3,37.3,37.5,29.7
res-cls-02,Block B Classrooms (201-204),CLASSROOM,120,9,6,1,10,7.9,0,0,2026-09-13T09:00:00.088997,12.6,14.0,30.4,5.5
res-sac-01,Student Activity Center,ACTIVITY_CENTER,160,9,6,1,30,18.5,2,3,2026-09-13T09:00:00.088997,18.8,30.0,29.2,20.4
res-lib-01,Central Library,LIBRARY,200,10,6,1,50,25.0,2,3,2026-09-13T10:00:00.088997,22.2,29.8,36.5,35.3
res-lib-02,Digital Reading Hall,LIBRARY,120,10,6,1,36,30.1,5,2,2026-09-13T10:00:00.088997,33.0,36.9,41.7,18.2
res-lab-01,Computer Lab 1,COMPUTER_LAB,80,10,6,1,31,38.5,0,7,2026-09-13T10:00:00.088997,40.3,42.4,54.6,53.6
res-lab-02,Computer Lab 2,COMPUTER_LAB,75,10,6,1,19,25.2,2,1,2026-09-13T10:00:00.088997,20.2,26.1,31.6,33.8
res-lab-03,Computer Lab 3,COMPUTER_LAB,60,10,6,1,5,9.1,4,0,2026-09-13T10:00:00.088997,11.2,16.5,10.0,24.5
res-lab-ai,AI & Data Science Lab,RESEARCH_LAB,50,10,6,1,14,28.5,0,4,2026-09-13T10:00:00.088997,36.5,37.9,44.8,32.3
res-lab-res,Advanced Research Lab,RESEARCH_LAB,40,10,6,1,5,13.6,6,7,2026-09-13T10:00:00.088997,21.8,16.6,11.2,10.8
res-sr-01,Study Room A,STUDY_ROOM,24,10,6,1,3,13.3,1,6,2026-09-13T10:00:00.088997,14.7,20.1,33.6,18.4
res-sr-02,Study Room B,STUDY_ROOM,20,10,6,1,5,23.1,8,1,2026-09-13T10:00:00.088997,22.8,32.3,28.0,19.3
res-sr-03,Study Room C,STUDY_ROOM,20,10,6,1,4,20.1,6,2,2026-09-13T10:00:00.088997,17.1,17.7,29.1,24.1
res-can-01,Main Canteen,CANTEEN,250,10,6,1,79,31.4,6,5,2026-09-13T10:00:00.088997,38.9,30.5,36.3,50.5
res-sem-01,Dr. Kalam Seminar Hall,SEMINAR_HALL,180,10,6,1,29,15.9,6,2,2026-09-13T10:00:00.088997,25.3,24.1,33.5,22.0
res-cls-01,Block A Classrooms (301-305),CLASSROOM,150,10,6,1,49,32.8,6,8,2026-09-13T10:00:00.088997,37.7,37.3,53.2,16.5
res-cls-02,Block B Classrooms (201-204),CLASSROOM,120,10,6,1,21,17.5,4,1,2026-09-13T10:00:00.088997,21.9,22.9,30.6,17.7
res-sac-01,Student Activity Center,ACTIVITY_CENTER,160,10,6,1,28,17.3,5,5,2026-09-13T10:00:00.088997,27.3,23.7,27.7,9.0
res-lib-01,Central Library,LIBRARY,200,11,6,1,46,22.9,2,5,2026-09-13T11:00:00.088997,22.4,32.7,30.9,30.7
res-lib-02,Digital Reading Hall,LIBRARY,120,11,6,1,41,34.1,2,2,2026-09-13T11:00:00.088997,29.3,37.7,37.8,38.0
res-lab-01,Computer Lab 1,COMPUTER_LAB,80,11,6,1,40,49.8,7,5,2026-09-13T11:00:00.088997,55.8,58.3,55.2,54.3
res-lab-02,Computer Lab 2,COMPUTER_LAB,75,11,6,1,30,39.4,6,8,2026-09-13T11:00:00.088997,46.2,41.2,46.5,57.5
res-lab-03,Computer Lab 3,COMPUTER_LAB,60,11,6,1,12,19.3,5,1,2026-09-13T11:00:00.088997,16.3,18.3,29.7,33.4
res-lab-ai,AI & Data Science Lab,RESEARCH_LAB,50,11,6,1,13,25.6,3,4,2026-09-13T11:00:00.088997,23.0,37.2,30.2,50.7
res-lab-res,Advanced Research Lab,RESEARCH_LAB,40,11,6,1,7,17.9,0,0,2026-09-13T11:00:00.088997,19.5,20.5,23.9,31.9
res-sr-01,Study Room A,STUDY_ROOM,24,11,6,1,5,19.3,2,0,2026-09-13T11:00:00.088997,22.9,23.8,41.8,18.0
res-sr-02,Study Room B,STUDY_ROOM,20,11,6,1,2,7.8,2,1,2026-09-13T11:00:00.088997,5.7,3.6,29.6,34.7
res-sr-03,Study Room C,STUDY_ROOM,20,11,6,1,1,5.1,0,5,2026-09-13T11:00:00.088997,5.1,7.1,10.5,1.6
res-can-01,Main Canteen,CANTEEN,250,11,6,1,113,45.2,8,0,2026-09-13T11:00:00.088997,48.2,55.5,40.1,44.1
res-sem-01,Dr. Kalam Seminar Hall,SEMINAR_HALL,180,11,6,1,48,26.7,4,0,2026-09-13T11:00:00.088997,33.5,38.9,37.1,25.9
res-cls-01,Block A Classrooms (301-305),CLASSROOM,150,11,6,1,52,34.3,4,2,2026-09-13T11:00:00.088997,40.1,30.2,28.9,46.5
res-cls-02,Block B Classrooms (201-204),CLASSROOM,120,11,6,1,34,28.1,1,0,2026-09-13T11:00:00.088997,30.1,32.7,41.9,38.9
res-sac-01,Student Activity Center,ACTIVITY_CENTER,160,11,6,1,23,14.5,5,0,2026-09-13T11:00:00.088997,18.6,9.4,14.9,9.9
res-lib-01,Central Library,LIBRARY,200,12,6,1,56,28.1,3,2,2026-09-13T12:00:00.088997,25.7,31.3,29.3,20.7
res-lib-02,Digital Reading Hall,LIBRARY,120,12,6,1,43,36.1,8,0,2026-09-13T12:00:00.088997,34.8,51.1,40.1,8.3
res-lab-01,Computer Lab 1,COMPUTER_LAB,80,12,6,1,45,55.9,5,3,2026-09-13T12:00:00.088997,53.5,77.5,61.6,20.8
res-lab-02,Computer Lab 2,COMPUTER_LAB,75,12,6,1,38,51.0,7,2,2026-09-13T12:00:00.088997,49.3,60.0,56.8,15.9
res-lab-03,Computer Lab 3,COMPUTER_LAB,60,12,6,1,19,31.3,2,7,2026-09-13T12:00:00.088997,38.4,30.3,48.6,11.4
res-lab-ai,AI & Data Science Lab,RESEARCH_LAB,50,12,6,1,16,31.6,2,4,2026-09-13T12:00:00.088997,31.8,34.8,49.9,20.9
res-lab-res,Advanced Research Lab,RESEARCH_LAB,40,12,6,1,7,16.6,4,2,2026-09-13T12:00:00.088997,8.5,24.2,28.2,4.9
res-sr-01,Study Room A,STUDY_ROOM,24,12,6,1,6,23.6,0,3,2026-09-13T12:00:00.088997,19.3,31.0,49.1,0.0
res-sr-02,Study Room B,STUDY_ROOM,20,12,6,1,2,12.0,0,1,2026-09-13T12:00:00.088997,9.7,19.5,27.6,6.4
res-sr-03,Study Room C,STUDY_ROOM,20,12,6,1,3,12.6,4,4,2026-09-13T12:00:00.088997,18.0,19.9,22.6,13.0
res-can-01,Main Canteen,CANTEEN,250,12,6,1,186,74.6,6,10,2026-09-13T12:00:00.088997,76.2,78.8,68.7,59.2
res-sem-01,Dr. Kalam Seminar Hall,SEMINAR_HALL,180,12,6,1,43,23.8,1,0,2026-09-13T12:00:00.088997,24.0,26.3,32.6,0.0
res-cls-01,Block A Classrooms (301-305),CLASSROOM,150,12,6,1,40,27.0,4,0,2026-09-13T12:00:00.088997,33.3,33.3,40.4,31.9
res-cls-02,Block B Classrooms (201-204),CLASSROOM,120,12,6,1,40,33.6,2,5,2026-09-13T12:00:00.088997,37.7,37.5,54.1,19.1
res-sac-01,Student Activity Center,ACTIVITY_CENTER,160,12,6,1,24,15.1,1,0,2026-09-13T12:00:00.088997,17.4,28.5,27.1,3.5
res-lib-01,Central Library,LIBRARY,200,13,6,1,67,33.5,5,5,2026-09-13T13:00:00.088997,37.9,36.5,28.4,27.2
res-lib-02,Digital Reading Hall,LIBRARY,120,13,6,1,49,40.8,5,0,2026-09-13T13:00:00.088997,44.8,49.8,39.6,24.1
res-lab-01,Computer Lab 1,COMPUTER_LAB,80,13,6,1,49,61.1,11,10,2026-09-13T13:00:00.088997,63.0,66.9,63.1,31.1
res-lab-02,Computer Lab 2,COMPUTER_LAB,75,13,6,1,36,48.6,9,7,2026-09-13T13:00:00.088997,52.0,44.5,40.1,29.5
res-lab-03,Computer Lab 3,COMPUTER_LAB,60,13,6,1,20,33.1,1,0,2026-09-13T13:00:00.088997,26.9,45.5,21.5,23.0
res-lab-ai,AI & Data Science Lab,RESEARCH_LAB,50,13,6,1,23,46.8,2,0,2026-09-13T13:00:00.088997,44.8,47.5,42.1,25.3
res-lab-res,Advanced Research Lab,RESEARCH_LAB,40,13,6,1,11,27.0,6,5,2026-09-13T13:00:00.088997,28.5,41.1,17.0,14.6
res-sr-01,Study Room A,STUDY_ROOM,24,13,6,1,6,25.4,5,4,2026-09-13T13:00:00.088997,25.5,27.2,23.2,22.0
res-sr-02,Study Room B,STUDY_ROOM,20,13,6,1,3,13.4,0,0,2026-09-13T13:00:00.088997,17.9,29.3,0.0,0.0
res-sr-03,Study Room C,STUDY_ROOM,20,13,6,1,5,26.6,7,2,2026-09-13T13:00:00.088997,25.0,34.9,15.0,0.0
res-can-01,Main Canteen,CANTEEN,250,13,6,1,179,71.4,13,8,2026-09-13T13:00:00.088997,73.9,74.9,66.1,62.8
res-sem-01,Dr. Kalam Seminar Hall,SEMINAR_HALL,180,13,6,1,58,32.2,4,5,2026-09-13T13:00:00.088997,34.3,31.3,18.7,0.0
res-cls-01,Block A Classrooms (301-305),CLASSROOM,150,13,6,1,52,34.9,6,1,2026-09-13T13:00:00.088997,35.8,36.1,40.8,5.9
res-cls-02,Block B Classrooms (201-204),CLASSROOM,120,13,6,1,42,35.3,3,6,2026-09-13T13:00:00.088997,36.9,29.8,25.0,11.6
res-sac-01,Student Activity Center,ACTIVITY_CENTER,160,13,6,1,25,15.3,6,0,2026-09-13T13:00:00.088997,14.1,17.0,3.9,12.2
res-lib-01,Central Library,LIBRARY,200,14,6,1,82,41.1,6,2,2026-09-13T14:00:00.088997,40.0,40.8,26.5,38.5
res-lib-02,Digital Reading Hall,LIBRARY,120,14,6,1,54,45.1,8,3,2026-09-13T14:00:00.088997,44.6,39.8,36.2,36.2
res-lab-01,Computer Lab 1,COMPUTER_LAB,80,14,6,1,50,62.0,3,10,2026-09-13T14:00:00.088997,52.6,52.9,53.1,54.9
res-lab-02,Computer Lab 2,COMPUTER_LAB,75,14,6,1,42,56.2,1,4,2026-09-13T14:00:00.088997,45.6,51.3,50.6,63.2
res-lab-03,Computer Lab 3,COMPUTER_LAB,60,14,6,1,23,38.2,7,5,2026-09-13T14:00:00.088997,34.5,24.8,32.7,8.3
res-lab-ai,AI & Data Science Lab,RESEARCH_LAB,50,14,6,1,29,57.9,6,9,2026-09-13T14:00:00.088997,54.0,54.5,51.8,45.4
res-lab-res,Advanced Research Lab,RESEARCH_LAB,40,14,6,1,11,27.4,4,0,2026-09-13T14:00:00.088997,20.5,29.8,25.9,16.2
res-sr-01,Study Room A,STUDY_ROOM,24,14,6,1,10,39.8,3,7,2026-09-13T14:00:00.088997,38.5,28.7,48.4,39.7
res-sr-02,Study Room B,STUDY_ROOM,20,14,6,1,4,19.2,4,0,2026-09-13T14:00:00.088997,20.6,0.0,2.1,19.0
res-sr-03,Study Room C,STUDY_ROOM,20,14,6,1,7,34.0,4,0,2026-09-13T14:00:00.088997,39.4,36.2,24.2,17.2
res-can-01,Main Canteen,CANTEEN,250,14,6,1,177,71.0,14,9,2026-09-13T14:00:00.088997,77.7,60.5,55.6,44.7
res-sem-01,Dr. Kalam Seminar Hall,SEMINAR_HALL,180,14,6,1,53,29.5,4,2,2026-09-13T14:00:00.088997,30.8,31.9,7.8,10.4
res-cls-01,Block A Classrooms (301-305),CLASSROOM,150,14,6,1,34,22.4,1,0,2026-09-13T14:00:00.088997,24.5,9.7,11.7,14.3
res-cls-02,Block B Classrooms (201-204),CLASSROOM,120,14,6,1,33,27.7,5,1,2026-09-13T14:00:00.088997,31.4,22.0,25.8,24.7
res-sac-01,Student Activity Center,ACTIVITY_CENTER,160,14,6,1,20,12.5,0,2,2026-09-13T14:00:00.088997,10.8,10.8,2.5,0.0
res-lib-01,Central Library,LIBRARY,200,15,6,1,112,55.8,2,7,2026-09-13T15:00:00.088997,51.5,48.8,44.9,34.1
res-lib-02,Digital Reading Hall,LIBRARY,120,15,6,1,51,42.3,9,5,2026-09-13T15:00:00.088997,40.7,31.4,39.0,56.2
res-lab-01,Computer Lab 1,COMPUTER_LAB,80,15,6,1,43,53.5,5,3,2026-09-13T15:00:00.088997,49.5,32.0,49.2,31.4
res-lab-02,Computer Lab 2,COMPUTER_LAB,75,15,6,1,29,38.6,6,0,2026-09-13T15:00:00.088997,35.2,42.4,17.9,8.2
res-lab-03,Computer Lab 3,COMPUTER_LAB,60,15,6,1,25,42.1,8,0,2026-09-13T15:00:00.088997,41.7,40.6,15.5,39.7
res-lab-ai,AI & Data Science Lab,RESEARCH_LAB,50,15,6,1,30,59.5,6,9,2026-09-13T15:00:00.088997,62.1,55.1,47.4,35.8
res-lab-res,Advanced Research Lab,RESEARCH_LAB,40,15,6,1,15,36.7,6,2,2026-09-13T15:00:00.088997,25.9,39.3,30.4,20.1
res-sr-01,Study Room A,STUDY_ROOM,24,15,6,1,10,43.5,9,0,2026-09-13T15:00:00.088997,43.2,29.9,39.9,33.0
res-sr-02,Study Room B,STUDY_ROOM,20,15,6,1,6,30.7,2,0,2026-09-13T15:00:00.088997,26.9,28.1,31.8,4.6
res-sr-03,Study Room C,STUDY_ROOM,20,15,6,1,9,44.0,3,5,2026-09-13T15:00:00.088997,39.9,40.1,44.0,17.2
res-can-01,Main Canteen,CANTEEN,250,15,6,1,123,49.3,6,12,2026-09-13T15:00:00.088997,43.8,56.5,59.3,36.1
res-sem-01,Dr. Kalam Seminar Hall,SEMINAR_HALL,180,15,6,1,37,20.6,0,1,2026-09-13T15:00:00.088997,13.0,15.2,26.1,1.3
res-cls-01,Block A Classrooms (301-305),CLASSROOM,150,15,6,1,14,9.0,0,2,2026-09-13T15:00:00.088997,8.1,4.4,0.0,0.0
res-cls-02,Block B Classrooms (201-204),CLASSROOM,120,15,6,1,30,25.2,2,3,2026-09-13T15:00:00.088997,24.0,26.9,23.3,15.5
res-sac-01,Student Activity Center,ACTIVITY_CENTER,160,15,6,1,70,43.9,6,8,2026-09-13T15:00:00.088997,44.3,27.8,47.6,33.5
res-lib-01,Central Library,LIBRARY,200,16,6,1,102,50.8,6,4,2026-09-13T16:00:00.088997,49.7,42.2,54.3,37.4
res-lib-02,Digital Reading Hall,LIBRARY,120,16,6,1,38,31.6,1,3,2026-09-13T16:00:00.088997,30.4,29.0,14.4,0.4
res-lab-01,Computer Lab 1,COMPUTER_LAB,80,16,6,1,41,50.7,10,1,2026-09-13T16:00:00.088997,55.0,47.4,42.6,33.9
res-lab-02,Computer Lab 2,COMPUTER_LAB,75,16,6,1,24,32.6,6,0,2026-09-13T16:00:00.088997,27.5,33.6,7.7,2.3
res-lab-03,Computer Lab 3,COMPUTER_LAB,60,16,6,1,23,37.7,5,5,2026-09-13T16:00:00.088997,34.5,47.9,27.6,22.9
res-lab-ai,AI & Data Science Lab,RESEARCH_LAB,50,16,6,1,25,49.6,6,6,2026-09-13T16:00:00.088997,52.4,35.6,39.3,42.9
res-lab-res,Advanced Research Lab,RESEARCH_LAB,40,16,6,1,18,45.1,5,6,2026-09-13T16:00:00.088997,39.9,49.4,46.0,17.0
res-sr-01,Study Room A,STUDY_ROOM,24,16,6,1,10,40.6,1,6,2026-09-13T16:00:00.088997,33.4,33.6,36.6,27.8
res-sr-02,Study Room B,STUDY_ROOM,20,16,6,1,7,36.1,1,5,2026-09-13T16:00:00.088997,31.6,29.1,30.2,25.3
res-sr-03,Study Room C,STUDY_ROOM,20,16,6,1,8,39.9,2,3,2026-09-13T16:00:00.088997,38.0,26.7,27.8,32.6
res-can-01,Main Canteen,CANTEEN,250,16,6,1,69,27.7,6,6,2026-09-13T16:00:00.088997,20.7,30.8,18.4,20.7
res-sem-01,Dr. Kalam Seminar Hall,SEMINAR_HALL,180,16,6,1,22,12.1,4,2,2026-09-13T16:00:00.088997,6.9,0.1,0.0,2.4
res-cls-01,Block A Classrooms (301-305),CLASSROOM,150,16,6,1,18,12.3,3,0,2026-09-13T16:00:00.088997,5.7,3.2,14.7,0.0
res-cls-02,Block B Classrooms (201-204),CLASSROOM,120,16,6,1,18,15.3,0,2,2026-09-13T16:00:00.088997,11.5,16.6,14.3,0.0
res-sac-01,Student Activity Center,ACTIVITY_CENTER,160,16,6,1,90,56.5,5,1,2026-09-13T16:00:00.088997,51.1,52.7,51.4,46.3
res-lib-01,Central Library,LIBRARY,200,17,6,1,93,46.5,8,4,2026-09-13T17:00:00.088997,47.4,30.9,3.2,37.9
res-lib-02,Digital Reading Hall,LIBRARY,120,17,6,1,23,19.0,1,0,2026-09-13T17:00:00.088997,23.4,16.4,12.5,17.1
res-lab-01,Computer Lab 1,COMPUTER_LAB,80,17,6,1,33,41.2,3,7,2026-09-13T17:00:00.088997,34.8,38.1,19.3,31.6
res-lab-02,Computer Lab 2,COMPUTER_LAB,75,17,6,1,23,30.5,8,0,2026-09-13T17:00:00.088997,26.1,30.4,25.5,20.7
res-lab-03,Computer Lab 3,COMPUTER_LAB,60,17,6,1,17,28.0,1,6,2026-09-13T17:00:00.088997,25.8,25.2,18.9,1.8
res-lab-ai,AI & Data Science Lab,RESEARCH_LAB,50,17,6,1,25,50.5,7,11,2026-09-13T17:00:00.088997,44.5,50.5,30.7,40.4
res-lab-res,Advanced Research Lab,RESEARCH_LAB,40,17,6,1,20,49.9,0,4,2026-09-13T17:00:00.088997,45.7,40.7,45.4,51.4
res-sr-01,Study Room A,STUDY_ROOM,24,17,6,1,11,44.3,5,4,2026-09-13T17:00:00.088997,42.3,32.8,46.3,35.9
res-sr-02,Study Room B,STUDY_ROOM,20,17,6,1,8,41.4,2,2,2026-09-13T17:00:00.088997,38.7,27.2,18.2,22.2
res-sr-03,Study Room C,STUDY_ROOM,20,17,6,1,7,37.1,2,0,2026-09-13T17:00:00.088997,31.9,29.4,25.9,51.1
res-can-01,Main Canteen,CANTEEN,250,17,6,1,36,14.2,4,4,2026-09-13T17:00:00.088997,8.2,1.9,0.0,18.2
res-sem-01,Dr. Kalam Seminar Hall,SEMINAR_HALL,180,17,6,1,9,5.0,0,0,2026-09-13T17:00:00.088997,2.0,1.6,0.0,0.0
res-cls-01,Block A Classrooms (301-305),CLASSROOM,150,17,6,1,19,12.7,0,0,2026-09-13T17:00:00.088997,13.5,3.9,0.0,7.8
res-cls-02,Block B Classrooms (201-204),CLASSROOM,120,17,6,1,8,6.6,0,2,2026-09-13T17:00:00.088997,12.8,5.2,2.8,0.9
res-sac-01,Student Activity Center,ACTIVITY_CENTER,160,17,6,1,108,67.6,8,6,2026-09-13T17:00:00.088997,66.9,63.3,63.0,51.8
res-lib-01,Central Library,LIBRARY,200,18,6,1,84,42.0,1,3,2026-09-13T18:00:00.088997,45.6,39.0,33.9,52.8
res-lib-02,Digital Reading Hall,LIBRARY,120,18,6,1,17,14.6,0,6,2026-09-13T18:00:00.088997,12.7,8.1,0.0,7.9
res-lab-01,Computer Lab 1,COMPUTER_LAB,80,18,6,1,30,37.2,1,3,2026-09-13T18:00:00.088997,33.8,33.7,19.1,40.2
res-lab-02,Computer Lab 2,COMPUTER_LAB,75,18,6,1,21,28.7,2,2,2026-09-13T18:00:00.088997,26.1,19.0,16.7,13.4
res-lab-03,Computer Lab 3,COMPUTER_LAB,60,18,6,1,18,30.6,6,5,2026-09-13T18:00:00.088997,30.0,18.9,22.2,30.2
res-lab-ai,AI & Data Science Lab,RESEARCH_LAB,50,18,6,1,17,34.1,5,10,2026-09-13T18:00:00.088997,36.3,37.6,28.0,33.7
res-lab-res,Advanced Research Lab,RESEARCH_LAB,40,18,6,1,16,39.9,7,5,2026-09-13T18:00:00.088997,39.0,42.8,27.0,25.6
res-sr-01,Study Room A,STUDY_ROOM,24,18,6,1,10,40.4,1,4,2026-09-13T18:00:00.088997,31.5,41.7,32.8,22.2
res-sr-02,Study Room B,STUDY_ROOM,20,18,6,1,7,36.5,3,5,2026-09-13T18:00:00.088997,36.7,27.3,20.9,32.4
res-sr-03,Study Room C,STUDY_ROOM,20,18,6,1,5,25.3,3,2,2026-09-13T18:00:00.088997,24.5,25.4,5.9,0.0
res-can-01,Main Canteen,CANTEEN,250,18,6,1,19,7.7,6,6,2026-09-13T18:00:00.088997,13.1,1.6,0.0,0.0
res-sem-01,Dr. Kalam Seminar Hall,SEMINAR_HALL,180,18,6,1,9,5.0,0,4,2026-09-13T18:00:00.088997,6.5,1.4,0.0,0.0
res-cls-01,Block A Classrooms (301-305),CLASSROOM,150,18,6,1,17,11.0,3,2,2026-09-13T18:00:00.088997,4.9,9.9,6.8,0.0
res-cls-02,Block B Classrooms (201-204),CLASSROOM,120,18,6,1,8,6.9,2,0,2026-09-13T18:00:00.088997,11.2,4.9,0.0,0.0
res-sac-01,Student Activity Center,ACTIVITY_CENTER,160,18,6,1,128,80.3,7,5,2026-09-13T18:00:00.088997,81.1,80.3,77.7,86.4
res-lib-01,Central Library,LIBRARY,200,19,6,1,64,31.9,8,0,2026-09-13T19:00:00.088997,25.9,16.4,19.9,13.9
res-lib-02,Digital Reading Hall,LIBRARY,120,19,6,1,27,22.1,3,0,2026-09-13T19:00:00.088997,18.5,14.9,0.0,0.0
res-lab-01,Computer Lab 1,COMPUTER_LAB,80,19,6,1,26,31.9,8,3,2026-09-13T19:00:00.088997,32.6,17.9,34.7,35.5
res-lab-02,Computer Lab 2,COMPUTER_LAB,75,19,6,1,13,17.0,0,3,2026-09-13T19:00:00.088997,17.6,7.9,6.3,0.0
res-lab-03,Computer Lab 3,COMPUTER_LAB,60,19,6,1,9,15.4,5,0,2026-09-13T19:00:00.088997,17.4,5.8,0.0,13.3
res-lab-ai,AI & Data Science Lab,RESEARCH_LAB,50,19,6,1,17,33.7,6,0,2026-09-13T19:00:00.088997,29.8,33.6,26.1,8.8
res-lab-res,Advanced Research Lab,RESEARCH_LAB,40,19,6,1,15,38.6,2,9,2026-09-13T19:00:00.088997,42.8,37.3,42.9,27.4
res-sr-01,Study Room A,STUDY_ROOM,24,19,6,1,9,36.2,8,4,2026-09-13T19:00:00.088997,33.2,21.0,27.5,34.1
res-sr-02,Study Room B,STUDY_ROOM,20,19,6,1,8,38.8,6,2,2026-09-13T19:00:00.088997,28.9,30.8,28.1,23.1
res-sr-03,Study Room C,STUDY_ROOM,20,19,6,1,4,22.2,8,2,2026-09-13T19:00:00.088997,19.3,15.6,15.3,0.3
res-can-01,Main Canteen,CANTEEN,250,19,6,1,26,10.5,2,1,2026-09-13T19:00:00.088997,10.3,8.1,0.0,6.1
res-sem-01,Dr. Kalam Seminar Hall,SEMINAR_HALL,180,19,6,1,9,5.0,0,0,2026-09-13T19:00:00.088997,4.7,0.0,0.0,0.0
res-cls-01,Block A Classrooms (301-305),CLASSROOM,150,19,6,1,8,5.0,1,1,2026-09-13T19:00:00.088997,6.5,10.7,0.0,0.0
res-cls-02,Block B Classrooms (201-204),CLASSROOM,120,19,6,1,11,8.9,2,1,2026-09-13T19:00:00.088997,5.5,1.2,0.0,8.7
res-sac-01,Student Activity Center,ACTIVITY_CENTER,160,19,6,1,118,73.7,11,6,2026-09-13T19:00:00.088997,69.1,62.2,68.9,49.2
res-lib-01,Central Library,LIBRARY,200,20,6,1,65,32.4,0,4,2026-09-13T20:00:00.088997,36.7,31.0,26.0,8.8
res-lib-02,Digital Reading Hall,LIBRARY,120,20,6,1,17,14.5,4,5,2026-09-13T20:00:00.088997,10.7,2.6,0.0,0.0
res-lab-01,Computer Lab 1,COMPUTER_LAB,80,20,6,1,28,34.5,8,5,2026-09-13T20:00:00.088997,33.8,27.1,21.3,39.4
res-lab-02,Computer Lab 2,COMPUTER_LAB,75,20,6,1,19,25.8,0,0,2026-09-13T20:00:00.088997,20.4,17.5,22.9,12.5
res-lab-03,Computer Lab 3,COMPUTER_LAB,60,20,6,1,9,14.7,5,0,2026-09-13T20:00:00.088997,20.1,5.7,7.5,0.0
res-lab-ai,AI & Data Science Lab,RESEARCH_LAB,50,20,6,1,15,30.5,4,4,2026-09-13T20:00:00.088997,25.5,18.8,45.0,12.7
res-lab-res,Advanced Research Lab,RESEARCH_LAB,40,20,6,1,13,31.9,0,2,2026-09-13T20:00:00.088997,29.4,29.7,0.0,21.9
res-sr-01,Study Room A,STUDY_ROOM,24,20,6,1,5,20.1,3,0,2026-09-13T20:00:00.088997,14.7,13.5,2.6,2.4
res-sr-02,Study Room B,STUDY_ROOM,20,20,6,1,5,23.4,0,5,2026-09-13T20:00:00.088997,16.2,17.3,22.2,4.0
res-sr-03,Study Room C,STUDY_ROOM,20,20,6,1,2,11.7,2,4,2026-09-13T20:00:00.088997,5.0,5.8,0.0,0.0
res-can-01,Main Canteen,CANTEEN,250,20,6,1,25,10.1,0,0,2026-09-13T20:00:00.088997,2.5,5.6,11.6,0.0
res-sem-01,Dr. Kalam Seminar Hall,SEMINAR_HALL,180,20,6,1,9,5.0,2,4,2026-09-13T20:00:00.088997,0.0,0.0,0.0,0.0
res-cls-01,Block A Classrooms (301-305),CLASSROOM,150,20,6,1,8,5.0,2,5,2026-09-13T20:00:00.088997,3.5,0.0,0.0,14.2
res-cls-02,Block B Classrooms (201-204),CLASSROOM,120,20,6,1,16,13.6,3,2,2026-09-13T20:00:00.088997,9.0,7.4,4.9,8.2
res-sac-01,Student Activity Center,ACTIVITY_CENTER,160,20,6,1,101,63.1,10,2,2026-09-13T20:00:00.088997,62.0,62.5,60.6,43.5
res-lib-01,Central Library,LIBRARY,200,21,6,1,73,36.7,0,0,2026-09-13T21:00:00.088997,35.6,44.4,21.1,21.5
res-lib-02,Digital Reading Hall,LIBRARY,120,21,6,1,29,24.3,2,1,2026-09-13T21:00:00.088997,24.6,20.9,25.6,27.8
res-lab-01,Computer Lab 1,COMPUTER_LAB,80,21,6,1,29,36.2,5,4,2026-09-13T21:00:00.088997,36.2,31.6,28.2,38.6
res-lab-02,Computer Lab 2,COMPUTER_LAB,75,21,6,1,23,31.1,0,3,2026-09-13T21:00:00.088997,26.3,24.2,26.7,27.1
res-lab-03,Computer Lab 3,COMPUTER_LAB,60,21,6,1,9,14.6,0,0,2026-09-13T21:00:00.088997,16.1,0.0,17.2,8.8
res-lab-ai,AI & Data Science Lab,RESEARCH_LAB,50,21,6,1,18,35.3,3,0,2026-09-13T21:00:00.088997,35.0,37.9,35.6,15.3
res-lab-res,Advanced Research Lab,RESEARCH_LAB,40,21,6,1,8,20.3,0,0,2026-09-13T21:00:00.088997,22.2,8.2,4.3,0.0
res-sr-01,Study Room A,STUDY_ROOM,24,21,6,1,3,14.0,2,4,2026-09-13T21:00:00.088997,11.3,0.0,13.6,22.3
res-sr-02,Study Room B,STUDY_ROOM,20,21,6,1,3,17.1,0,3,2026-09-13T21:00:00.088997,21.6,9.0,0.0,12.7
res-sr-03,Study Room C,STUDY_ROOM,20,21,6,1,4,18.2,2,0,2026-09-13T21:00:00.088997,20.2,16.4,3.3,6.8
res-can-01,Main Canteen,CANTEEN,250,21,6,1,12,5.0,2,0,2026-09-13T21:00:00.088997,1.3,0.0,0.0,3.7
res-sem-01,Dr. Kalam Seminar Hall,SEMINAR_HALL,180,21,6,1,13,7.4,0,3,2026-09-13T21:00:00.088997,7.0,0.0,0.0,0.0
res-cls-01,Block A Classrooms (301-305),CLASSROOM,150,21,6,1,18,12.0,0,0,2026-09-13T21:00:00.088997,17.9,12.7,0.0,6.9
res-cls-02,Block B Classrooms (201-204),CLASSROOM,120,21,6,1,13,10.5,2,1,2026-09-13T21:00:00.088997,13.2,7.5,1.9,11.0
res-sac-01,Student Activity Center,ACTIVITY_CENTER,160,21,6,1,62,38.7,5,4,2026-09-13T21:00:00.088997,36.3,33.8,25.4,17.7
res-lib-01,Central Library,LIBRARY,200,8,0,0,42,21.0,0,0,2026-09-14T08:00:00.088997,22.3,26.6,26.6,2.7
res-lib-02,Digital Reading Hall,LIBRARY,120,8,0,0,32,26.3,6,3,2026-09-14T08:00:00.088997,35.9,25.4,51.3,24.7
res-lab-01,Computer Lab 1,COMPUTER_LAB,80,8,0,0,29,36.0,0,3,2026-09-14T08:00:00.088997,39.5,40.0,50.4,47.1
res-lab-02,Computer Lab 2,COMPUTER_LAB,75,8,0,0,17,22.9,1,4,2026-09-14T08:00:00.088997,22.3,33.4,41.9,12.9
res-lab-03,Computer Lab 3,COMPUTER_LAB,60,8,0,0,12,19.5,8,2,2026-09-14T08:00:00.088997,23.9,30.8,25.1,31.7
res-lab-ai,AI & Data Science Lab,RESEARCH_LAB,50,8,0,0,12,24.7,3,3,2026-09-14T08:00:00.088997,28.8,36.1,25.8,28.4
res-lab-res,Advanced Research Lab,RESEARCH_LAB,40,8,0,0,11,27.6,2,3,2026-09-14T08:00:00.088997,29.3,27.7,50.2,31.2
res-sr-01,Study Room A,STUDY_ROOM,24,8,0,0,4,15.5,0,0,2026-09-14T08:00:00.088997,14.9,14.7,29.0,17.4
res-sr-02,Study Room B,STUDY_ROOM,20,8,0,0,4,18.6,6,4,2026-09-14T08:00:00.088997,19.7,24.4,12.8,26.9
res-sr-03,Study Room C,STUDY_ROOM,20,8,0,0,2,11.6,3,8,2026-09-14T08:00:00.088997,15.6,4.6,16.3,23.0
res-can-01,Main Canteen,CANTEEN,250,8,0,0,26,10.3,0,1,2026-09-14T08:00:00.088997,7.4,9.7,24.2,8.2
res-sem-01,Dr. Kalam Seminar Hall,SEMINAR_HALL,180,8,0,0,13,7.2,0,6,2026-09-14T08:00:00.088997,6.1,10.8,18.1,10.4
res-cls-01,Block A Classrooms (301-305),CLASSROOM,150,8,0,0,50,33.4,5,6,2026-09-14T08:00:00.088997,38.5,37.3,40.0,71.5
res-cls-02,Block B Classrooms (201-204),CLASSROOM,120,8,0,0,17,13.8,0,1,2026-09-14T08:00:00.088997,14.5,18.0,10.7,18.9
res-sac-01,Student Activity Center,ACTIVITY_CENTER,160,8,0,0,36,22.2,4,0,2026-09-14T08:00:00.088997,29.1,33.8,27.0,40.9
res-lib-01,Central Library,LIBRARY,200,9,0,0,43,21.6,1,6,2026-09-14T09:00:00.088997,22.5,15.3,29.0,30.6
res-lib-02,Digital Reading Hall,LIBRARY,120,9,0,0,30,24.8,3,1,2026-09-14T09:00:00.088997,31.0,30.5,26.0,48.7
res-lab-01,Computer Lab 1,COMPUTER_LAB,80,9,0,0,29,35.8,4,4,2026-09-14T09:00:00.088997,33.5,37.6,43.8,43.4
res-lab-02,Computer Lab 2,COMPUTER_LAB,75,9,0,0,23,30.1,4,5,2026-09-14T09:00:00.088997,32.1,41.4,41.7,40.3
res-lab-03,Computer Lab 3,COMPUTER_LAB,60,9,0,0,9,14.9,0,3,2026-09-14T09:00:00.088997,16.8,16.9,32.9,9.9
res-lab-ai,AI & Data Science Lab,RESEARCH_LAB,50,9,0,0,14,28.3,6,3,2026-09-14T09:00:00.088997,30.1,34.8,37.9,20.1
res-lab-res,Advanced Research Lab,RESEARCH_LAB,40,9,0,0,7,18.6,7,0,2026-09-14T09:00:00.088997,19.3,20.4,25.8,21.6
res-sr-01,Study Room A,STUDY_ROOM,24,9,0,0,5,21.9,3,4,2026-09-14T09:00:00.088997,19.7,24.9,27.9,37.4
res-sr-02,Study Room B,STUDY_ROOM,20,9,0,0,2,11.8,4,4,2026-09-14T09:00:00.088997,9.9,13.9,15.0,53.4
res-sr-03,Study Room C,STUDY_ROOM,20,9,0,0,3,13.3,6,0,2026-09-14T09:00:00.088997,11.3,14.2,13.7,20.1
res-can-01,Main Canteen,CANTEEN,250,9,0,0,18,7.2,0,4,2026-09-14T09:00:00.088997,14.1,17.9,19.9,18.3
res-sem-01,Dr. Kalam Seminar Hall,SEMINAR_HALL,180,9,0,0,9,5.0,0,1,2026-09-14T09:00:00.088997,2.3,4.0,23.4,37.8
res-cls-01,Block A Classrooms (301-305),CLASSROOM,150,9,0,0,80,53.6,9,4,2026-09-14T09:00:00.088997,50.2,62.3,66.7,64.5
res-cls-02,Block B Classrooms (201-204),CLASSROOM,120,9,0,0,25,20.8,5,0,2026-09-14T09:00:00.088997,19.7,19.8,29.6,17.8
res-sac-01,Student Activity Center,ACTIVITY_CENTER,160,9,0,0,20,12.3,0,0,2026-09-14T09:00:00.088997,8.3,17.8,31.5,23.9
res-lib-01,Central Library,LIBRARY,200,10,0,0,62,31.2,7,5,2026-09-14T10:00:00.088997,33.5,36.3,46.0,36.5
res-lib-02,Digital Reading Hall,LIBRARY,120,10,0,0,29,24.3,4,0,2026-09-14T10:00:00.088997,22.4,29.3,31.4,17.3
res-lab-01,Computer Lab 1,COMPUTER_LAB,80,10,0,0,38,47.5,8,1,2026-09-14T10:00:00.088997,54.6,43.1,74.5,52.5
res-lab-02,Computer Lab 2,COMPUTER_LAB,75,10,0,0,28,37.4,0,3,2026-09-14T10:00:00.088997,40.3,41.9,40.3,36.0
res-lab-03,Computer Lab 3,COMPUTER_LAB,60,10,0,0,12,19.5,2,6,2026-09-14T10:00:00.088997,19.4,21.9,34.9,10.0
res-lab-ai,AI & Data Science Lab,RESEARCH_LAB,50,10,0,0,13,25.1,6,0,2026-09-14T10:00:00.088997,19.9,41.4,20.6,37.4
res-lab-res,Advanced Research Lab,RESEARCH_LAB,40,10,0,0,8,20.3,0,1,2026-09-14T10:00:00.088997,24.1,27.4,36.4,25.6
res-sr-01,Study Room A,STUDY_ROOM,24,10,0,0,5,22.9,0,0,2026-09-14T10:00:00.088997,19.7,19.1,39.9,14.7
res-sr-02,Study Room B,STUDY_ROOM,20,10,0,0,3,16.1,1,1,2026-09-14T10:00:00.088997,23.6,18.5,29.6,26.5
res-sr-03,Study Room C,STUDY_ROOM,20,10,0,0,3,14.4,8,0,2026-09-14T10:00:00.088997,21.5,23.3,18.1,43.9
res-can-01,Main Canteen,CANTEEN,250,10,0,0,63,25.4,1,0,2026-09-14T10:00:00.088997,29.0,23.7,37.3,33.2
res-sem-01,Dr. Kalam Seminar Hall,SEMINAR_HALL,180,10,0,0,47,25.9,4,1,2026-09-14T10:00:00.088997,23.5,47.7,29.5,9.3
res-cls-01,Block A Classrooms (301-305),CLASSROOM,150,10,0,0,95,63.5,3,8,2026-09-14T10:00:00.088997,66.8,70.9,68.2,70.2
res-cls-02,Block B Classrooms (201-204),CLASSROOM,120,10,0,0,50,41.4,4,6,2026-09-14T10:00:00.088997,44.7,49.4,53.9,62.0
res-sac-01,Student Activity Center,ACTIVITY_CENTER,160,10,0,0,26,16.2,3,5,2026-09-14T10:00:00.088997,15.5,16.0,13.5,28.3
res-lib-01,Central Library,LIBRARY,200,11,0,0,35,17.6,3,1,2026-09-14T11:00:00.088997,24.1,18.6,23.8,41.1
res-lib-02,Digital Reading Hall,LIBRARY,120,11,0,0,70,58.4,4,6,2026-09-14T11:00:00.088997,61.6,65.7,64.1,83.8
res-lab-01,Computer Lab 1,COMPUTER_LAB,80,11,0,0,48,60.3,5,7,2026-09-14T11:00:00.088997,64.2,73.4,79.1,66.9
res-lab-02,Computer Lab 2,COMPUTER_LAB,75,11,0,0,47,63.1,5,9,2026-09-14T11:00:00.088997,72.3,75.4,72.0,69.1
res-lab-03,Computer Lab 3,COMPUTER_LAB,60,11,0,0,5,8.9,1,0,2026-09-14T11:00:00.088997,7.7,6.7,12.7,18.6
res-lab-ai,AI & Data Science Lab,RESEARCH_LAB,50,11,0,0,16,31.1,1,6,2026-09-14T11:00:00.088997,32.3,31.4,41.1,64.7
res-lab-res,Advanced Research Lab,RESEARCH_LAB,40,11,0,0,9,21.3,1,0,2026-09-14T11:00:00.088997,22.5,27.8,25.9,11.4
res-sr-01,Study Room A,STUDY_ROOM,24,11,0,0,4,16.6,6,5,2026-09-14T11:00:00.088997,15.1,25.6,14.0,43.4
res-sr-02,Study Room B,STUDY_ROOM,20,11,0,0,3,16.0,4,0,2026-09-14T11:00:00.088997,20.7,20.9,31.6,37.0
res-sr-03,Study Room C,STUDY_ROOM,20,11,0,0,3,15.3,0,3,2026-09-14T11:00:00.088997,17.0,15.0,15.0,7.5
res-can-01,Main Canteen,CANTEEN,250,11,0,0,125,50.0,9,5,2026-09-14T11:00:00.088997,49.9,59.8,50.5,61.1
res-sem-01,Dr. Kalam Seminar Hall,SEMINAR_HALL,180,11,0,0,83,46.3,7,0,2026-09-14T11:00:00.088997,44.9,41.5,52.0,70.8
res-cls-01,Block A Classrooms (301-305),CLASSROOM,150,11,0,0,109,73.0,7,9,2026-09-14T11:00:00.088997,79.3,77.4,87.1,70.1
res-cls-02,Block B Classrooms (201-204),CLASSROOM,120,11,0,0,79,65.6,14,8,2026-09-14T11:00:00.088997,59.2,67.2,79.1,70.5
res-sac-01,Student Activity Center,ACTIVITY_CENTER,160,11,0,0,32,20.1,4,0,2026-09-14T11:00:00.088997,22.2,19.7,26.4,23.4
res-lib-01,Central Library,LIBRARY,200,12,0,0,59,29.7,9,0,2026-09-14T12:00:00.088997,24.0,33.2,24.0,18.3
res-lib-02,Digital Reading Hall,LIBRARY,120,12,0,0,88,73.1,13,7,2026-09-14T12:00:00.088997,74.3,66.2,81.3,61.9
res-lab-01,Computer Lab 1,COMPUTER_LAB,80,12,0,0,70,87.6,8,7,2026-09-14T12:00:00.088997,83.7,78.9,85.7,56.8
res-lab-02,Computer Lab 2,COMPUTER_LAB,75,12,0,0,57,76.4,7,6,2026-09-14T12:00:00.088997,74.5,62.0,98.0,52.4
res-lab-03,Computer Lab 3,COMPUTER_LAB,60,12,0,0,22,36.1,0,6,2026-09-14T12:00:00.088997,38.7,36.2,40.6,44.3
res-lab-ai,AI & Data Science Lab,RESEARCH_LAB,50,12,0,0,26,52.5,5,2,2026-09-14T12:00:00.088997,46.9,56.5,63.4,53.7
res-lab-res,Advanced Research Lab,RESEARCH_LAB,40,12,0,0,4,11.0,0,0,2026-09-14T12:00:00.088997,13.0,15.1,17.9,3.9
res-sr-01,Study Room A,STUDY_ROOM,24,12,0,0,4,16.4,4,2,2026-09-14T12:00:00.088997,17.1,31.0,38.4,15.6
res-sr-02,Study Room B,STUDY_ROOM,20,12,0,0,1,5.0,5,2,2026-09-14T12:00:00.088997,15.0,17.4,27.2,3.5
res-sr-03,Study Room C,STUDY_ROOM,20,12,0,0,6,32.2,9,3,2026-09-14T12:00:00.088997,27.9,35.3,43.7,21.1
res-can-01,Main Canteen,CANTEEN,250,12,0,0,155,61.9,2,3,2026-09-14T12:00:00.088997,67.1,76.4,78.1,62.6
res-sem-01,Dr. Kalam Seminar Hall,SEMINAR_HALL,180,12,0,0,111,61.6,2,4,2026-09-14T12:00:00.088997,62.5,63.6,70.0,54.8
res-cls-01,Block A Classrooms (301-305),CLASSROOM,150,12,0,0,105,70.3,7,1,2026-09-14T12:00:00.088997,70.4,75.5,89.3,51.5
res-cls-02,Block B Classrooms (201-204),CLASSROOM,120,12,0,0,89,74.2,9,7,2026-09-14T12:00:00.088997,79.9,75.2,77.0,62.0
res-sac-01,Student Activity Center,ACTIVITY_CENTER,160,12,0,0,20,12.4,3,0,2026-09-14T12:00:00.088997,15.3,16.8,22.4,0.0
res-lib-01,Central Library,LIBRARY,200,13,0,0,93,46.4,5,5,2026-09-14T13:00:00.088997,48.4,61.7,29.5,33.7
res-lib-02,Digital Reading Hall,LIBRARY,120,13,0,0,91,75.8,10,4,2026-09-14T13:00:00.088997,76.7,78.6,70.4,57.2
res-lab-01,Computer Lab 1,COMPUTER_LAB,80,13,0,0,76,94.7,15,10,2026-09-14T13:00:00.088997,94.5,98.2,100.0,79.9
res-lab-02,Computer Lab 2,COMPUTER_LAB,75,13,0,0,63,84.4,8,6,2026-09-14T13:00:00.088997,84.0,81.7,66.3,62.4
res-lab-03,Computer Lab 3,COMPUTER_LAB,60,13,0,0,36,59.4,5,5,2026-09-14T13:00:00.088997,66.5,72.2,48.8,39.8
res-lab-ai,AI & Data Science Lab,RESEARCH_LAB,50,13,0,0,34,68.6,10,6,2026-09-14T13:00:00.088997,69.0,68.7,53.6,60.4
res-lab-res,Advanced Research Lab,RESEARCH_LAB,40,13,0,0,6,14.7,4,0,2026-09-14T13:00:00.088997,16.1,11.7,6.6,0.0
res-sr-01,Study Room A,STUDY_ROOM,24,13,0,0,8,31.6,8,3,2026-09-14T13:00:00.088997,30.4,32.3,29.0,35.2
res-sr-02,Study Room B,STUDY_ROOM,20,13,0,0,3,16.1,4,3,2026-09-14T13:00:00.088997,23.8,9.4,14.1,15.9
res-sr-03,Study Room C,STUDY_ROOM,20,13,0,0,9,42.5,2,1,2026-09-14T13:00:00.088997,41.6,44.6,36.7,40.9
res-can-01,Main Canteen,CANTEEN,250,13,0,0,198,79.3,7,5,2026-09-14T13:00:00.088997,86.6,88.2,72.1,73.0
res-sem-01,Dr. Kalam Seminar Hall,SEMINAR_HALL,180,13,0,0,126,69.9,9,5,2026-09-14T13:00:00.088997,73.0,65.8,55.7,49.8
res-cls-01,Block A Classrooms (301-305),CLASSROOM,150,13,0,0,76,50.5,3,3,2026-09-14T13:00:00.088997,46.5,58.8,41.8,18.1
res-cls-02,Block B Classrooms (201-204),CLASSROOM,120,13,0,0,83,68.8,9,5,2026-09-14T13:00:00.088997,68.0,73.3,63.9,39.6
res-sac-01,Student Activity Center,ACTIVITY_CENTER,160,13,0,0,28,17.2,0,1,2026-09-14T13:00:00.088997,19.1,19.0,0.0,1.8
res-lib-01,Central Library,LIBRARY,200,14,0,0,147,73.5,4,12,2026-09-14T14:00:00.088997,70.5,68.7,55.7,52.3
res-lib-02,Digital Reading Hall,LIBRARY,120,14,0,0,96,80.1,6,7,2026-09-14T14:00:00.088997,76.5,86.2,61.6,69.3
res-lab-01,Computer Lab 1,COMPUTER_LAB,80,14,0,0,76,95.0,8,11,2026-09-14T14:00:00.088997,91.4,75.0,92.9,69.6
res-lab-02,Computer Lab 2,COMPUTER_LAB,75,14,0,0,62,82.9,12,7,2026-09-14T14:00:00.088997,84.6,85.2,69.1,80.5
res-lab-03,Computer Lab 3,COMPUTER_LAB,60,14,0,0,41,68.9,14,4,2026-09-14T14:00:00.088997,71.0,68.9,63.7,48.8
res-lab-ai,AI & Data Science Lab,RESEARCH_LAB,50,14,0,0,43,86.3,3,9,2026-09-14T14:00:00.088997,85.7,82.1,51.5,59.1
res-lab-res,Advanced Research Lab,RESEARCH_LAB,40,14,0,0,16,39.8,5,4,2026-09-14T14:00:00.088997,37.1,38.6,22.6,35.1
res-sr-01,Study Room A,STUDY_ROOM,24,14,0,0,13,54.8,7,4,2026-09-14T14:00:00.088997,60.1,52.7,38.1,45.8
res-sr-02,Study Room B,STUDY_ROOM,20,14,0,0,6,29.8,1,6,2026-09-14T14:00:00.088997,29.3,10.8,24.5,12.9
res-sr-03,Study Room C,STUDY_ROOM,20,14,0,0,13,67.2,10,7,2026-09-14T14:00:00.088997,71.9,61.1,64.8,64.9
res-can-01,Main Canteen,CANTEEN,250,14,0,0,166,66.5,10,4,2026-09-14T14:00:00.088997,62.8,53.6,60.7,58.4
res-sem-01,Dr. Kalam Seminar Hall,SEMINAR_HALL,180,14,0,0,120,66.6,10,5,2026-09-14T14:00:00.088997,59.9,64.2,68.6,63.7
res-cls-01,Block A Classrooms (301-305),CLASSROOM,150,14,0,0,56,37.1,3,2,2026-09-14T14:00:00.088997,32.2,31.8,28.4,27.6
res-cls-02,Block B Classrooms (201-204),CLASSROOM,120,14,0,0,71,59.6,6,3,2026-09-14T14:00:00.088997,61.3,55.0,50.0,38.6
res-sac-01,Student Activity Center,ACTIVITY_CENTER,160,14,0,0,15,9.7,5,2,2026-09-14T14:00:00.088997,1.2,9.3,10.0,0.0
res-lib-01,Central Library,LIBRARY,200,15,0,0,177,88.3,11,4,2026-09-14T15:00:00.088997,87.7,84.7,74.8,83.2
res-lib-02,Digital Reading Hall,LIBRARY,120,15,0,0,76,63.4,10,3,2026-09-14T15:00:00.088997,57.5,57.7,59.3,53.4
res-lab-01,Computer Lab 1,COMPUTER_LAB,80,15,0,0,66,82.1,8,4,2026-09-14T15:00:00.088997,79.2,83.6,74.1,80.4
res-lab-02,Computer Lab 2,COMPUTER_LAB,75,15,0,0,61,80.9,7,7,2026-09-14T15:00:00.088997,87.6,84.6,57.8,73.5
res-lab-03,Computer Lab 3,COMPUTER_LAB,60,15,0,0,48,80.0,12,5,2026-09-14T15:00:00.088997,74.6,70.9,66.9,77.8
res-lab-ai,AI & Data Science Lab,RESEARCH_LAB,50,15,0,0,45,90.3,8,3,2026-09-14T15:00:00.088997,92.3,92.9,79.3,74.7
res-lab-res,Advanced Research Lab,RESEARCH_LAB,40,15,0,0,26,63.8,12,7,2026-09-14T15:00:00.088997,59.0,49.1,45.8,52.7
res-sr-01,Study Room A,STUDY_ROOM,24,15,0,0,16,67.5,8,5,2026-09-14T15:00:00.088997,61.2,55.4,73.5,66.1
res-sr-02,Study Room B,STUDY_ROOM,20,15,0,0,11,54.8,8,4,2026-09-14T15:00:00.088997,58.1,49.6,48.8,42.3
res-sr-03,Study Room C,STUDY_ROOM,20,15,0,0,13,65.3,12,8,2026-09-14T15:00:00.088997,64.7,60.0,58.8,46.2
res-can-01,Main Canteen,CANTEEN,250,15,0,0,136,54.5,2,6,2026-09-14T15:00:00.088997,54.7,48.3,49.8,30.6
res-sem-01,Dr. Kalam Seminar Hall,SEMINAR_HALL,180,15,0,0,78,43.2,5,6,2026-09-14T15:00:00.088997,33.7,41.3,30.3,28.8
res-cls-01,Block A Classrooms (301-305),CLASSROOM,150,15,0,0,8,5.0,0,3,2026-09-14T15:00:00.088997,3.1,0.0,0.0,0.0
res-cls-02,Block B Classrooms (201-204),CLASSROOM,120,15,0,0,54,44.6,5,7,2026-09-14T15:00:00.088997,46.5,42.1,37.1,40.5
res-sac-01,Student Activity Center,ACTIVITY_CENTER,160,15,0,0,62,39.0,7,6,2026-09-14T15:00:00.088997,33.0,27.5,24.7,38.8
res-lib-01,Central Library,LIBRARY,200,16,0,0,167,83.7,11,9,2026-09-14T16:00:00.088997,86.3,79.8,63.6,60.2
res-lib-02,Digital Reading Hall,LIBRARY,120,16,0,0,58,48.2,4,4,2026-09-14T16:00:00.088997,41.5,52.0,28.2,52.3
res-lab-01,Computer Lab 1,COMPUTER_LAB,80,16,0,0,58,72.6,11,5,2026-09-14T16:00:00.088997,72.0,60.0,72.8,59.7
res-lab-02,Computer Lab 2,COMPUTER_LAB,75,16,0,0,42,56.2,3,0,2026-09-14T16:00:00.088997,50.1,57.9,44.6,42.2
res-lab-03,Computer Lab 3,COMPUTER_LAB,60,16,0,0,45,74.5,14,11,2026-09-14T16:00:00.088997,68.6,57.8,87.7,89.7
res-lab-ai,AI & Data Science Lab,RESEARCH_LAB,50,16,0,0,44,87.6,6,11,2026-09-14T16:00:00.088997,85.2,82.0,87.7,79.6
res-lab-res,Advanced Research Lab,RESEARCH_LAB,40,16,0,0,29,72.1,7,9,2026-09-14T16:00:00.088997,72.2,68.7,72.5,55.8
res-sr-01,Study Room A,STUDY_ROOM,24,16,0,0,20,82.8,0,6,2026-09-14T16:00:00.088997,83.9,75.5,70.6,58.3
res-sr-02,Study Room B,STUDY_ROOM,20,16,0,0,14,69.1,9,9,2026-09-14T16:00:00.088997,60.2,63.1,58.6,53.7
res-sr-03,Study Room C,STUDY_ROOM,20,16,0,0,15,74.7,7,10,2026-09-14T16:00:00.088997,65.0,80.3,71.0,62.2
res-can-01,Main Canteen,CANTEEN,250,16,0,0,91,36.4,0,1,2026-09-14T16:00:00.088997,33.9,39.6,28.0,29.8
res-sem-01,Dr. Kalam Seminar Hall,SEMINAR_HALL,180,16,0,0,46,25.4,4,7,2026-09-14T16:00:00.088997,27.4,19.9,23.5,20.4
res-cls-01,Block A Classrooms (301-305),CLASSROOM,150,16,0,0,18,12.0,4,4,2026-09-14T16:00:00.088997,9.5,10.9,0.6,0.0
res-cls-02,Block B Classrooms (201-204),CLASSROOM,120,16,0,0,25,20.7,2,0,2026-09-14T16:00:00.088997,22.2,0.0,37.2,26.7
res-sac-01,Student Activity Center,ACTIVITY_CENTER,160,16,0,0,90,56.0,6,6,2026-09-14T16:00:00.088997,51.6,52.1,46.7,42.8
res-lib-01,Central Library,LIBRARY,200,17,0,0,165,82.6,5,8,2026-09-14T17:00:00.088997,81.3,78.4,72.7,84.3
res-lib-02,Digital Reading Hall,LIBRARY,120,17,0,0,36,30.4,4,6,2026-09-14T17:00:00.088997,28.1,26.7,21.5,33.2
res-lab-01,Computer Lab 1,COMPUTER_LAB,80,17,0,0,37,45.8,9,4,2026-09-14T17:00:00.088997,40.3,44.8,35.0,41.2
res-lab-02,Computer Lab 2,COMPUTER_LAB,75,17,0,0,19,25.9,3,1,2026-09-14T17:00:00.088997,19.6,17.6,12.7,13.3
res-lab-03,Computer Lab 3,COMPUTER_LAB,60,17,0,0,31,51.5,7,9,2026-09-14T17:00:00.088997,50.7,51.4,53.4,54.4
res-lab-ai,AI & Data Science Lab,RESEARCH_LAB,50,17,0,0,40,79.5,8,5,2026-09-14T17:00:00.088997,80.6,78.7,78.5,90.2
res-lab-res,Advanced Research Lab,RESEARCH_LAB,40,17,0,0,34,85.0,11,5,2026-09-14T17:00:00.088997,91.6,78.0,74.3,68.9
res-sr-01,Study Room A,STUDY_ROOM,24,17,0,0,19,79.5,7,6,2026-09-14T17:00:00.088997,72.1,69.8,89.1,76.4
res-sr-02,Study Room B,STUDY_ROOM,20,17,0,0,16,80.8,13,13,2026-09-14T17:00:00.088997,71.7,68.5,65.6,63.2
res-sr-03,Study Room C,STUDY_ROOM,20,17,0,0,13,63.9,6,7,2026-09-14T17:00:00.088997,62.0,54.5,36.3,40.0
res-can-01,Main Canteen,CANTEEN,250,17,0,0,20,7.8,0,0,2026-09-14T17:00:00.088997,3.8,0.0,0.0,0.0
res-sem-01,Dr. Kalam Seminar Hall,SEMINAR_HALL,180,17,0,0,9,5.0,0,0,2026-09-14T17:00:00.088997,0.0,5.4,0.7,0.0
res-cls-01,Block A Classrooms (301-305),CLASSROOM,150,17,0,0,10,6.8,1,2,2026-09-14T17:00:00.088997,5.4,11.4,2.9,5.8
res-cls-02,Block B Classrooms (201-204),CLASSROOM,120,17,0,0,13,10.5,3,0,2026-09-14T17:00:00.088997,6.7,7.6,5.6,4.6
res-sac-01,Student Activity Center,ACTIVITY_CENTER,160,17,0,0,122,76.3,4,4,2026-09-14T17:00:00.088997,75.2,66.9,98.7,70.5
res-lib-01,Central Library,LIBRARY,200,18,0,0,133,66.7,6,5,2026-09-14T18:00:00.088997,64.8,62.4,54.6,51.4
res-lib-02,Digital Reading Hall,LIBRARY,120,18,0,0,30,25.4,7,3,2026-09-14T18:00:00.088997,18.0,23.6,31.4,29.8
res-lab-01,Computer Lab 1,COMPUTER_LAB,80,18,0,0,30,37.9,8,3,2026-09-14T18:00:00.088997,38.5,28.9,32.6,41.9
res-lab-02,Computer Lab 2,COMPUTER_LAB,75,18,0,0,17,22.6,0,2,2026-09-14T18:00:00.088997,19.7,21.5,10.6,31.3
res-lab-03,Computer Lab 3,COMPUTER_LAB,60,18,0,0,20,32.6,7,0,2026-09-14T18:00:00.088997,23.4,29.0,22.3,7.3
res-lab-ai,AI & Data Science Lab,RESEARCH_LAB,50,18,0,0,23,46.1,5,7,2026-09-14T18:00:00.088997,46.4,41.4,42.4,33.7
res-lab-res,Advanced Research Lab,RESEARCH_LAB,40,18,0,0,28,71.2,4,6,2026-09-14T18:00:00.088997,68.5,71.3,70.0,66.4
res-sr-01,Study Room A,STUDY_ROOM,24,18,0,0,17,69.0,4,8,2026-09-14T18:00:00.088997,69.1,49.6,53.4,48.7
res-sr-02,Study Room B,STUDY_ROOM,20,18,0,0,16,77.6,6,7,2026-09-14T18:00:00.088997,74.8,71.6,63.2,57.9
res-sr-03,Study Room C,STUDY_ROOM,20,18,0,0,9,43.6,6,6,2026-09-14T18:00:00.088997,38.5,47.7,32.7,49.9
res-can-01,Main Canteen,CANTEEN,250,18,0,0,19,7.4,0,1,2026-09-14T18:00:00.088997,6.4,2.6,0.0,0.0
res-sem-01,Dr. Kalam Seminar Hall,SEMINAR_HALL,180,18,0,0,9,5.0,0,3,2026-09-14T18:00:00.088997,3.7,3.7,0.0,0.0
res-cls-01,Block A Classrooms (301-305),CLASSROOM,150,18,0,0,8,5.4,0,0,2026-09-14T18:00:00.088997,1.0,0.0,2.5,0.0
res-cls-02,Block B Classrooms (201-204),CLASSROOM,120,18,0,0,14,11.4,0,0,2026-09-14T18:00:00.088997,2.7,0.0,1.7,14.7
res-sac-01,Student Activity Center,ACTIVITY_CENTER,160,18,0,0,130,81.5,9,8,2026-09-14T18:00:00.088997,76.6,73.2,77.3,52.9
res-lib-01,Central Library,LIBRARY,200,19,0,0,100,50.2,4,7,2026-09-14T19:00:00.088997,52.0,35.1,36.9,27.9
res-lib-02,Digital Reading Hall,LIBRARY,120,19,0,0,15,12.7,0,8,2026-09-14T19:00:00.088997,13.2,19.3,12.2,0.0
res-lab-01,Computer Lab 1,COMPUTER_LAB,80,19,0,0,27,33.5,5,4,2026-09-14T19:00:00.088997,29.2,19.4,55.1,19.8
res-lab-02,Computer Lab 2,COMPUTER_LAB,75,19,0,0,18,23.7,3,1,2026-09-14T19:00:00.088997,22.2,26.4,14.6,0.0
res-lab-03,Computer Lab 3,COMPUTER_LAB,60,19,0,0,9,14.4,0,5,2026-09-14T19:00:00.088997,17.0,10.0,0.0,0.0
res-lab-ai,AI & Data Science Lab,RESEARCH_LAB,50,19,0,0,15,30.1,4,1,2026-09-14T19:00:00.088997,26.1,21.5,21.8,0.0
res-lab-res,Advanced Research Lab,RESEARCH_LAB,40,19,0,0,23,57.6,5,9,2026-09-14T19:00:00.088997,52.4,53.7,51.7,61.2
res-sr-01,Study Room A,STUDY_ROOM,24,19,0,0,14,57.9,6,4,2026-09-14T19:00:00.088997,53.3,51.5,46.0,52.6
res-sr-02,Study Room B,STUDY_ROOM,20,19,0,0,13,66.8,9,10,2026-09-14T19:00:00.088997,72.2,62.5,68.6,50.5
res-sr-03,Study Room C,STUDY_ROOM,20,19,0,0,6,31.5,6,6,2026-09-14T19:00:00.088997,29.9,22.5,11.0,19.1
res-can-01,Main Canteen,CANTEEN,250,19,0,0,40,16.1,1,3,2026-09-14T19:00:00.088997,17.5,9.4,20.0,0.0
res-sem-01,Dr. Kalam Seminar Hall,SEMINAR_HALL,180,19,0,0,9,5.0,0,0,2026-09-14T19:00:00.088997,4.3,1.7,0.5,0.2
res-cls-01,Block A Classrooms (301-305),CLASSROOM,150,19,0,0,9,6.2,0,1,2026-09-14T19:00:00.088997,1.7,0.0,6.9,10.9
res-cls-02,Block B Classrooms (201-204),CLASSROOM,120,19,0,0,19,16.2,2,3,2026-09-14T19:00:00.088997,19.7,7.4,18.2,7.5
res-sac-01,Student Activity Center,ACTIVITY_CENTER,160,19,0,0,121,75.5,9,11,2026-09-14T19:00:00.088997,74.4,61.6,80.6,52.2
res-lib-01,Central Library,LIBRARY,200,20,0,0,60,30.0,3,6,2026-09-14T20:00:00.088997,32.6,27.6,26.6,23.1
res-lib-02,Digital Reading Hall,LIBRARY,120,20,0,0,14,11.9,1,0,2026-09-14T20:00:00.088997,10.6,0.1,0.0,19.2
res-lab-01,Computer Lab 1,COMPUTER_LAB,80,20,0,0,31,39.3,4,4,2026-09-14T20:00:00.088997,36.3,37.7,25.2,39.2
res-lab-02,Computer Lab 2,COMPUTER_LAB,75,20,0,0,18,24.0,1,2,2026-09-14T20:00:00.088997,19.6,21.0,11.2,17.6
res-lab-03,Computer Lab 3,COMPUTER_LAB,60,20,0,0,12,19.9,0,1,2026-09-14T20:00:00.088997,19.7,12.2,16.0,14.5
res-lab-ai,AI & Data Science Lab,RESEARCH_LAB,50,20,0,0,17,34.3,2,0,2026-09-14T20:00:00.088997,31.1,23.5,31.4,8.4
res-lab-res,Advanced Research Lab,RESEARCH_LAB,40,20,0,0,21,52.1,10,5,2026-09-14T20:00:00.088997,53.6,37.3,66.8,33.0
res-sr-01,Study Room A,STUDY_ROOM,24,20,0,0,8,31.3,0,4,2026-09-14T20:00:00.088997,24.9,26.9,18.4,6.4
res-sr-02,Study Room B,STUDY_ROOM,20,20,0,0,9,44.7,6,0,2026-09-14T20:00:00.088997,39.7,43.6,60.1,38.4
res-sr-03,Study Room C,STUDY_ROOM,20,20,0,0,2,11.3,0,1,2026-09-14T20:00:00.088997,7.9,11.7,5.3,10.2
res-can-01,Main Canteen,CANTEEN,250,20,0,0,22,8.7,5,0,2026-09-14T20:00:00.088997,2.9,16.8,0.0,0.0
res-sem-01,Dr. Kalam Seminar Hall,SEMINAR_HALL,180,20,0,0,9,5.0,8,5,2026-09-14T20:00:00.088997,9.0,0.0,18.8,0.0
res-cls-01,Block A Classrooms (301-305),CLASSROOM,150,20,0,0,21,13.9,2,1,2026-09-14T20:00:00.088997,10.9,7.7,11.4,6.3
res-cls-02,Block B Classrooms (201-204),CLASSROOM,120,20,0,0,12,9.9,5,0,2026-09-14T20:00:00.088997,9.9,9.2,12.2,0.0
res-sac-01,Student Activity Center,ACTIVITY_CENTER,160,20,0,0,93,57.9,9,10,2026-09-14T20:00:00.088997,54.6,54.5,65.0,20.4
res-lib-01,Central Library,LIBRARY,200,21,0,0,44,22.2,7,5,2026-09-14T21:00:00.088997,22.3,14.5,6.3,3.1
res-lib-02,Digital Reading Hall,LIBRARY,120,21,0,0,31,26.2,1,2,2026-09-14T21:00:00.088997,21.2,26.2,13.3,13.0
res-lab-01,Computer Lab 1,COMPUTER_LAB,80,21,0,0,23,28.3,0,2,2026-09-14T21:00:00.088997,21.0,35.9,1.7,6.7
res-lab-02,Computer Lab 2,COMPUTER_LAB,75,21,0,0,19,25.1,1,0,2026-09-14T21:00:00.088997,19.2,14.1,14.5,36.5
res-lab-03,Computer Lab 3,COMPUTER_LAB,60,21,0,0,9,15.3,5,3,2026-09-14T21:00:00.088997,17.8,0.0,4.6,19.0
res-lab-ai,AI & Data Science Lab,RESEARCH_LAB,50,21,0,0,14,27.7,8,7,2026-09-14T21:00:00.088997,23.8,19.7,10.6,8.2
res-lab-res,Advanced Research Lab,RESEARCH_LAB,40,21,0,0,6,15.1,3,0,2026-09-14T21:00:00.088997,15.5,13.8,0.0,21.7
res-sr-01,Study Room A,STUDY_ROOM,24,21,0,0,5,22.1,4,0,2026-09-14T21:00:00.088997,22.5,23.8,13.2,34.1
res-sr-02,Study Room B,STUDY_ROOM,20,21,0,0,5,27.0,6,3,2026-09-14T21:00:00.088997,27.3,11.9,22.3,6.2
res-sr-03,Study Room C,STUDY_ROOM,20,21,0,0,2,11.6,6,0,2026-09-14T21:00:00.088997,5.6,4.5,0.0,16.8
res-can-01,Main Canteen,CANTEEN,250,21,0,0,18,7.2,2,4,2026-09-14T21:00:00.088997,3.2,5.4,0.0,24.6
res-sem-01,Dr. Kalam Seminar Hall,SEMINAR_HALL,180,21,0,0,16,8.7,0,0,2026-09-14T21:00:00.088997,6.3,1.7,18.3,0.0
res-cls-01,Block A Classrooms (301-305),CLASSROOM,150,21,0,0,16,10.5,1,0,2026-09-14T21:00:00.088997,8.1,4.8,10.4,5.8
res-cls-02,Block B Classrooms (201-204),CLASSROOM,120,21,0,0,14,11.7,0,2,2026-09-14T21:00:00.088997,3.1,10.6,16.9,0.0
res-sac-01,Student Activity Center,ACTIVITY_CENTER,160,21,0,0,59,36.7,2,7,2026-09-14T21:00:00.088997,35.1,42.1,32.5,27.6
res-lib-01,Central Library,LIBRARY,200,8,1,0,51,25.3,5,0,2026-09-15T08:00:00.088997,27.6,29.9,39.8,33.0
res-lib-02,Digital Reading Hall,LIBRARY,120,8,1,0,19,15.8,1,0,2026-09-15T08:00:00.088997,10.1,25.2,29.1,31.5
res-lab-01,Computer Lab 1,COMPUTER_LAB,80,8,1,0,32,40.2,2,0,2026-09-15T08:00:00.088997,41.9,43.1,40.6,49.3
res-lab-02,Computer Lab 2,COMPUTER_LAB,75,8,1,0,17,22.6,0,0,2026-09-15T08:00:00.088997,20.0,28.9,24.6,45.9
res-lab-03,Computer Lab 3,COMPUTER_LAB,60,8,1,0,13,21.4,4,0,2026-09-15T08:00:00.088997,29.4,35.9,29.6,47.3
res-lab-ai,AI & Data Science Lab,RESEARCH_LAB,50,8,1,0,14,27.8,0,0,2026-09-15T08:00:00.088997,36.7,23.8,35.8,38.2
res-lab-res,Advanced Research Lab,RESEARCH_LAB,40,8,1,0,7,17.9,0,2,2026-09-15T08:00:00.088997,17.7,14.4,27.9,40.8
res-sr-01,Study Room A,STUDY_ROOM,24,8,1,0,6,23.5,0,0,2026-09-15T08:00:00.088997,24.3,37.9,37.3,41.9
res-sr-02,Study Room B,STUDY_ROOM,20,8,1,0,4,18.6,3,2,2026-09-15T08:00:00.088997,23.2,20.3,13.8,37.2
res-sr-03,Study Room C,STUDY_ROOM,20,8,1,0,4,20.0,0,4,2026-09-15T08:00:00.088997,28.7,24.9,20.6,31.4
res-can-01,Main Canteen,CANTEEN,250,8,1,0,19,7.8,0,2,2026-09-15T08:00:00.088997,3.4,4.1,16.0,17.5
res-sem-01,Dr. Kalam Seminar Hall,SEMINAR_HALL,180,8,1,0,11,6.4,6,0,2026-09-15T08:00:00.088997,10.8,5.5,21.3,10.1
res-cls-01,Block A Classrooms (301-305),CLASSROOM,150,8,1,0,50,33.1,3,6,2026-09-15T08:00:00.088997,29.8,24.4,39.1,48.7
res-cls-02,Block B Classrooms (201-204),CLASSROOM,120,8,1,0,13,10.6,4,2,2026-09-15T08:00:00.088997,10.4,1.7,16.5,32.9
res-sac-01,Student Activity Center,ACTIVITY_CENTER,160,8,1,0,21,13.4,1,2,2026-09-15T08:00:00.088997,11.4,22.2,36.2,21.4
res-lib-01,Central Library,LIBRARY,200,9,1,0,41,20.5,2,0,2026-09-15T09:00:00.088997,23.8,28.2,43.6,28.2
res-lib-02,Digital Reading Hall,LIBRARY,120,9,1,0,26,21.6,0,1,2026-09-15T09:00:00.088997,17.5,25.5,26.9,35.2
res-lab-01,Computer Lab 1,COMPUTER_LAB,80,9,1,0,26,32.5,4,2,2026-09-15T09:00:00.088997,33.2,38.0,40.9,51.6
res-lab-02,Computer Lab 2,COMPUTER_LAB,75,9,1,0,18,24.5,1,1,2026-09-15T09:00:00.088997,23.7,27.4,50.8,23.6
res-lab-03,Computer Lab 3,COMPUTER_LAB,60,9,1,0,8,13.9,0,0,2026-09-15T09:00:00.088997,14.6,20.6,6.5,36.3
res-lab-ai,AI & Data Science Lab,RESEARCH_LAB,50,9,1,0,16,32.5,0,0,2026-09-15T09:00:00.088997,30.6,36.1,63.8,49.0
res-lab-res,Advanced Research Lab,RESEARCH_LAB,40,9,1,0,5,12.8,0,1,2026-09-15T09:00:00.088997,15.8,9.9,19.6,14.2
res-sr-01,Study Room A,STUDY_ROOM,24,9,1,0,4,15.6,2,3,2026-09-15T09:00:00.088997,20.9,24.0,19.1,34.2
res-sr-02,Study Room B,STUDY_ROOM,20,9,1,0,3,16.2,2,0,2026-09-15T09:00:00.088997,16.2,21.7,46.2,29.9
res-sr-03,Study Room C,STUDY_ROOM,20,9,1,0,3,12.6,0,0,2026-09-15T09:00:00.088997,23.3,15.2,28.7,18.0
res-can-01,Main Canteen,CANTEEN,250,9,1,0,28,11.0,3,0,2026-09-15T09:00:00.088997,10.5,26.0,27.9,30.5
res-sem-01,Dr. Kalam Seminar Hall,SEMINAR_HALL,180,9,1,0,15,8.1,2,6,2026-09-15T09:00:00.088997,10.3,16.6,3.1,8.2
res-cls-01,Block A Classrooms (301-305),CLASSROOM,150,9,1,0,71,47.2,9,0,2026-09-15T09:00:00.088997,47.6,34.3,47.7,51.3
res-cls-02,Block B Classrooms (201-204),CLASSROOM,120,9,1,0,33,27.3,4,0,2026-09-15T09:00:00.088997,33.6,32.4,35.7,22.9
res-sac-01,Student Activity Center,ACTIVITY_CENTER,160,9,1,0,18,11.0,0,1,2026-09-15T09:00:00.088997,13.4,25.3,22.5,0.0
res-lib-01,Central Library,LIBRARY,200,10,1,0,52,26.1,0,0,2026-09-15T10:00:00.088997,24.8,27.1,21.7,38.5
res-lib-02,Digital Reading Hall,LIBRARY,120,10,1,0,31,26.2,4,9,2026-09-15T10:00:00.088997,22.8,29.4,11.4,32.5
res-lab-01,Computer Lab 1,COMPUTER_LAB,80,10,1,0,39,49.4,8,5,2026-09-15T10:00:00.088997,54.9,69.6,72.8,53.1
res-lab-02,Computer Lab 2,COMPUTER_LAB,75,10,1,0,23,31.0,2,0,2026-09-15T10:00:00.088997,34.8,28.9,38.3,51.1
res-lab-03,Computer Lab 3,COMPUTER_LAB,60,10,1,0,9,14.6,0,4,2026-09-15T10:00:00.088997,9.1,17.6,22.2,24.8
res-lab-ai,AI & Data Science Lab,RESEARCH_LAB,50,10,1,0,15,30.7,5,2,2026-09-15T10:00:00.088997,31.2,33.3,33.2,50.2
res-lab-res,Advanced Research Lab,RESEARCH_LAB,40,10,1,0,7,17.4,4,1,2026-09-15T10:00:00.088997,17.3,26.1,18.9,35.1
res-sr-01,Study Room A,STUDY_ROOM,24,10,1,0,5,20.9,0,3,2026-09-15T10:00:00.088997,25.0,32.8,37.5,36.7
res-sr-02,Study Room B,STUDY_ROOM,20,10,1,0,2,10.5,8,0,2026-09-15T10:00:00.088997,16.3,18.1,7.9,19.0
res-sr-03,Study Room C,STUDY_ROOM,20,10,1,0,3,14.7,5,0,2026-09-15T10:00:00.088997,15.6,5.7,38.3,11.8
res-can-01,Main Canteen,CANTEEN,250,10,1,0,85,34.1,3,3,2026-09-15T10:00:00.088997,39.3,49.1,44.4,51.9
res-sem-01,Dr. Kalam Seminar Hall,SEMINAR_HALL,180,10,1,0,52,29.1,6,1,2026-09-15T10:00:00.088997,35.4,40.8,46.8,31.2
res-cls-01,Block A Classrooms (301-305),CLASSROOM,150,10,1,0,99,66.2,8,2,2026-09-15T10:00:00.088997,74.6,71.1,76.8,69.3
res-cls-02,Block B Classrooms (201-204),CLASSROOM,120,10,1,0,45,37.6,2,4,2026-09-15T10:00:00.088997,42.3,43.5,48.7,43.5
res-sac-01,Student Activity Center,ACTIVITY_CENTER,160,10,1,0,27,17.0,6,3,2026-09-15T10:00:00.088997,22.2,23.7,11.5,14.4
res-lib-01,Central Library,LIBRARY,200,11,1,0,54,26.8,3,4,2026-09-15T11:00:00.088997,35.5,36.2,46.1,38.0
res-lib-02,Digital Reading Hall,LIBRARY,120,11,1,0,60,49.7,5,2,2026-09-15T11:00:00.088997,57.9,59.4,62.3,74.5
res-lab-01,Computer Lab 1,COMPUTER_LAB,80,11,1,0,48,59.8,8,2,2026-09-15T11:00:00.088997,61.8,62.9,73.8,72.5
res-lab-02,Computer Lab 2,COMPUTER_LAB,75,11,1,0,47,63.3,5,8,2026-09-15T11:00:00.088997,65.9,58.5,63.0,71.5
res-lab-03,Computer Lab 3,COMPUTER_LAB,60,11,1,0,12,19.4,3,0,2026-09-15T11:00:00.088997,20.9,36.6,28.5,25.5
res-lab-ai,AI & Data Science Lab,RESEARCH_LAB,50,11,1,0,16,32.0,6,1,2026-09-15T11:00:00.088997,36.0,35.0,46.4,44.0
res-lab-res,Advanced Research Lab,RESEARCH_LAB,40,11,1,0,9,21.9,0,0,2026-09-15T11:00:00.088997,27.7,26.5,32.5,28.3
res-sr-01,Study Room A,STUDY_ROOM,24,11,1,0,6,23.6,1,1,2026-09-15T11:00:00.088997,28.7,35.6,26.9,57.1
res-sr-02,Study Room B,STUDY_ROOM,20,11,1,0,3,16.3,0,2,2026-09-15T11:00:00.088997,16.7,23.9,23.9,27.1
res-sr-03,Study Room C,STUDY_ROOM,20,11,1,0,2,11.4,4,0,2026-09-15T11:00:00.088997,8.9,18.6,33.8,17.1
res-can-01,Main Canteen,CANTEEN,250,11,1,0,137,54.8,9,7,2026-09-15T11:00:00.088997,55.6,53.3,43.0,61.7
res-sem-01,Dr. Kalam Seminar Hall,SEMINAR_HALL,180,11,1,0,93,51.7,2,7,2026-09-15T11:00:00.088997,49.9,57.4,66.1,53.8
res-cls-01,Block A Classrooms (301-305),CLASSROOM,150,11,1,0,114,75.7,7,9,2026-09-15T11:00:00.088997,78.6,81.0,97.7,93.6
res-cls-02,Block B Classrooms (201-204),CLASSROOM,120,11,1,0,69,57.3,6,5,2026-09-15T11:00:00.088997,59.6,77.5,68.6,42.9
res-sac-01,Student Activity Center,ACTIVITY_CENTER,160,11,1,0,21,12.8,0,0,2026-09-15T11:00:00.088997,6.9,12.6,7.1,27.4
res-lib-01,Central Library,LIBRARY,200,12,1,0,50,25.0,3,2,2026-09-15T12:00:00.088997,21.4,33.1,50.3,17.9
res-lib-02,Digital Reading Hall,LIBRARY,120,12,1,0,82,68.4,3,4,2026-09-15T12:00:00.088997,72.2,79.8,78.7,66.0
res-lab-01,Computer Lab 1,COMPUTER_LAB,80,12,1,0,70,87.9,12,6,2026-09-15T12:00:00.088997,90.6,87.8,96.1,79.9
res-lab-02,Computer Lab 2,COMPUTER_LAB,75,12,1,0,61,81.8,5,9,2026-09-15T12:00:00.088997,89.7,91.3,97.3,76.8
res-lab-03,Computer Lab 3,COMPUTER_LAB,60,12,1,0,26,43.0,1,0,2026-09-15T12:00:00.088997,44.9,35.0,62.1,45.6
res-lab-ai,AI & Data Science Lab,RESEARCH_LAB,50,12,1,0,26,51.0,5,4,2026-09-15T12:00:00.088997,53.3,56.8,64.1,37.0
res-lab-res,Advanced Research Lab,RESEARCH_LAB,40,12,1,0,10,23.8,4,0,2026-09-15T12:00:00.088997,31.1,20.6,30.9,23.4
res-sr-01,Study Room A,STUDY_ROOM,24,12,1,0,4,17.1,2,3,2026-09-15T12:00:00.088997,15.7,21.7,23.7,0.0
res-sr-02,Study Room B,STUDY_ROOM,20,12,1,0,5,24.2,0,5,2026-09-15T12:00:00.088997,24.6,22.7,33.1,20.0
res-sr-03,Study Room C,STUDY_ROOM,20,12,1,0,6,30.5,8,11,2026-09-15T12:00:00.088997,33.5,31.5,42.6,15.3
res-can-01,Main Canteen,CANTEEN,250,12,1,0,176,70.6,4,14,2026-09-15T12:00:00.088997,76.0,65.5,72.2,68.4
res-sem-01,Dr. Kalam Seminar Hall,SEMINAR_HALL,180,12,1,0,120,66.6,4,8,2026-09-15T12:00:00.088997,60.8,71.0,84.6,48.0
res-cls-01,Block A Classrooms (301-305),CLASSROOM,150,12,1,0,91,60.8,7,4,2026-09-15T12:00:00.088997,65.4,60.5,61.9,24.6
res-cls-02,Block B Classrooms (201-204),CLASSROOM,120,12,1,0,87,72.8,8,3,2026-09-15T12:00:00.088997,75.6,84.0,78.9,64.0
res-sac-01,Student Activity Center,ACTIVITY_CENTER,160,12,1,0,26,16.1,0,7,2026-09-15T12:00:00.088997,16.2,25.0,31.0,2.4
res-lib-01,Central Library,LIBRARY,200,13,1,0,100,50.2,6,0,2026-09-15T13:00:00.088997,50.9,51.5,38.1,22.6
res-lib-02,Digital Reading Hall,LIBRARY,120,13,1,0,104,86.6,15,11,2026-09-15T13:00:00.088997,93.7,89.6,72.9,65.3
res-lab-01,Computer Lab 1,COMPUTER_LAB,80,13,1,0,76,95.0,12,9,2026-09-15T13:00:00.088997,100.0,100.0,79.5,74.8
res-lab-02,Computer Lab 2,COMPUTER_LAB,75,13,1,0,67,89.9,13,10,2026-09-15T13:00:00.088997,99.4,100.0,85.8,67.8
res-lab-03,Computer Lab 3,COMPUTER_LAB,60,13,1,0,31,51.8,5,7,2026-09-15T13:00:00.088997,61.1,59.3,54.3,36.8
res-lab-ai,AI & Data Science Lab,RESEARCH_LAB,50,13,1,0,37,74.5,11,1,2026-09-15T13:00:00.088997,74.9,85.2,69.0,48.2
res-lab-res,Advanced Research Lab,RESEARCH_LAB,40,13,1,0,4,10.3,0,0,2026-09-15T13:00:00.088997,8.7,16.1,6.8,6.3
res-sr-01,Study Room A,STUDY_ROOM,24,13,1,0,5,22.4,0,1,2026-09-15T13:00:00.088997,26.7,30.3,18.6,5.8
res-sr-02,Study Room B,STUDY_ROOM,20,13,1,0,3,13.7,0,3,2026-09-15T13:00:00.088997,12.0,23.8,7.6,1.1
res-sr-03,Study Room C,STUDY_ROOM,20,13,1,0,9,45.3,1,2,2026-09-15T13:00:00.088997,45.9,36.0,35.5,44.3
res-can-01,Main Canteen,CANTEEN,250,13,1,0,193,77.3,7,7,2026-09-15T13:00:00.088997,77.0,83.2,83.1,76.9
res-sem-01,Dr. Kalam Seminar Hall,SEMINAR_HALL,180,13,1,0,130,72.1,7,9,2026-09-15T13:00:00.088997,67.3,75.6,69.3,69.0
res-cls-01,Block A Classrooms (301-305),CLASSROOM,150,13,1,0,82,54.7,7,4,2026-09-15T13:00:00.088997,58.9,54.0,39.1,43.4
res-cls-02,Block B Classrooms (201-204),CLASSROOM,120,13,1,0,87,72.8,3,8,2026-09-15T13:00:00.088997,77.9,77.4,86.2,52.6
res-sac-01,Student Activity Center,ACTIVITY_CENTER,160,13,1,0,22,13.6,0,1,2026-09-15T13:00:00.088997,14.2,10.1,0.6,0.4
res-lib-01,Central Library,LIBRARY,200,14,1,0,144,71.9,15,11,2026-09-15T14:00:00.088997,66.8,62.8,62.5,81.3
res-lib-02,Digital Reading Hall,LIBRARY,120,14,1,0,98,81.5,5,6,2026-09-15T14:00:00.088997,82.5,80.6,71.7,77.7
res-lab-01,Computer Lab 1,COMPUTER_LAB,80,14,1,0,70,88.0,10,11,2026-09-15T14:00:00.088997,82.7,78.0,63.2,95.1
res-lab-02,Computer Lab 2,COMPUTER_LAB,75,14,1,0,63,84.2,10,10,2026-09-15T14:00:00.088997,88.3,78.3,71.4,74.3
res-lab-03,Computer Lab 3,COMPUTER_LAB,60,14,1,0,46,77.0,8,4,2026-09-15T14:00:00.088997,68.8,64.7,76.8,61.2
res-lab-ai,AI & Data Science Lab,RESEARCH_LAB,50,14,1,0,42,84.4,7,8,2026-09-15T14:00:00.088997,81.5,77.8,88.6,90.9
res-lab-res,Advanced Research Lab,RESEARCH_LAB,40,14,1,0,15,36.3,5,1,2026-09-15T14:00:00.088997,33.3,33.2,26.4,27.1
res-sr-01,Study Room A,STUDY_ROOM,24,14,1,0,13,55.6,7,3,2026-09-15T14:00:00.088997,51.1,41.9,39.9,67.1
res-sr-02,Study Room B,STUDY_ROOM,20,14,1,0,5,23.6,0,3,2026-09-15T14:00:00.088997,21.2,17.5,28.3,18.2
res-sr-03,Study Room C,STUDY_ROOM,20,14,1,0,13,63.0,6,4,2026-09-15T14:00:00.088997,64.5,56.1,38.8,50.4
res-can-01,Main Canteen,CANTEEN,250,14,1,0,152,60.7,13,3,2026-09-15T14:00:00.088997,58.1,57.3,50.1,45.2
res-sem-01,Dr. Kalam Seminar Hall,SEMINAR_HALL,180,14,1,0,114,63.6,12,8,2026-09-15T14:00:00.088997,67.5,52.3,58.4,53.4
res-cls-01,Block A Classrooms (301-305),CLASSROOM,150,14,1,0,51,34.2,8,2,2026-09-15T14:00:00.088997,30.6,32.4,10.2,19.3
res-cls-02,Block B Classrooms (201-204),CLASSROOM,120,14,1,0,71,59.5,4,9,2026-09-15T14:00:00.088997,53.3,53.7,54.2,63.8
res-sac-01,Student Activity Center,ACTIVITY_CENTER,160,14,1,0,24,15.0,4,3,2026-09-15T14:00:00.088997,13.5,3.4,0.0,4.2
res-lib-01,Central Library,LIBRARY,200,15,1,0,159,79.7,12,10,2026-09-15T15:00:00.088997,77.0,67.8,76.3,55.5
res-lib-02,Digital Reading Hall,LIBRARY,120,15,1,0,80,67.0,5,6,2026-09-15T15:00:00.088997,69.7,62.0,55.1,36.7
res-lab-01,Computer Lab 1,COMPUTER_LAB,80,15,1,0,70,87.3,8,9,2026-09-15T15:00:00.088997,83.9,87.3,77.9,74.6
res-lab-02,Computer Lab 2,COMPUTER_LAB,75,15,1,0,58,77.0,15,10,2026-09-15T15:00:00.088997,74.7,72.0,64.3,53.6
res-lab-03,Computer Lab 3,COMPUTER_LAB,60,15,1,0,47,77.8,7,9,2026-09-15T15:00:00.088997,71.5,80.8,76.6,66.0
res-lab-ai,AI & Data Science Lab,RESEARCH_LAB,50,15,1,0,48,95.0,9,10,2026-09-15T15:00:00.088997,97.4,85.8,73.2,91.4
res-lab-res,Advanced Research Lab,RESEARCH_LAB,40,15,1,0,25,63.3,4,4,2026-09-15T15:00:00.088997,57.9,54.0,52.4,48.1
res-sr-01,Study Room A,STUDY_ROOM,24,15,1,0,16,67.5,5,6,2026-09-15T15:00:00.088997,66.1,60.6,69.9,61.6
res-sr-02,Study Room B,STUDY_ROOM,20,15,1,0,8,41.5,6,5,2026-09-15T15:00:00.088997,37.8,27.5,33.6,29.4
res-sr-03,Study Room C,STUDY_ROOM,20,15,1,0,15,72.6,4,7,2026-09-15T15:00:00.088997,69.7,65.1,63.9,47.4
res-can-01,Main Canteen,CANTEEN,250,15,1,0,126,50.3,7,3,2026-09-15T15:00:00.088997,41.6,42.4,32.6,41.5
res-sem-01,Dr. Kalam Seminar Hall,SEMINAR_HALL,180,15,1,0,87,48.3,0,7,2026-09-15T15:00:00.088997,41.8,52.6,39.9,21.3
res-cls-01,Block A Classrooms (301-305),CLASSROOM,150,15,1,0,8,5.4,1,0,2026-09-15T15:00:00.088997,3.0,10.1,0.0,0.0
res-cls-02,Block B Classrooms (201-204),CLASSROOM,120,15,1,0,58,48.6,6,0,2026-09-15T15:00:00.088997,48.6,36.6,53.2,26.7
res-sac-01,Student Activity Center,ACTIVITY_CENTER,160,15,1,0,79,49.7,10,2,2026-09-15T15:00:00.088997,47.7,49.2,48.7,43.0
res-lib-01,Central Library,LIBRARY,200,16,1,0,190,95.0,11,8,2026-09-15T16:00:00.088997,91.6,95.2,90.3,86.5
res-lib-02,Digital Reading Hall,LIBRARY,120,16,1,0,67,56.1,0,6,2026-09-15T16:00:00.088997,54.9,61.1,34.3,62.8
res-lab-01,Computer Lab 1,COMPUTER_LAB,80,16,1,0,55,68.2,9,11,2026-09-15T16:00:00.088997,68.4,65.6,62.4,50.4
res-lab-02,Computer Lab 2,COMPUTER_LAB,75,16,1,0,43,57.8,4,5,2026-09-15T16:00:00.088997,46.4,55.3,48.7,41.7
res-lab-03,Computer Lab 3,COMPUTER_LAB,60,16,1,0,44,72.8,4,13,2026-09-15T16:00:00.088997,70.3,66.9,56.1,61.0
res-lab-ai,AI & Data Science Lab,RESEARCH_LAB,50,16,1,0,46,92.4,14,11,2026-09-15T16:00:00.088997,92.6,85.3,71.4,78.0
res-lab-res,Advanced Research Lab,RESEARCH_LAB,40,16,1,0,30,75.9,12,8,2026-09-15T16:00:00.088997,80.4,78.1,63.8,42.4
res-sr-01,Study Room A,STUDY_ROOM,24,16,1,0,21,87.7,14,4,2026-09-15T16:00:00.088997,91.7,85.0,81.1,95.0
res-sr-02,Study Room B,STUDY_ROOM,20,16,1,0,14,70.5,10,8,2026-09-15T16:00:00.088997,70.9,63.1,62.0,47.6
res-sr-03,Study Room C,STUDY_ROOM,20,16,1,0,15,75.8,7,5,2026-09-15T16:00:00.088997,74.3,68.9,72.3,44.3
res-can-01,Main Canteen,CANTEEN,250,16,1,0,81,32.3,4,2,2026-09-15T16:00:00.088997,29.6,17.8,27.5,28.1
res-sem-01,Dr. Kalam Seminar Hall,SEMINAR_HALL,180,16,1,0,54,29.8,6,3,2026-09-15T16:00:00.088997,29.7,25.7,27.9,0.0
res-cls-01,Block A Classrooms (301-305),CLASSROOM,150,16,1,0,10,6.4,5,0,2026-09-15T16:00:00.088997,3.9,8.5,0.0,0.0
res-cls-02,Block B Classrooms (201-204),CLASSROOM,120,16,1,0,27,22.3,1,2,2026-09-15T16:00:00.088997,17.6,24.0,27.1,8.7
res-sac-01,Student Activity Center,ACTIVITY_CENTER,160,16,1,0,82,51.5,4,4,2026-09-15T16:00:00.088997,51.5,40.4,36.6,45.6
res-lib-01,Central Library,LIBRARY,200,17,1,0,171,85.6,8,4,2026-09-15T17:00:00.088997,96.8,85.3,75.2,84.1
res-lib-02,Digital Reading Hall,LIBRARY,120,17,1,0,38,31.3,6,3,2026-09-15T17:00:00.088997,29.7,25.6,10.3,42.6
res-lab-01,Computer Lab 1,COMPUTER_LAB,80,17,1,0,34,43.0,1,3,2026-09-15T17:00:00.088997,37.2,37.7,41.2,43.0
res-lab-02,Computer Lab 2,COMPUTER_LAB,75,17,1,0,30,40.1,3,4,2026-09-15T17:00:00.088997,39.7,24.5,37.2,10.6
res-lab-03,Computer Lab 3,COMPUTER_LAB,60,17,1,0,39,65.2,6,5,2026-09-15T17:00:00.088997,60.1,56.4,77.6,64.5
res-lab-ai,AI & Data Science Lab,RESEARCH_LAB,50,17,1,0,33,65.8,12,10,2026-09-15T17:00:00.088997,62.7,62.7,57.7,77.5
res-lab-res,Advanced Research Lab,RESEARCH_LAB,40,17,1,0,33,81.8,10,6,2026-09-15T17:00:00.088997,74.1,90.0,63.2,72.5
res-sr-01,Study Room A,STUDY_ROOM,24,17,1,0,18,75.2,7,8,2026-09-15T17:00:00.088997,69.9,73.7,64.7,77.1
res-sr-02,Study Room B,STUDY_ROOM,20,17,1,0,17,82.6,8,8,2026-09-15T17:00:00.088997,81.3,81.3,74.7,72.9
res-sr-03,Study Room C,STUDY_ROOM,20,17,1,0,13,64.1,8,10,2026-09-15T17:00:00.088997,64.7,63.3,62.6,50.3
res-can-01,Main Canteen,CANTEEN,250,17,1,0,28,11.3,0,4,2026-09-15T17:00:00.088997,0.0,5.8,13.5,0.0
res-sem-01,Dr. Kalam Seminar Hall,SEMINAR_HALL,180,17,1,0,12,6.6,0,0,2026-09-15T17:00:00.088997,8.4,2.8,0.0,0.0
res-cls-01,Block A Classrooms (301-305),CLASSROOM,150,17,1,0,21,13.9,3,6,2026-09-15T17:00:00.088997,18.6,6.8,28.4,2.2
res-cls-02,Block B Classrooms (201-204),CLASSROOM,120,17,1,0,7,6.1,0,0,2026-09-15T17:00:00.088997,10.6,10.7,0.0,0.0
res-sac-01,Student Activity Center,ACTIVITY_CENTER,160,17,1,0,116,72.3,5,1,2026-09-15T17:00:00.088997,69.4,65.3,60.8,62.9
res-lib-01,Central Library,LIBRARY,200,18,1,0,145,72.7,7,7,2026-09-15T18:00:00.088997,73.6,71.1,59.2,61.9
res-lib-02,Digital Reading Hall,LIBRARY,120,18,1,0,27,22.2,0,6,2026-09-15T18:00:00.088997,25.9,12.9,15.9,17.9
res-lab-01,Computer Lab 1,COMPUTER_LAB,80,18,1,0,26,32.8,5,3,2026-09-15T18:00:00.088997,24.9,30.6,14.9,32.1
res-lab-02,Computer Lab 2,COMPUTER_LAB,75,18,1,0,17,22.3,2,6,2026-09-15T18:00:00.088997,22.3,10.8,5.2,3.1
res-lab-03,Computer Lab 3,COMPUTER_LAB,60,18,1,0,24,39.4,5,1,2026-09-15T18:00:00.088997,32.7,36.0,29.7,53.2
res-lab-ai,AI & Data Science Lab,RESEARCH_LAB,50,18,1,0,26,52.9,11,1,2026-09-15T18:00:00.088997,44.6,41.2,55.6,62.0
res-lab-res,Advanced Research Lab,RESEARCH_LAB,40,18,1,0,29,73.7,7,3,2026-09-15T18:00:00.088997,64.5,73.1,67.8,61.9
res-sr-01,Study Room A,STUDY_ROOM,24,18,1,0,15,64.5,12,4,2026-09-15T18:00:00.088997,64.6,50.7,54.8,56.0
res-sr-02,Study Room B,STUDY_ROOM,20,18,1,0,16,78.4,9,9,2026-09-15T18:00:00.088997,71.9,74.6,71.5,69.2
res-sr-03,Study Room C,STUDY_ROOM,20,18,1,0,10,48.2,1,0,2026-09-15T18:00:00.088997,37.3,48.1,47.6,46.3
res-can-01,Main Canteen,CANTEEN,250,18,1,0,28,11.2,0,0,2026-09-15T18:00:00.088997,9.9,7.0,1.2,3.7
res-sem-01,Dr. Kalam Seminar Hall,SEMINAR_HALL,180,18,1,0,9,5.0,0,0,2026-09-15T18:00:00.088997,7.0,0.0,0.0,0.0
res-cls-01,Block A Classrooms (301-305),CLASSROOM,150,18,1,0,13,8.6,4,0,2026-09-15T18:00:00.088997,5.9,0.0,7.7,0.0
res-cls-02,Block B Classrooms (201-204),CLASSROOM,120,18,1,0,12,9.6,5,2,2026-09-15T18:00:00.088997,1.1,0.0,1.0,0.0
res-sac-01,Student Activity Center,ACTIVITY_CENTER,160,18,1,0,132,82.6,10,8,2026-09-15T18:00:00.088997,77.8,88.0,100.0,67.3
res-lib-01,Central Library,LIBRARY,200,19,1,0,98,49.2,6,4,2026-09-15T19:00:00.088997,43.9,37.7,31.0,42.1
res-lib-02,Digital Reading Hall,LIBRARY,120,19,1,0,22,17.9,0,3,2026-09-15T19:00:00.088997,15.8,21.0,13.3,0.0
res-lab-01,Computer Lab 1,COMPUTER_LAB,80,19,1,0,21,26.1,0,0,2026-09-15T19:00:00.088997,27.9,21.0,28.3,0.0
res-lab-02,Computer Lab 2,COMPUTER_LAB,75,19,1,0,22,28.9,5,0,2026-09-15T19:00:00.088997,32.2,24.4,24.4,6.5
res-lab-03,Computer Lab 3,COMPUTER_LAB,60,19,1,0,12,20.1,0,4,2026-09-15T19:00:00.088997,21.4,9.3,30.0,10.9
res-lab-ai,AI & Data Science Lab,RESEARCH_LAB,50,19,1,0,16,32.6,0,9,2026-09-15T19:00:00.088997,25.7,33.8,15.7,13.2
res-lab-res,Advanced Research Lab,RESEARCH_LAB,40,19,1,0,26,65.2,10,2,2026-09-15T19:00:00.088997,67.5,66.4,48.7,72.4
res-sr-01,Study Room A,STUDY_ROOM,24,19,1,0,11,47.1,3,6,2026-09-15T19:00:00.088997,41.6,43.6,41.2,32.8
res-sr-02,Study Room B,STUDY_ROOM,20,19,1,0,14,68.4,7,7,2026-09-15T19:00:00.088997,71.0,68.1,67.5,42.6
res-sr-03,Study Room C,STUDY_ROOM,20,19,1,0,6,28.9,0,0,2026-09-15T19:00:00.088997,26.6,18.5,28.0,26.7
res-can-01,Main Canteen,CANTEEN,250,19,1,0,12,5.0,0,0,2026-09-15T19:00:00.088997,1.1,2.7,0.0,0.0
res-sem-01,Dr. Kalam Seminar Hall,SEMINAR_HALL,180,19,1,0,18,10.2,0,4,2026-09-15T19:00:00.088997,6.0,4.7,0.0,16.7
res-cls-01,Block A Classrooms (301-305),CLASSROOM,150,19,1,0,8,5.1,0,2,2026-09-15T19:00:00.088997,0.0,0.0,0.0,0.0
res-cls-02,Block B Classrooms (201-204),CLASSROOM,120,19,1,0,8,6.7,0,2,2026-09-15T19:00:00.088997,3.4,8.2,0.0,0.0
res-sac-01,Student Activity Center,ACTIVITY_CENTER,160,19,1,0,127,79.6,7,4,2026-09-15T19:00:00.088997,70.6,81.0,68.5,64.5
res-lib-01,Central Library,LIBRARY,200,20,1,0,49,24.4,5,1,2026-09-15T20:00:00.088997,31.7,20.2,25.9,22.0
res-lib-02,Digital Reading Hall,LIBRARY,120,20,1,0,24,19.9,0,2,2026-09-15T20:00:00.088997,19.9,11.4,13.4,22.7
res-lab-01,Computer Lab 1,COMPUTER_LAB,80,20,1,0,35,43.3,7,9,2026-09-15T20:00:00.088997,38.8,42.5,47.3,20.5
res-lab-02,Computer Lab 2,COMPUTER_LAB,75,20,1,0,17,23.1,7,0,2026-09-15T20:00:00.088997,15.7,27.2,25.8,16.2
res-lab-03,Computer Lab 3,COMPUTER_LAB,60,20,1,0,9,14.8,0,2,2026-09-15T20:00:00.088997,19.1,11.2,26.3,0.0
res-lab-ai,AI & Data Science Lab,RESEARCH_LAB,50,20,1,0,15,29.9,2,0,2026-09-15T20:00:00.088997,27.3,27.4,26.6,44.0
res-lab-res,Advanced Research Lab,RESEARCH_LAB,40,20,1,0,18,44.6,8,4,2026-09-15T20:00:00.088997,49.4,54.0,41.4,20.7
res-sr-01,Study Room A,STUDY_ROOM,24,20,1,0,7,29.6,4,4,2026-09-15T20:00:00.088997,30.4,27.4,21.7,10.0
res-sr-02,Study Room B,STUDY_ROOM,20,20,1,0,10,49.5,11,8,2026-09-15T20:00:00.088997,49.6,50.7,38.1,31.4
res-sr-03,Study Room C,STUDY_ROOM,20,20,1,0,2,12.0,1,0,2026-09-15T20:00:00.088997,14.8,4.2,0.0,23.3
res-can-01,Main Canteen,CANTEEN,250,20,1,0,20,8.2,1,2,2026-09-15T20:00:00.088997,1.6,10.6,5.9,14.9
res-sem-01,Dr. Kalam Seminar Hall,SEMINAR_HALL,180,20,1,0,9,5.0,0,0,2026-09-15T20:00:00.088997,4.1,0.0,0.0,0.0
res-cls-01,Block A Classrooms (301-305),CLASSROOM,150,20,1,0,17,11.4,0,0,2026-09-15T20:00:00.088997,12.7,3.2,0.0,14.7
res-cls-02,Block B Classrooms (201-204),CLASSROOM,120,20,1,0,14,11.3,3,0,2026-09-15T20:00:00.088997,20.0,2.7,19.0,0.0
res-sac-01,Student Activity Center,ACTIVITY_CENTER,160,20,1,0,81,50.4,7,5,2026-09-15T20:00:00.088997,44.2,39.9,42.2,42.6
res-lib-01,Central Library,LIBRARY,200,21,1,0,30,15.1,4,0,2026-09-15T21:00:00.088997,7.8,15.8,6.9,17.7
res-lib-02,Digital Reading Hall,LIBRARY,120,21,1,0,26,21.8,2,1,2026-09-15T21:00:00.088997,21.7,14.3,6.1,17.1
res-lab-01,Computer Lab 1,COMPUTER_LAB,80,21,1,0,28,34.4,4,6,2026-09-15T21:00:00.088997,32.0,29.5,21.0,27.6
res-lab-02,Computer Lab 2,COMPUTER_LAB,75,21,1,0,20,26.4,5,0,2026-09-15T21:00:00.088997,22.6,26.2,20.7,3.5
res-lab-03,Computer Lab 3,COMPUTER_LAB,60,21,1,0,12,20.2,0,4,2026-09-15T21:00:00.088997,13.2,26.5,0.0,22.1
res-lab-ai,AI & Data Science Lab,RESEARCH_LAB,50,21,1,0,15,29.7,2,3,2026-09-15T21:00:00.088997,30.2,19.2,14.3,25.5
res-lab-res,Advanced Research Lab,RESEARCH_LAB,40,21,1,0,5,13.2,0,10,2026-09-15T21:00:00.088997,7.3,15.1,0.0,7.3
res-sr-01,Study Room A,STUDY_ROOM,24,21,1,0,5,22.6,6,1,2026-09-15T21:00:00.088997,28.6,14.1,16.7,13.6
res-sr-02,Study Room B,STUDY_ROOM,20,21,1,0,4,22.3,1,2,2026-09-15T21:00:00.088997,18.6,32.0,6.8,24.5
res-sr-03,Study Room C,STUDY_ROOM,20,21,1,0,4,18.4,2,0,2026-09-15T21:00:00.088997,13.4,10.3,0.0,0.0
res-can-01,Main Canteen,CANTEEN,250,21,1,0,12,5.0,4,2,2026-09-15T21:00:00.088997,6.1,3.5,0.0,10.5
res-sem-01,Dr. Kalam Seminar Hall,SEMINAR_HALL,180,21,1,0,9,5.0,0,2,2026-09-15T21:00:00.088997,0.0,18.6,0.0,0.0
res-cls-01,Block A Classrooms (301-305),CLASSROOM,150,21,1,0,23,15.0,4,1,2026-09-15T21:00:00.088997,13.5,1.0,2.0,9.2
res-cls-02,Block B Classrooms (201-204),CLASSROOM,120,21,1,0,14,11.8,5,0,2026-09-15T21:00:00.088997,4.2,13.1,16.7,10.6
res-sac-01,Student Activity Center,ACTIVITY_CENTER,160,21,1,0,59,37.1,7,13,2026-09-15T21:00:00.088997,35.6,24.3,23.9,32.6
res-lib-01,Central Library,LIBRARY,200,8,2,0,37,18.6,2,2,2026-09-16T08:00:00.088997,26.7,31.4,34.4,2.6
res-lib-02,Digital Reading Hall,LIBRARY,120,8,2,0,28,23.7,4,3,2026-09-16T08:00:00.088997,18.8,24.0,21.2,9.5
res-lab-01,Computer Lab 1,COMPUTER_LAB,80,8,2,0,28,35.0,1,11,2026-09-16T08:00:00.088997,36.3,47.8,28.9,38.6
res-lab-02,Computer Lab 2,COMPUTER_LAB,75,8,2,0,19,25.4,0,1,2026-09-16T08:00:00.088997,26.5,29.0,50.1,39.9
res-lab-03,Computer Lab 3,COMPUTER_LAB,60,8,2,0,10,16.9,3,3,2026-09-16T08:00:00.088997,18.6,20.0,26.4,40.8
res-lab-ai,AI & Data Science Lab,RESEARCH_LAB,50,8,2,0,17,34.5,3,5,2026-09-16T08:00:00.088997,35.7,39.7,38.2,42.3
res-lab-res,Advanced Research Lab,RESEARCH_LAB,40,8,2,0,10,25.4,3,2,2026-09-16T08:00:00.088997,21.6,28.5,31.2,25.4
res-sr-01,Study Room A,STUDY_ROOM,24,8,2,0,5,20.1,1,2,2026-09-16T08:00:00.088997,22.6,19.4,24.5,31.0
res-sr-02,Study Room B,STUDY_ROOM,20,8,2,0,4,19.7,3,0,2026-09-16T08:00:00.088997,23.3,35.0,36.0,36.3
res-sr-03,Study Room C,STUDY_ROOM,20,8,2,0,4,17.9,6,5,2026-09-16T08:00:00.088997,22.2,29.3,16.2,9.9
res-can-01,Main Canteen,CANTEEN,250,8,2,0,27,10.6,1,0,2026-09-16T08:00:00.088997,15.9,4.5,13.8,14.8
res-sem-01,Dr. Kalam Seminar Hall,SEMINAR_HALL,180,8,2,0,9,5.0,5,0,2026-09-16T08:00:00.088997,4.6,15.4,18.8,1.7
res-cls-01,Block A Classrooms (301-305),CLASSROOM,150,8,2,0,53,35.5,5,10,2026-09-16T08:00:00.088997,39.1,39.7,35.8,36.6
res-cls-02,Block B Classrooms (201-204),CLASSROOM,120,8,2,0,8,6.7,4,0,2026-09-16T08:00:00.088997,11.0,20.8,0.0,32.0
res-sac-01,Student Activity Center,ACTIVITY_CENTER,160,8,2,0,24,15.2,3,0,2026-09-16T08:00:00.088997,14.2,23.2,44.7,37.3
res-lib-01,Central Library,LIBRARY,200,9,2,0,60,30.1,3,1,2026-09-16T09:00:00.088997,28.9,32.1,19.6,31.4
res-lib-02,Digital Reading Hall,LIBRARY,120,9,2,0,21,17.8,1,2,2026-09-16T09:00:00.088997,21.2,22.7,20.5,4.2
res-lab-01,Computer Lab 1,COMPUTER_LAB,80,9,2,0,26,32.7,1,4,2026-09-16T09:00:00.088997,38.3,43.3,47.5,41.1
res-lab-02,Computer Lab 2,COMPUTER_LAB,75,9,2,0,17,22.9,0,0,2026-09-16T09:00:00.088997,28.9,26.9,19.7,23.0
res-lab-03,Computer Lab 3,COMPUTER_LAB,60,9,2,0,7,11.5,1,4,2026-09-16T09:00:00.088997,12.1,3.0,17.8,19.7
res-lab-ai,AI & Data Science Lab,RESEARCH_LAB,50,9,2,0,15,29.1,1,3,2026-09-16T09:00:00.088997,31.4,34.0,40.8,33.9
res-lab-res,Advanced Research Lab,RESEARCH_LAB,40,9,2,0,7,18.1,6,3,2026-09-16T09:00:00.088997,23.4,30.4,30.8,39.2
res-sr-01,Study Room A,STUDY_ROOM,24,9,2,0,3,13.7,2,0,2026-09-16T09:00:00.088997,22.4,24.2,16.0,28.2
res-sr-02,Study Room B,STUDY_ROOM,20,9,2,0,3,15.7,3,0,2026-09-16T09:00:00.088997,19.1,19.3,26.2,17.0
res-sr-03,Study Room C,STUDY_ROOM,20,9,2,0,3,12.7,5,0,2026-09-16T09:00:00.088997,10.7,17.4,13.7,12.0
res-can-01,Main Canteen,CANTEEN,250,9,2,0,26,10.4,0,0,2026-09-16T09:00:00.088997,20.6,18.2,11.7,25.4
res-sem-01,Dr. Kalam Seminar Hall,SEMINAR_HALL,180,9,2,0,13,7.3,3,0,2026-09-16T09:00:00.088997,13.2,0.0,5.8,19.2
res-cls-01,Block A Classrooms (301-305),CLASSROOM,150,9,2,0,80,53.3,3,6,2026-09-16T09:00:00.088997,52.8,56.7,70.6,74.2
res-cls-02,Block B Classrooms (201-204),CLASSROOM,120,9,2,0,21,17.8,0,0,2026-09-16T09:00:00.088997,19.7,18.9,35.2,32.0
res-sac-01,Student Activity Center,ACTIVITY_CENTER,160,9,2,0,27,16.6,0,5,2026-09-16T09:00:00.088997,7.3,26.6,33.0,21.4
res-lib-01,Central Library,LIBRARY,200,10,2,0,60,30.1,3,3,2026-09-16T10:00:00.088997,33.4,54.2,50.2,48.5
res-lib-02,Digital Reading Hall,LIBRARY,120,10,2,0,34,28.1,3,0,2026-09-16T10:00:00.088997,33.4,34.0,26.0,39.1
res-lab-01,Computer Lab 1,COMPUTER_LAB,80,10,2,0,35,43.4,5,1,2026-09-16T10:00:00.088997,45.5,52.9,50.9,48.7
res-lab-02,Computer Lab 2,COMPUTER_LAB,75,10,2,0,28,37.6,6,0,2026-09-16T10:00:00.088997,40.7,50.5,50.8,48.3
res-lab-03,Computer Lab 3,COMPUTER_LAB,60,10,2,0,11,17.6,3,4,2026-09-16T10:00:00.088997,11.5,13.2,34.6,9.5
res-lab-ai,AI & Data Science Lab,RESEARCH_LAB,50,10,2,0,16,31.6,2,0,2026-09-16T10:00:00.088997,35.0,37.8,58.6,34.1
res-lab-res,Advanced Research Lab,RESEARCH_LAB,40,10,2,0,10,25.8,4,0,2026-09-16T10:00:00.088997,31.0,34.2,34.1,39.0
res-sr-01,Study Room A,STUDY_ROOM,24,10,2,0,4,17.6,0,4,2026-09-16T10:00:00.088997,18.7,22.1,28.1,30.8
res-sr-02,Study Room B,STUDY_ROOM,20,10,2,0,2,9.3,4,1,2026-09-16T10:00:00.088997,10.5,16.9,19.4,28.5
res-sr-03,Study Room C,STUDY_ROOM,20,10,2,0,3,17.2,4,5,2026-09-16T10:00:00.088997,22.7,21.2,15.0,47.2
res-can-01,Main Canteen,CANTEEN,250,10,2,0,80,31.8,2,0,2026-09-16T10:00:00.088997,35.2,37.7,26.2,47.3
res-sem-01,Dr. Kalam Seminar Hall,SEMINAR_HALL,180,10,2,0,46,25.8,11,0,2026-09-16T10:00:00.088997,26.0,25.5,45.3,31.3
res-cls-01,Block A Classrooms (301-305),CLASSROOM,150,10,2,0,96,64.0,9,2,2026-09-16T10:00:00.088997,68.5,79.7,77.1,81.6
res-cls-02,Block B Classrooms (201-204),CLASSROOM,120,10,2,0,56,46.4,10,8,2026-09-16T10:00:00.088997,50.1,56.8,46.4,65.7
res-sac-01,Student Activity Center,ACTIVITY_CENTER,160,10,2,0,18,11.0,0,0,2026-09-16T10:00:00.088997,14.6,12.1,29.0,25.7
res-lib-01,Central Library,LIBRARY,200,11,2,0,59,29.5,0,6,2026-09-16T11:00:00.088997,39.9,39.1,44.6,41.5
res-lib-02,Digital Reading Hall,LIBRARY,120,11,2,0,61,50.8,8,0,2026-09-16T11:00:00.088997,51.1,45.2,52.5,68.5
res-lab-01,Computer Lab 1,COMPUTER_LAB,80,11,2,0,56,69.9,8,7,2026-09-16T11:00:00.088997,64.4,72.7,71.8,72.0
res-lab-02,Computer Lab 2,COMPUTER_LAB,75,11,2,0,45,60.3,4,4,2026-09-16T11:00:00.088997,53.9,63.5,58.5,71.2
res-lab-03,Computer Lab 3,COMPUTER_LAB,60,11,2,0,7,11.2,1,0,2026-09-16T11:00:00.088997,19.9,19.2,2.6,6.0
res-lab-ai,AI & Data Science Lab,RESEARCH_LAB,50,11,2,0,15,30.2,0,0,2026-09-16T11:00:00.088997,37.6,39.5,42.9,32.9
res-lab-res,Advanced Research Lab,RESEARCH_LAB,40,11,2,0,9,21.7,0,2,2026-09-16T11:00:00.088997,20.0,35.8,15.6,46.5
res-sr-01,Study Room A,STUDY_ROOM,24,11,2,0,5,20.2,0,2,2026-09-16T11:00:00.088997,25.1,33.4,31.0,19.5
res-sr-02,Study Room B,STUDY_ROOM,20,11,2,0,3,15.2,7,5,2026-09-16T11:00:00.088997,20.9,25.0,29.5,39.1
res-sr-03,Study Room C,STUDY_ROOM,20,11,2,0,3,13.2,0,1,2026-09-16T11:00:00.088997,11.9,11.8,14.7,53.0
res-can-01,Main Canteen,CANTEEN,250,11,2,0,131,52.6,7,1,2026-09-16T11:00:00.088997,47.2,52.6,73.5,66.6
res-sem-01,Dr. Kalam Seminar Hall,SEMINAR_HALL,180,11,2,0,89,49.4,8,3,2026-09-16T11:00:00.088997,57.0,50.6,70.1,64.7
res-cls-01,Block A Classrooms (301-305),CLASSROOM,150,11,2,0,102,67.8,5,1,2026-09-16T11:00:00.088997,74.5,72.7,55.8,82.4
res-cls-02,Block B Classrooms (201-204),CLASSROOM,120,11,2,0,70,57.9,2,10,2026-09-16T11:00:00.088997,60.4,61.2,62.3,49.8
res-sac-01,Student Activity Center,ACTIVITY_CENTER,160,11,2,0,16,9.8,5,0,2026-09-16T11:00:00.088997,11.9,2.5,5.9,27.1
res-lib-01,Central Library,LIBRARY,200,12,2,0,53,26.5,8,6,2026-09-16T12:00:00.088997,27.6,34.3,31.7,39.2
res-lib-02,Digital Reading Hall,LIBRARY,120,12,2,0,90,74.7,9,8,2026-09-16T12:00:00.088997,82.4,83.1,96.7,36.3
res-lab-01,Computer Lab 1,COMPUTER_LAB,80,12,2,0,70,86.9,8,13,2026-09-16T12:00:00.088997,95.1,92.1,100.0,96.3
res-lab-02,Computer Lab 2,COMPUTER_LAB,75,12,2,0,57,75.4,16,7,2026-09-16T12:00:00.088997,76.5,85.6,80.2,64.4
res-lab-03,Computer Lab 3,COMPUTER_LAB,60,12,2,0,26,43.4,5,0,2026-09-16T12:00:00.088997,46.9,44.2,59.2,39.8
res-lab-ai,AI & Data Science Lab,RESEARCH_LAB,50,12,2,0,29,58.7,9,9,2026-09-16T12:00:00.088997,58.0,68.5,84.4,38.4
res-lab-res,Advanced Research Lab,RESEARCH_LAB,40,12,2,0,11,27.2,1,0,2026-09-16T12:00:00.088997,30.4,36.5,43.4,3.7
res-sr-01,Study Room A,STUDY_ROOM,24,12,2,0,5,21.7,0,0,2026-09-16T12:00:00.088997,20.0,22.2,34.4,23.6
res-sr-02,Study Room B,STUDY_ROOM,20,12,2,0,2,9.1,2,0,2026-09-16T12:00:00.088997,13.6,10.4,7.6,6.7
res-sr-03,Study Room C,STUDY_ROOM,20,12,2,0,5,24.5,1,0,2026-09-16T12:00:00.088997,30.2,34.4,32.5,0.0
res-can-01,Main Canteen,CANTEEN,250,12,2,0,179,71.7,6,5,2026-09-16T12:00:00.088997,83.0,72.5,86.4,66.5
res-sem-01,Dr. Kalam Seminar Hall,SEMINAR_HALL,180,12,2,0,114,63.4,8,7,2026-09-16T12:00:00.088997,66.5,68.1,85.0,35.7
res-cls-01,Block A Classrooms (301-305),CLASSROOM,150,12,2,0,106,71.0,10,9,2026-09-16T12:00:00.088997,77.4,75.4,62.1,58.1
res-cls-02,Block B Classrooms (201-204),CLASSROOM,120,12,2,0,82,68.2,5,3,2026-09-16T12:00:00.088997,68.3,69.6,54.8,64.6
res-sac-01,Student Activity Center,ACTIVITY_CENTER,160,12,2,0,38,23.9,4,1,2026-09-16T12:00:00.088997,25.7,26.4,32.7,11.4
res-lib-01,Central Library,LIBRARY,200,13,2,0,89,44.4,10,0,2026-09-16T13:00:00.088997,49.3,48.8,53.5,36.5
res-lib-02,Digital Reading Hall,LIBRARY,120,13,2,0,97,80.7,8,8,2026-09-16T13:00:00.088997,78.1,81.1,56.6,57.6
res-lab-01,Computer Lab 1,COMPUTER_LAB,80,13,2,0,76,95.0,12,3,2026-09-16T13:00:00.088997,96.5,100.0,85.5,75.4
res-lab-02,Computer Lab 2,COMPUTER_LAB,75,13,2,0,64,85.5,8,6,2026-09-16T13:00:00.088997,88.2,100.0,70.8,69.7
res-lab-03,Computer Lab 3,COMPUTER_LAB,60,13,2,0,34,56.8,4,8,2026-09-16T13:00:00.088997,49.3,58.6,56.2,41.3
res-lab-ai,AI & Data Science Lab,RESEARCH_LAB,50,13,2,0,34,68.7,9,9,2026-09-16T13:00:00.088997,71.6,68.9,64.8,51.9
res-lab-res,Advanced Research Lab,RESEARCH_LAB,40,13,2,0,9,23.0,7,0,2026-09-16T13:00:00.088997,25.4,17.6,37.0,5.4
res-sr-01,Study Room A,STUDY_ROOM,24,13,2,0,8,34.8,4,1,2026-09-16T13:00:00.088997,33.1,49.3,35.4,46.1
res-sr-02,Study Room B,STUDY_ROOM,20,13,2,0,3,15.2,2,0,2026-09-16T13:00:00.088997,16.1,14.0,8.0,0.0
res-sr-03,Study Room C,STUDY_ROOM,20,13,2,0,10,49.7,6,5,2026-09-16T13:00:00.088997,58.4,54.4,48.5,62.3
res-can-01,Main Canteen,CANTEEN,250,13,2,0,201,80.2,13,7,2026-09-16T13:00:00.088997,83.1,77.3,76.7,71.5
res-sem-01,Dr. Kalam Seminar Hall,SEMINAR_HALL,180,13,2,0,126,70.1,11,3,2026-09-16T13:00:00.088997,78.6,80.5,61.5,56.3
res-cls-01,Block A Classrooms (301-305),CLASSROOM,150,13,2,0,81,53.9,11,5,2026-09-16T13:00:00.088997,56.5,59.1,62.0,37.5
res-cls-02,Block B Classrooms (201-204),CLASSROOM,120,13,2,0,86,72.0,13,7,2026-09-16T13:00:00.088997,78.6,71.5,62.2,77.8
res-sac-01,Student Activity Center,ACTIVITY_CENTER,160,13,2,0,20,12.3,1,1,2026-09-16T13:00:00.088997,10.3,14.8,5.3,0.9
res-lib-01,Central Library,LIBRARY,200,14,2,0,144,72.1,13,4,2026-09-16T14:00:00.088997,70.6,71.2,77.8,68.8
res-lib-02,Digital Reading Hall,LIBRARY,120,14,2,0,100,83.3,11,10,2026-09-16T14:00:00.088997,77.6,79.4,88.4,68.8
res-lab-01,Computer Lab 1,COMPUTER_LAB,80,14,2,0,76,95.0,10,2,2026-09-16T14:00:00.088997,93.1,91.8,82.4,69.1
res-lab-02,Computer Lab 2,COMPUTER_LAB,75,14,2,0,63,83.6,12,14,2026-09-16T14:00:00.088997,87.1,70.5,83.3,63.6
res-lab-03,Computer Lab 3,COMPUTER_LAB,60,14,2,0,42,69.5,6,9,2026-09-16T14:00:00.088997,71.4,64.0,60.8,63.1
res-lab-ai,AI & Data Science Lab,RESEARCH_LAB,50,14,2,0,45,89.1,14,5,2026-09-16T14:00:00.088997,87.2,77.7,80.7,74.4
res-lab-res,Advanced Research Lab,RESEARCH_LAB,40,14,2,0,17,42.6,2,0,2026-09-16T14:00:00.088997,32.2,36.8,30.7,22.5
res-sr-01,Study Room A,STUDY_ROOM,24,14,2,0,14,58.2,4,10,2026-09-16T14:00:00.088997,62.7,41.5,51.0,41.4
res-sr-02,Study Room B,STUDY_ROOM,20,14,2,0,3,15.2,0,3,2026-09-16T14:00:00.088997,21.2,15.6,10.1,2.9
res-sr-03,Study Room C,STUDY_ROOM,20,14,2,0,14,71.8,15,5,2026-09-16T14:00:00.088997,61.8,54.2,75.7,59.2
res-can-01,Main Canteen,CANTEEN,250,14,2,0,169,67.6,2,4,2026-09-16T14:00:00.088997,64.4,63.9,56.0,43.2
res-sem-01,Dr. Kalam Seminar Hall,SEMINAR_HALL,180,14,2,0,106,58.7,10,6,2026-09-16T14:00:00.088997,59.2,48.3,24.2,40.5
res-cls-01,Block A Classrooms (301-305),CLASSROOM,150,14,2,0,44,29.3,4,12,2026-09-16T14:00:00.088997,30.1,40.7,26.4,9.8
res-cls-02,Block B Classrooms (201-204),CLASSROOM,120,14,2,0,74,61.5,12,11,2026-09-16T14:00:00.088997,57.2,58.0,40.6,59.4
res-sac-01,Student Activity Center,ACTIVITY_CENTER,160,14,2,0,34,21.2,2,0,2026-09-16T14:00:00.088997,20.7,18.7,13.9,11.4
res-lib-01,Central Library,LIBRARY,200,15,2,0,162,81.2,12,10,2026-09-16T15:00:00.088997,75.2,70.1,70.9,78.0
res-lib-02,Digital Reading Hall,LIBRARY,120,15,2,0,85,70.7,6,7,2026-09-16T15:00:00.088997,67.3,70.9,65.7,54.9
res-lab-01,Computer Lab 1,COMPUTER_LAB,80,15,2,0,69,86.0,14,6,2026-09-16T15:00:00.088997,85.6,80.6,81.8,66.1
res-lab-02,Computer Lab 2,COMPUTER_LAB,75,15,2,0,57,75.5,12,4,2026-09-16T15:00:00.088997,68.2,62.8,57.0,70.7
res-lab-03,Computer Lab 3,COMPUTER_LAB,60,15,2,0,45,74.4,8,9,2026-09-16T15:00:00.088997,74.0,67.1,68.1,63.7
res-lab-ai,AI & Data Science Lab,RESEARCH_LAB,50,15,2,0,47,94.1,10,16,2026-09-16T15:00:00.088997,95.3,100.0,81.6,81.1
res-lab-res,Advanced Research Lab,RESEARCH_LAB,40,15,2,0,23,56.7,4,11,2026-09-16T15:00:00.088997,52.6,63.2,37.5,32.0
res-sr-01,Study Room A,STUDY_ROOM,24,15,2,0,16,68.7,8,9,2026-09-16T15:00:00.088997,68.5,61.2,59.5,52.9
res-sr-02,Study Room B,STUDY_ROOM,20,15,2,0,9,44.2,2,7,2026-09-16T15:00:00.088997,34.9,48.9,33.1,23.0
res-sr-03,Study Room C,STUDY_ROOM,20,15,2,0,16,80.1,14,11,2026-09-16T15:00:00.088997,80.1,81.6,56.6,61.8
res-can-01,Main Canteen,CANTEEN,250,15,2,0,121,48.4,9,3,2026-09-16T15:00:00.088997,49.8,46.6,32.6,29.3
res-sem-01,Dr. Kalam Seminar Hall,SEMINAR_HALL,180,15,2,0,94,52.2,3,5,2026-09-16T15:00:00.088997,47.1,45.3,43.8,30.8
res-cls-01,Block A Classrooms (301-305),CLASSROOM,150,15,2,0,9,6.2,1,0,2026-09-16T15:00:00.088997,0.9,0.0,0.0,5.5
res-cls-02,Block B Classrooms (201-204),CLASSROOM,120,15,2,0,59,48.9,3,11,2026-09-16T15:00:00.088997,42.9,50.4,34.4,26.5
res-sac-01,Student Activity Center,ACTIVITY_CENTER,160,15,2,0,56,34.8,4,5,2026-09-16T15:00:00.088997,35.5,24.1,17.9,11.8
res-lib-01,Central Library,LIBRARY,200,16,2,0,179,89.6,10,6,2026-09-16T16:00:00.088997,88.6,98.1,77.0,72.4
res-lib-02,Digital Reading Hall,LIBRARY,120,16,2,0,66,55.1,4,7,2026-09-16T16:00:00.088997,50.2,61.1,50.2,35.7
res-lab-01,Computer Lab 1,COMPUTER_LAB,80,16,2,0,52,65.5,6,10,2026-09-16T16:00:00.088997,58.5,56.5,52.5,53.3
res-lab-02,Computer Lab 2,COMPUTER_LAB,75,16,2,0,43,56.8,2,4,2026-09-16T16:00:00.088997,54.4,48.0,55.0,55.8
res-lab-03,Computer Lab 3,COMPUTER_LAB,60,16,2,0,43,71.6,9,0,2026-09-16T16:00:00.088997,67.9,72.6,59.8,50.7
res-lab-ai,AI & Data Science Lab,RESEARCH_LAB,50,16,2,0,48,95.0,16,10,2026-09-16T16:00:00.088997,97.6,76.6,79.9,77.4
res-lab-res,Advanced Research Lab,RESEARCH_LAB,40,16,2,0,30,75.9,7,0,2026-09-16T16:00:00.088997,75.5,74.2,82.3,54.5
res-sr-01,Study Room A,STUDY_ROOM,24,16,2,0,19,78.6,1,6,2026-09-16T16:00:00.088997,80.3,70.0,89.9,63.6
res-sr-02,Study Room B,STUDY_ROOM,20,16,2,0,13,65.7,3,7,2026-09-16T16:00:00.088997,55.7,64.8,64.2,70.0
res-sr-03,Study Room C,STUDY_ROOM,20,16,2,0,15,73.0,9,8,2026-09-16T16:00:00.088997,72.8,62.9,43.5,65.2
res-can-01,Main Canteen,CANTEEN,250,16,2,0,80,32.2,2,5,2026-09-16T16:00:00.088997,30.0,19.3,6.8,6.6
res-sem-01,Dr. Kalam Seminar Hall,SEMINAR_HALL,180,16,2,0,67,37.4,6,4,2026-09-16T16:00:00.088997,34.6,30.9,39.9,19.5
res-cls-01,Block A Classrooms (301-305),CLASSROOM,150,16,2,0,18,12.3,0,7,2026-09-16T16:00:00.088997,13.3,14.8,0.0,13.0
res-cls-02,Block B Classrooms (201-204),CLASSROOM,120,16,2,0,25,20.5,2,6,2026-09-16T16:00:00.088997,14.4,16.8,16.5,14.8
res-sac-01,Student Activity Center,ACTIVITY_CENTER,160,16,2,0,88,55.2,12,1,2026-09-16T16:00:00.088997,59.1,57.5,64.3,24.2
res-lib-01,Central Library,LIBRARY,200,17,2,0,157,78.4,13,2,2026-09-16T17:00:00.088997,70.0,70.5,72.1,85.5
res-lib-02,Digital Reading Hall,LIBRARY,120,17,2,0,37,31.1,1,4,2026-09-16T17:00:00.088997,30.9,28.7,21.5,0.0
res-lab-01,Computer Lab 1,COMPUTER_LAB,80,17,2,0,35,43.1,9,4,2026-09-16T17:00:00.088997,39.8,44.8,25.0,28.4
res-lab-02,Computer Lab 2,COMPUTER_LAB,75,17,2,0,28,37.3,3,4,2026-09-16T17:00:00.088997,34.6,24.0,31.0,9.4
res-lab-03,Computer Lab 3,COMPUTER_LAB,60,17,2,0,35,57.7,11,4,2026-09-16T17:00:00.088997,51.0,51.9,42.2,52.8
res-lab-ai,AI & Data Science Lab,RESEARCH_LAB,50,17,2,0,36,71.4,13,10,2026-09-16T17:00:00.088997,68.8,70.7,59.9,59.8
res-lab-res,Advanced Research Lab,RESEARCH_LAB,40,17,2,0,33,83.6,12,12,2026-09-16T17:00:00.088997,84.7,84.1,83.9,78.2
res-sr-01,Study Room A,STUDY_ROOM,24,17,2,0,19,77.6,14,13,2026-09-16T17:00:00.088997,74.6,70.3,75.1,72.2
res-sr-02,Study Room B,STUDY_ROOM,20,17,2,0,15,76.3,5,8,2026-09-16T17:00:00.088997,76.5,75.7,71.5,61.1
res-sr-03,Study Room C,STUDY_ROOM,20,17,2,0,14,69.0,8,5,2026-09-16T17:00:00.088997,66.3,53.6,59.4,65.3
res-can-01,Main Canteen,CANTEEN,250,17,2,0,28,11.4,5,0,2026-09-16T17:00:00.088997,11.3,11.1,24.4,1.1
res-sem-01,Dr. Kalam Seminar Hall,SEMINAR_HALL,180,17,2,0,9,5.0,3,6,2026-09-16T17:00:00.088997,1.7,5.0,8.1,5.2
res-cls-01,Block A Classrooms (301-305),CLASSROOM,150,17,2,0,16,10.5,0,0,2026-09-16T17:00:00.088997,10.3,11.0,5.5,0.0
res-cls-02,Block B Classrooms (201-204),CLASSROOM,120,17,2,0,15,12.2,4,2,2026-09-16T17:00:00.088997,6.9,6.1,12.8,0.0
res-sac-01,Student Activity Center,ACTIVITY_CENTER,160,17,2,0,102,63.5,12,7,2026-09-16T17:00:00.088997,63.9,52.0,62.1,54.8
res-lib-01,Central Library,LIBRARY,200,18,2,0,121,60.7,11,6,2026-09-16T18:00:00.088997,57.1,53.4,34.5,55.8
res-lib-02,Digital Reading Hall,LIBRARY,120,18,2,0,25,21.0,1,5,2026-09-16T18:00:00.088997,13.5,12.5,5.4,5.7
res-lab-01,Computer Lab 1,COMPUTER_LAB,80,18,2,0,28,35.3,5,2,2026-09-16T18:00:00.088997,29.8,40.4,49.0,25.0
res-lab-02,Computer Lab 2,COMPUTER_LAB,75,18,2,0,16,22.0,7,0,2026-09-16T18:00:00.088997,18.6,12.8,3.5,6.6
res-lab-03,Computer Lab 3,COMPUTER_LAB,60,18,2,0,21,34.3,4,3,2026-09-16T18:00:00.088997,29.8,27.1,24.2,32.0
res-lab-ai,AI & Data Science Lab,RESEARCH_LAB,50,18,2,0,26,52.2,8,6,2026-09-16T18:00:00.088997,52.5,55.5,34.1,34.5
res-lab-res,Advanced Research Lab,RESEARCH_LAB,40,18,2,0,34,83.9,9,0,2026-09-16T18:00:00.088997,81.1,79.7,52.4,87.9
res-sr-01,Study Room A,STUDY_ROOM,24,18,2,0,16,67.2,9,6,2026-09-16T18:00:00.088997,60.1,55.8,50.8,68.2
res-sr-02,Study Room B,STUDY_ROOM,20,18,2,0,15,76.5,7,4,2026-09-16T18:00:00.088997,79.3,80.3,79.2,70.4
res-sr-03,Study Room C,STUDY_ROOM,20,18,2,0,10,49.0,2,4,2026-09-16T18:00:00.088997,44.3,33.1,50.6,28.7
res-can-01,Main Canteen,CANTEEN,250,18,2,0,37,14.8,4,3,2026-09-16T18:00:00.088997,15.2,6.1,23.5,3.3
res-sem-01,Dr. Kalam Seminar Hall,SEMINAR_HALL,180,18,2,0,11,6.2,0,0,2026-09-16T18:00:00.088997,6.1,2.5,0.0,0.0
res-cls-01,Block A Classrooms (301-305),CLASSROOM,150,18,2,0,8,5.0,4,0,2026-09-16T18:00:00.088997,1.6,8.7,0.0,0.0
res-cls-02,Block B Classrooms (201-204),CLASSROOM,120,18,2,0,8,6.9,5,6,2026-09-16T18:00:00.088997,7.9,6.6,0.0,18.3
res-sac-01,Student Activity Center,ACTIVITY_CENTER,160,18,2,0,130,81.1,12,7,2026-09-16T18:00:00.088997,78.0,86.0,77.9,86.5
res-lib-01,Central Library,LIBRARY,200,19,2,0,98,48.8,3,3,2026-09-16T19:00:00.088997,47.2,40.0,30.8,51.2
res-lib-02,Digital Reading Hall,LIBRARY,120,19,2,0,21,17.8,2,2,2026-09-16T19:00:00.088997,13.5,21.5,0.0,9.0
res-lab-01,Computer Lab 1,COMPUTER_LAB,80,19,2,0,29,36.0,4,0,2026-09-16T19:00:00.088997,37.5,35.4,21.9,32.5
res-lab-02,Computer Lab 2,COMPUTER_LAB,75,19,2,0,20,26.5,0,0,2026-09-16T19:00:00.088997,29.1,23.4,13.4,4.2
res-lab-03,Computer Lab 3,COMPUTER_LAB,60,19,2,0,8,12.9,0,0,2026-09-16T19:00:00.088997,4.0,14.8,13.7,0.0
res-lab-ai,AI & Data Science Lab,RESEARCH_LAB,50,19,2,0,15,30.5,0,2,2026-09-16T19:00:00.088997,27.2,23.0,40.6,13.3
res-lab-res,Advanced Research Lab,RESEARCH_LAB,40,19,2,0,24,58.8,4,9,2026-09-16T19:00:00.088997,50.2,49.2,63.8,49.7
res-sr-01,Study Room A,STUDY_ROOM,24,19,2,0,13,53.7,12,6,2026-09-16T19:00:00.088997,48.8,47.0,35.4,56.7
res-sr-02,Study Room B,STUDY_ROOM,20,19,2,0,13,67.4,11,10,2026-09-16T19:00:00.088997,63.7,56.7,58.9,44.9
res-sr-03,Study Room C,STUDY_ROOM,20,19,2,0,5,27.5,6,2,2026-09-16T19:00:00.088997,26.1,21.9,26.7,7.4
res-can-01,Main Canteen,CANTEEN,250,19,2,0,12,5.0,2,3,2026-09-16T19:00:00.088997,4.8,0.0,0.0,0.0
res-sem-01,Dr. Kalam Seminar Hall,SEMINAR_HALL,180,19,2,0,10,5.6,0,6,2026-09-16T19:00:00.088997,0.0,11.2,0.0,0.0
res-cls-01,Block A Classrooms (301-305),CLASSROOM,150,19,2,0,14,9.3,3,0,2026-09-16T19:00:00.088997,1.4,3.3,0.0,3.2
res-cls-02,Block B Classrooms (201-204),CLASSROOM,120,19,2,0,16,13.1,0,0,2026-09-16T19:00:00.088997,14.1,2.9,0.0,0.0
res-sac-01,Student Activity Center,ACTIVITY_CENTER,160,19,2,0,117,73.3,9,5,2026-09-16T19:00:00.088997,71.3,77.4,56.5,37.9
res-lib-01,Central Library,LIBRARY,200,20,2,0,54,26.8,2,0,2026-09-16T20:00:00.088997,27.4,26.9,0.0,7.0
res-lib-02,Digital Reading Hall,LIBRARY,120,20,2,0,35,29.3,5,4,2026-09-16T20:00:00.088997,32.0,24.4,28.4,25.9
res-lab-01,Computer Lab 1,COMPUTER_LAB,80,20,2,0,30,37.2,3,4,2026-09-16T20:00:00.088997,32.8,32.2,18.6,15.7
res-lab-02,Computer Lab 2,COMPUTER_LAB,75,20,2,0,18,23.9,0,0,2026-09-16T20:00:00.088997,21.2,21.3,24.4,6.3
res-lab-03,Computer Lab 3,COMPUTER_LAB,60,20,2,0,12,20.3,5,3,2026-09-16T20:00:00.088997,19.0,17.3,23.0,23.0
res-lab-ai,AI & Data Science Lab,RESEARCH_LAB,50,20,2,0,18,35.3,4,5,2026-09-16T20:00:00.088997,38.7,26.6,24.5,23.5
res-lab-res,Advanced Research Lab,RESEARCH_LAB,40,20,2,0,19,46.4,8,3,2026-09-16T20:00:00.088997,38.3,42.9,30.1,16.5
res-sr-01,Study Room A,STUDY_ROOM,24,20,2,0,6,26.7,4,6,2026-09-16T20:00:00.088997,24.9,23.0,29.4,0.0
res-sr-02,Study Room B,STUDY_ROOM,20,20,2,0,10,50.0,5,6,2026-09-16T20:00:00.088997,46.0,40.1,43.2,57.8
res-sr-03,Study Room C,STUDY_ROOM,20,20,2,0,4,18.4,0,0,2026-09-16T20:00:00.088997,9.7,21.3,1.8,2.5
res-can-01,Main Canteen,CANTEEN,250,20,2,0,38,15.3,0,6,2026-09-16T20:00:00.088997,12.3,3.4,5.1,0.0
res-sem-01,Dr. Kalam Seminar Hall,SEMINAR_HALL,180,20,2,0,12,6.8,0,0,2026-09-16T20:00:00.088997,3.9,0.0,0.6,0.0
res-cls-01,Block A Classrooms (301-305),CLASSROOM,150,20,2,0,12,8.0,1,0,2026-09-16T20:00:00.088997,7.0,7.1,0.0,0.0
res-cls-02,Block B Classrooms (201-204),CLASSROOM,120,20,2,0,6,5.0,1,0,2026-09-16T20:00:00.088997,0.0,1.9,7.6,0.0
res-sac-01,Student Activity Center,ACTIVITY_CENTER,160,20,2,0,85,53.2,6,1,2026-09-16T20:00:00.088997,48.6,55.6,45.8,18.7
res-lib-01,Central Library,LIBRARY,200,21,2,0,36,17.8,2,4,2026-09-16T21:00:00.088997,9.3,15.5,21.8,28.5
res-lib-02,Digital Reading Hall,LIBRARY,120,21,2,0,26,21.3,4,0,2026-09-16T21:00:00.088997,27.7,12.9,4.9,6.3
res-lab-01,Computer Lab 1,COMPUTER_LAB,80,21,2,0,33,41.0,11,4,2026-09-16T21:00:00.088997,43.0,36.3,23.7,46.8
res-lab-02,Computer Lab 2,COMPUTER_LAB,75,21,2,0,17,22.5,7,6,2026-09-16T21:00:00.088997,23.0,28.5,34.6,8.4
res-lab-03,Computer Lab 3,COMPUTER_LAB,60,21,2,0,7,11.8,0,7,2026-09-16T21:00:00.088997,8.0,13.6,0.0,18.2
res-lab-ai,AI & Data Science Lab,RESEARCH_LAB,50,21,2,0,14,27.2,0,2,2026-09-16T21:00:00.088997,23.1,25.8,18.7,22.7
res-lab-res,Advanced Research Lab,RESEARCH_LAB,40,21,2,0,8,18.8,0,0,2026-09-16T21:00:00.088997,25.0,15.2,0.0,0.6
res-sr-01,Study Room A,STUDY_ROOM,24,21,2,0,5,20.4,7,5,2026-09-16T21:00:00.088997,14.7,29.9,12.1,23.3
res-sr-02,Study Room B,STUDY_ROOM,20,21,2,0,4,22.2,0,0,2026-09-16T21:00:00.088997,7.2,29.9,16.1,0.0
res-sr-03,Study Room C,STUDY_ROOM,20,21,2,0,3,16.8,2,3,2026-09-16T21:00:00.088997,19.6,10.1,0.9,14.7
res-can-01,Main Canteen,CANTEEN,250,21,2,0,33,13.2,1,7,2026-09-16T21:00:00.088997,9.5,2.8,9.0,0.0
res-sem-01,Dr. Kalam Seminar Hall,SEMINAR_HALL,180,21,2,0,13,7.0,0,0,2026-09-16T21:00:00.088997,12.5,0.0,0.0,9.0
res-cls-01,Block A Classrooms (301-305),CLASSROOM,150,21,2,0,9,5.8,0,2,2026-09-16T21:00:00.088997,7.5,8.1,0.0,0.9
res-cls-02,Block B Classrooms (201-204),CLASSROOM,120,21,2,0,10,8.1,0,4,2026-09-16T21:00:00.088997,3.9,4.8,1.5,0.0
res-sac-01,Student Activity Center,ACTIVITY_CENTER,160,21,2,0,67,41.6,6,0,2026-09-16T21:00:00.088997,40.8,32.0,43.5,12.3
res-lib-01,Central Library,LIBRARY,200,8,3,0,47,23.6,3,2,2026-09-17T08:00:00.088997,28.6,19.5,46.4,39.9
res-lib-02,Digital Reading Hall,LIBRARY,120,8,3,0,31,25.4,5,2,2026-09-17T08:00:00.088997,22.3,27.1,47.7,52.1
res-lab-01,Computer Lab 1,COMPUTER_LAB,80,8,3,0,26,32.5,0,2,2026-09-17T08:00:00.088997,33.4,36.0,45.3,53.0
res-lab-02,Computer Lab 2,COMPUTER_LAB,75,8,3,0,22,29.0,4,0,2026-09-17T08:00:00.088997,29.6,47.8,40.3,43.4
res-lab-03,Computer Lab 3,COMPUTER_LAB,60,8,3,0,10,16.4,3,0,2026-09-17T08:00:00.088997,17.5,21.2,36.0,27.0
res-lab-ai,AI & Data Science Lab,RESEARCH_LAB,50,8,3,0,12,23.4,4,0,2026-09-17T08:00:00.088997,20.5,23.4,36.3,48.5
res-lab-res,Advanced Research Lab,RESEARCH_LAB,40,8,3,0,9,21.9,4,3,2026-09-17T08:00:00.088997,24.3,31.1,8.2,33.3
res-sr-01,Study Room A,STUDY_ROOM,24,8,3,0,4,15.8,5,1,2026-09-17T08:00:00.088997,17.9,11.8,33.0,33.3
res-sr-02,Study Room B,STUDY_ROOM,20,8,3,0,3,17.2,0,0,2026-09-17T08:00:00.088997,20.1,18.1,29.1,1.3
res-sr-03,Study Room C,STUDY_ROOM,20,8,3,0,3,13.0,6,2,2026-09-17T08:00:00.088997,15.7,30.0,0.0,13.3
res-can-01,Main Canteen,CANTEEN,250,8,3,0,21,8.4,3,3,2026-09-17T08:00:00.088997,6.9,19.4,12.8,32.9
res-sem-01,Dr. Kalam Seminar Hall,SEMINAR_HALL,180,8,3,0,9,5.0,0,0,2026-09-17T08:00:00.088997,11.2,6.9,12.6,21.1
res-cls-01,Block A Classrooms (301-305),CLASSROOM,150,8,3,0,52,35.0,6,4,2026-09-17T08:00:00.088997,35.3,37.9,43.2,48.0
res-cls-02,Block B Classrooms (201-204),CLASSROOM,120,8,3,0,11,9.4,1,0,2026-09-17T08:00:00.088997,14.1,15.5,26.4,19.4
res-sac-01,Student Activity Center,ACTIVITY_CENTER,160,8,3,0,13,8.0,0,0,2026-09-17T08:00:00.088997,13.0,0.6,16.4,24.2
res-lib-01,Central Library,LIBRARY,200,9,3,0,45,22.4,2,0,2026-09-17T09:00:00.088997,21.4,24.9,24.0,40.6
res-lib-02,Digital Reading Hall,LIBRARY,120,9,3,0,20,17.1,0,7,2026-09-17T09:00:00.088997,22.9,10.9,18.2,30.0
res-lab-01,Computer Lab 1,COMPUTER_LAB,80,9,3,0,29,36.3,0,7,2026-09-17T09:00:00.088997,41.6,44.2,56.5,51.7
res-lab-02,Computer Lab 2,COMPUTER_LAB,75,9,3,0,20,26.8,7,5,2026-09-17T09:00:00.088997,25.4,35.6,28.8,42.8
res-lab-03,Computer Lab 3,COMPUTER_LAB,60,9,3,0,10,16.9,0,1,2026-09-17T09:00:00.088997,20.0,19.3,27.7,36.6
res-lab-ai,AI & Data Science Lab,RESEARCH_LAB,50,9,3,0,15,29.9,4,7,2026-09-17T09:00:00.088997,33.8,36.1,29.3,47.9
res-lab-res,Advanced Research Lab,RESEARCH_LAB,40,9,3,0,9,21.3,6,2,2026-09-17T09:00:00.088997,16.1,16.1,35.9,24.5
res-sr-01,Study Room A,STUDY_ROOM,24,9,3,0,5,21.7,2,1,2026-09-17T09:00:00.088997,23.4,21.6,29.6,24.7
res-sr-02,Study Room B,STUDY_ROOM,20,9,3,0,3,13.5,0,0,2026-09-17T09:00:00.088997,19.2,17.7,30.7,42.0
res-sr-03,Study Room C,STUDY_ROOM,20,9,3,0,4,18.4,3,2,2026-09-17T09:00:00.088997,23.9,24.0,35.3,35.8
res-can-01,Main Canteen,CANTEEN,250,9,3,0,21,8.6,3,1,2026-09-17T09:00:00.088997,10.1,10.7,18.1,30.5
res-sem-01,Dr. Kalam Seminar Hall,SEMINAR_HALL,180,9,3,0,15,8.6,2,2,2026-09-17T09:00:00.088997,15.6,12.7,6.5,34.2
res-cls-01,Block A Classrooms (301-305),CLASSROOM,150,9,3,0,75,49.9,3,0,2026-09-17T09:00:00.088997,54.2,45.2,51.1,67.0
res-cls-02,Block B Classrooms (201-204),CLASSROOM,120,9,3,0,30,24.7,1,2,2026-09-17T09:00:00.088997,23.2,26.4,35.1,28.7
res-sac-01,Student Activity Center,ACTIVITY_CENTER,160,9,3,0,22,14.0,0,4,2026-09-17T09:00:00.088997,18.1,23.8,33.6,14.1
res-lib-01,Central Library,LIBRARY,200,10,3,0,47,23.6,0,11,2026-09-17T10:00:00.088997,25.0,34.8,20.4,45.5
res-lib-02,Digital Reading Hall,LIBRARY,120,10,3,0,47,39.2,4,0,2026-09-17T10:00:00.088997,40.7,30.9,46.9,59.1
res-lab-01,Computer Lab 1,COMPUTER_LAB,80,10,3,0,37,46.7,4,6,2026-09-17T10:00:00.088997,51.1,41.7,55.5,85.9
res-lab-02,Computer Lab 2,COMPUTER_LAB,75,10,3,0,24,31.5,3,8,2026-09-17T10:00:00.088997,37.9,33.4,41.3,41.4
res-lab-03,Computer Lab 3,COMPUTER_LAB,60,10,3,0,7,12.0,1,0,2026-09-17T10:00:00.088997,14.5,12.5,8.5,21.5
res-lab-ai,AI & Data Science Lab,RESEARCH_LAB,50,10,3,0,18,36.9,4,2,2026-09-17T10:00:00.088997,41.9,40.9,61.7,46.8
res-lab-res,Advanced Research Lab,RESEARCH_LAB,40,10,3,0,9,22.8,0,3,2026-09-17T10:00:00.088997,25.9,27.5,26.3,25.1
res-sr-01,Study Room A,STUDY_ROOM,24,10,3,0,5,21.1,4,1,2026-09-17T10:00:00.088997,24.3,25.9,30.0,28.7
res-sr-02,Study Room B,STUDY_ROOM,20,10,3,0,3,15.1,9,2,2026-09-17T10:00:00.088997,19.7,22.7,20.7,40.6
res-sr-03,Study Room C,STUDY_ROOM,20,10,3,0,3,13.8,4,0,2026-09-17T10:00:00.088997,12.0,21.0,11.9,30.3
res-can-01,Main Canteen,CANTEEN,250,10,3,0,70,28.0,2,0,2026-09-17T10:00:00.088997,41.3,23.1,36.1,51.7
res-sem-01,Dr. Kalam Seminar Hall,SEMINAR_HALL,180,10,3,0,57,31.9,6,2,2026-09-17T10:00:00.088997,39.3,42.4,41.8,44.8
res-cls-01,Block A Classrooms (301-305),CLASSROOM,150,10,3,0,98,65.7,5,10,2026-09-17T10:00:00.088997,72.9,65.4,72.3,73.9
res-cls-02,Block B Classrooms (201-204),CLASSROOM,120,10,3,0,51,42.8,5,7,2026-09-17T10:00:00.088997,41.8,42.7,61.9,47.2
res-sac-01,Student Activity Center,ACTIVITY_CENTER,160,10,3,0,16,9.9,0,0,2026-09-17T10:00:00.088997,18.2,20.5,28.3,29.8
res-lib-01,Central Library,LIBRARY,200,11,3,0,58,28.8,1,2,2026-09-17T11:00:00.088997,26.8,32.5,42.9,40.4
res-lib-02,Digital Reading Hall,LIBRARY,120,11,3,0,70,58.1,3,7,2026-09-17T11:00:00.088997,55.1,63.7,72.8,65.6
res-lab-01,Computer Lab 1,COMPUTER_LAB,80,11,3,0,56,70.1,5,2,2026-09-17T11:00:00.088997,74.3,85.6,69.1,94.8
res-lab-02,Computer Lab 2,COMPUTER_LAB,75,11,3,0,44,58.1,2,2,2026-09-17T11:00:00.088997,60.1,60.6,54.2,47.7
res-lab-03,Computer Lab 3,COMPUTER_LAB,60,11,3,0,7,11.6,1,1,2026-09-17T11:00:00.088997,11.6,17.8,29.0,26.3
res-lab-ai,AI & Data Science Lab,RESEARCH_LAB,50,11,3,0,15,29.5,6,0,2026-09-17T11:00:00.088997,30.6,33.3,26.4,34.5
res-lab-res,Advanced Research Lab,RESEARCH_LAB,40,11,3,0,5,11.7,7,0,2026-09-17T11:00:00.088997,20.0,16.9,24.8,15.8
res-sr-01,Study Room A,STUDY_ROOM,24,11,3,0,5,20.8,4,4,2026-09-17T11:00:00.088997,25.9,23.6,24.5,11.7
res-sr-02,Study Room B,STUDY_ROOM,20,11,3,0,3,17.1,5,6,2026-09-17T11:00:00.088997,20.3,17.5,9.8,39.6
res-sr-03,Study Room C,STUDY_ROOM,20,11,3,0,2,7.8,0,0,2026-09-17T11:00:00.088997,9.5,13.0,17.1,0.0
res-can-01,Main Canteen,CANTEEN,250,11,3,0,130,52.1,0,7,2026-09-17T11:00:00.088997,51.9,44.1,52.7,55.2
res-sem-01,Dr. Kalam Seminar Hall,SEMINAR_HALL,180,11,3,0,93,51.8,6,6,2026-09-17T11:00:00.088997,58.5,56.2,66.6,70.0
res-cls-01,Block A Classrooms (301-305),CLASSROOM,150,11,3,0,105,69.9,12,2,2026-09-17T11:00:00.088997,75.5,65.8,83.3,100.0
res-cls-02,Block B Classrooms (201-204),CLASSROOM,120,11,3,0,71,59.2,6,7,2026-09-17T11:00:00.088997,59.9,75.1,69.0,65.4
res-sac-01,Student Activity Center,ACTIVITY_CENTER,160,11,3,0,21,12.8,0,0,2026-09-17T11:00:00.088997,13.4,14.9,14.9,48.0
res-lib-01,Central Library,LIBRARY,200,12,3,0,42,20.9,2,3,2026-09-17T12:00:00.088997,25.4,25.5,26.7,14.3
res-lib-02,Digital Reading Hall,LIBRARY,120,12,3,0,85,71.1,7,2,2026-09-17T12:00:00.088997,71.3,69.3,73.1,59.5
res-lab-01,Computer Lab 1,COMPUTER_LAB,80,12,3,0,69,86.5,15,7,2026-09-17T12:00:00.088997,91.6,93.3,100.0,81.4
res-lab-02,Computer Lab 2,COMPUTER_LAB,75,12,3,0,53,71.0,3,8,2026-09-17T12:00:00.088997,70.9,70.2,67.6,61.0
res-lab-03,Computer Lab 3,COMPUTER_LAB,60,12,3,0,26,43.8,4,6,2026-09-17T12:00:00.088997,45.4,41.1,58.4,18.7
res-lab-ai,AI & Data Science Lab,RESEARCH_LAB,50,12,3,0,26,52.9,5,7,2026-09-17T12:00:00.088997,50.6,60.2,53.3,34.7
res-lab-res,Advanced Research Lab,RESEARCH_LAB,40,12,3,0,2,5.5,6,2,2026-09-17T12:00:00.088997,4.4,3.7,9.0,2.1
res-sr-01,Study Room A,STUDY_ROOM,24,12,3,0,3,12.4,1,6,2026-09-17T12:00:00.088997,9.9,17.9,40.3,8.0
res-sr-02,Study Room B,STUDY_ROOM,20,12,3,0,3,15.5,3,0,2026-09-17T12:00:00.088997,22.7,18.1,5.9,0.0
res-sr-03,Study Room C,STUDY_ROOM,20,12,3,0,5,22.9,1,1,2026-09-17T12:00:00.088997,29.7,32.1,33.3,10.9
res-can-01,Main Canteen,CANTEEN,250,12,3,0,157,62.6,0,6,2026-09-17T12:00:00.088997,67.8,67.0,65.8,56.2
res-sem-01,Dr. Kalam Seminar Hall,SEMINAR_HALL,180,12,3,0,111,61.5,12,9,2026-09-17T12:00:00.088997,67.4,71.1,57.9,57.5
res-cls-01,Block A Classrooms (301-305),CLASSROOM,150,12,3,0,103,68.4,10,8,2026-09-17T12:00:00.088997,72.2,89.6,75.7,67.6
res-cls-02,Block B Classrooms (201-204),CLASSROOM,120,12,3,0,84,70.2,10,9,2026-09-17T12:00:00.088997,73.7,85.3,70.3,52.4
res-sac-01,Student Activity Center,ACTIVITY_CENTER,160,12,3,0,25,15.8,4,2,2026-09-17T12:00:00.088997,23.0,16.9,13.6,7.5
res-lib-01,Central Library,LIBRARY,200,13,3,0,95,47.5,7,4,2026-09-17T13:00:00.088997,48.1,52.0,39.7,31.8
res-lib-02,Digital Reading Hall,LIBRARY,120,13,3,0,98,81.3,8,10,2026-09-17T13:00:00.088997,84.1,99.9,74.8,62.7
res-lab-01,Computer Lab 1,COMPUTER_LAB,80,13,3,0,76,95.0,12,12,2026-09-17T13:00:00.088997,99.4,100.0,91.8,69.8
res-lab-02,Computer Lab 2,COMPUTER_LAB,75,13,3,0,66,88.6,6,8,2026-09-17T13:00:00.088997,87.7,95.7,83.6,82.4
res-lab-03,Computer Lab 3,COMPUTER_LAB,60,13,3,0,35,58.2,5,5,2026-09-17T13:00:00.088997,63.8,69.6,39.8,27.8
res-lab-ai,AI & Data Science Lab,RESEARCH_LAB,50,13,3,0,35,69.1,11,10,2026-09-17T13:00:00.088997,67.4,76.0,77.6,62.1
res-lab-res,Advanced Research Lab,RESEARCH_LAB,40,13,3,0,10,25.7,6,0,2026-09-17T13:00:00.088997,26.9,30.9,18.6,24.7
res-sr-01,Study Room A,STUDY_ROOM,24,13,3,0,8,33.4,0,0,2026-09-17T13:00:00.088997,26.7,39.5,27.6,24.8
res-sr-02,Study Room B,STUDY_ROOM,20,13,3,0,2,11.2,3,3,2026-09-17T13:00:00.088997,8.1,7.4,3.2,20.7
res-sr-03,Study Room C,STUDY_ROOM,20,13,3,0,11,54.7,8,3,2026-09-17T13:00:00.088997,60.2,57.0,39.8,17.0
res-can-01,Main Canteen,CANTEEN,250,13,3,0,189,75.4,7,7,2026-09-17T13:00:00.088997,68.2,81.4,45.5,76.5
res-sem-01,Dr. Kalam Seminar Hall,SEMINAR_HALL,180,13,3,0,130,72.1,7,8,2026-09-17T13:00:00.088997,70.2,77.5,71.2,23.0
res-cls-01,Block A Classrooms (301-305),CLASSROOM,150,13,3,0,75,50.2,5,4,2026-09-17T13:00:00.088997,58.1,48.5,36.6,15.2
res-cls-02,Block B Classrooms (201-204),CLASSROOM,120,13,3,0,94,78.2,8,6,2026-09-17T13:00:00.088997,80.0,87.0,73.3,97.9
res-sac-01,Student Activity Center,ACTIVITY_CENTER,160,13,3,0,27,16.8,0,0,2026-09-17T13:00:00.088997,17.2,12.8,9.2,14.2
res-lib-01,Central Library,LIBRARY,200,14,3,0,129,64.6,5,11,2026-09-17T14:00:00.088997,56.9,47.2,46.2,34.1
res-lib-02,Digital Reading Hall,LIBRARY,120,14,3,0,100,83.7,8,7,2026-09-17T14:00:00.088997,86.3,74.5,82.6,89.8
res-lab-01,Computer Lab 1,COMPUTER_LAB,80,14,3,0,76,95.0,13,8,2026-09-17T14:00:00.088997,96.7,80.6,72.2,78.3
res-lab-02,Computer Lab 2,COMPUTER_LAB,75,14,3,0,63,83.6,8,7,2026-09-17T14:00:00.088997,84.5,76.1,68.2,67.4
res-lab-03,Computer Lab 3,COMPUTER_LAB,60,14,3,0,41,68.8,5,2,2026-09-17T14:00:00.088997,67.1,60.4,69.5,39.4
res-lab-ai,AI & Data Science Lab,RESEARCH_LAB,50,14,3,0,42,84.7,15,5,2026-09-17T14:00:00.088997,81.8,72.4,64.6,91.3
res-lab-res,Advanced Research Lab,RESEARCH_LAB,40,14,3,0,17,43.5,5,0,2026-09-17T14:00:00.088997,42.9,45.4,45.8,39.5
res-sr-01,Study Room A,STUDY_ROOM,24,14,3,0,12,48.4,6,6,2026-09-17T14:00:00.088997,39.2,36.6,48.4,46.9
res-sr-02,Study Room B,STUDY_ROOM,20,14,3,0,4,20.6,4,2,2026-09-17T14:00:00.088997,21.7,11.8,18.4,18.7
res-sr-03,Study Room C,STUDY_ROOM,20,14,3,0,13,63.7,7,4,2026-09-17T14:00:00.088997,68.3,57.9,47.4,43.1
res-can-01,Main Canteen,CANTEEN,250,14,3,0,168,67.4,10,2,2026-09-17T14:00:00.088997,72.8,64.2,63.6,54.2
res-sem-01,Dr. Kalam Seminar Hall,SEMINAR_HALL,180,14,3,0,112,62.0,6,9,2026-09-17T14:00:00.088997,59.9,61.6,50.0,52.3
res-cls-01,Block A Classrooms (301-305),CLASSROOM,150,14,3,0,44,29.6,7,0,2026-09-17T14:00:00.088997,26.3,22.7,18.4,26.2
res-cls-02,Block B Classrooms (201-204),CLASSROOM,120,14,3,0,71,58.8,11,3,2026-09-17T14:00:00.088997,57.5,49.2,54.6,46.6
res-sac-01,Student Activity Center,ACTIVITY_CENTER,160,14,3,0,23,14.4,5,0,2026-09-17T14:00:00.088997,14.7,4.8,7.4,0.0
res-lib-01,Central Library,LIBRARY,200,15,3,0,158,79.2,9,13,2026-09-17T15:00:00.088997,77.6,84.2,73.2,62.6
res-lib-02,Digital Reading Hall,LIBRARY,120,15,3,0,91,76.2,10,5,2026-09-17T15:00:00.088997,76.1,69.5,50.3,75.5
res-lab-01,Computer Lab 1,COMPUTER_LAB,80,15,3,0,72,89.5,16,10,2026-09-17T15:00:00.088997,86.5,89.5,89.1,97.1
res-lab-02,Computer Lab 2,COMPUTER_LAB,75,15,3,0,56,74.9,8,5,2026-09-17T15:00:00.088997,75.0,60.6,73.9,69.9
res-lab-03,Computer Lab 3,COMPUTER_LAB,60,15,3,0,49,82.3,10,12,2026-09-17T15:00:00.088997,83.8,73.7,69.0,59.8
res-lab-ai,AI & Data Science Lab,RESEARCH_LAB,50,15,3,0,48,95.0,8,12,2026-09-17T15:00:00.088997,98.3,84.7,85.3,83.2
res-lab-res,Advanced Research Lab,RESEARCH_LAB,40,15,3,0,26,65.6,12,1,2026-09-17T15:00:00.088997,62.3,59.0,44.9,47.7
res-sr-01,Study Room A,STUDY_ROOM,24,15,3,0,17,71.8,7,2,2026-09-17T15:00:00.088997,81.3,68.4,64.8,46.6
res-sr-02,Study Room B,STUDY_ROOM,20,15,3,0,10,48.9,5,0,2026-09-17T15:00:00.088997,42.6,48.7,58.4,41.3
res-sr-03,Study Room C,STUDY_ROOM,20,15,3,0,16,81.5,9,7,2026-09-17T15:00:00.088997,83.9,86.5,85.2,56.7
res-can-01,Main Canteen,CANTEEN,250,15,3,0,129,51.8,7,4,2026-09-17T15:00:00.088997,51.3,51.7,52.8,60.0
res-sem-01,Dr. Kalam Seminar Hall,SEMINAR_HALL,180,15,3,0,82,45.7,1,5,2026-09-17T15:00:00.088997,51.2,37.8,43.9,42.1
res-cls-01,Block A Classrooms (301-305),CLASSROOM,150,15,3,0,16,10.8,1,0,2026-09-17T15:00:00.088997,0.0,0.0,0.0,11.9
res-cls-02,Block B Classrooms (201-204),CLASSROOM,120,15,3,0,51,42.5,3,1,2026-09-17T15:00:00.088997,43.1,45.6,44.0,37.7
res-sac-01,Student Activity Center,ACTIVITY_CENTER,160,15,3,0,51,31.9,2,9,2026-09-17T15:00:00.088997,34.4,17.7,23.4,24.2
res-lib-01,Central Library,LIBRARY,200,16,3,0,174,87.0,3,8,2026-09-17T16:00:00.088997,81.8,77.2,75.8,73.3
res-lib-02,Digital Reading Hall,LIBRARY,120,16,3,0,63,52.8,3,4,2026-09-17T16:00:00.088997,43.8,49.7,19.1,37.4
res-lab-01,Computer Lab 1,COMPUTER_LAB,80,16,3,0,57,71.6,5,9,2026-09-17T16:00:00.088997,74.2,46.7,62.2,25.1
res-lab-02,Computer Lab 2,COMPUTER_LAB,75,16,3,0,43,57.4,6,0,2026-09-17T16:00:00.088997,63.1,54.1,41.8,63.0
res-lab-03,Computer Lab 3,COMPUTER_LAB,60,16,3,0,39,64.7,4,0,2026-09-17T16:00:00.088997,69.9,61.7,62.6,56.3
res-lab-ai,AI & Data Science Lab,RESEARCH_LAB,50,16,3,0,45,89.2,10,9,2026-09-17T16:00:00.088997,87.6,80.5,80.8,80.5
res-lab-res,Advanced Research Lab,RESEARCH_LAB,40,16,3,0,31,77.3,4,3,2026-09-17T16:00:00.088997,79.6,70.5,74.6,52.2
res-sr-01,Study Room A,STUDY_ROOM,24,16,3,0,18,76.2,6,6,2026-09-17T16:00:00.088997,71.6,79.0,69.9,86.4
res-sr-02,Study Room B,STUDY_ROOM,20,16,3,0,13,66.7,0,9,2026-09-17T16:00:00.088997,58.7,63.1,51.7,80.4
res-sr-03,Study Room C,STUDY_ROOM,20,16,3,0,17,82.9,7,7,2026-09-17T16:00:00.088997,81.9,83.1,75.1,58.6
res-can-01,Main Canteen,CANTEEN,250,16,3,0,75,29.9,3,6,2026-09-17T16:00:00.088997,29.6,20.3,27.7,13.3
res-sem-01,Dr. Kalam Seminar Hall,SEMINAR_HALL,180,16,3,0,56,31.3,11,2,2026-09-17T16:00:00.088997,32.5,21.9,22.3,19.7
res-cls-01,Block A Classrooms (301-305),CLASSROOM,150,16,3,0,14,9.2,8,0,2026-09-17T16:00:00.088997,9.6,0.0,5.1,10.9
res-cls-02,Block B Classrooms (201-204),CLASSROOM,120,16,3,0,24,19.7,0,1,2026-09-17T16:00:00.088997,17.8,19.0,29.8,3.1
res-sac-01,Student Activity Center,ACTIVITY_CENTER,160,16,3,0,86,53.6,2,5,2026-09-17T16:00:00.088997,53.5,45.3,52.6,47.2
res-lib-01,Central Library,LIBRARY,200,17,3,0,164,82.0,7,6,2026-09-17T17:00:00.088997,70.3,78.5,74.3,72.3
res-lib-02,Digital Reading Hall,LIBRARY,120,17,3,0,41,33.8,5,3,2026-09-17T17:00:00.088997,32.0,20.4,20.6,22.4
res-lab-01,Computer Lab 1,COMPUTER_LAB,80,17,3,0,35,43.9,7,2,2026-09-17T17:00:00.088997,42.7,39.6,42.6,42.7
res-lab-02,Computer Lab 2,COMPUTER_LAB,75,17,3,0,30,39.6,0,7,2026-09-17T17:00:00.088997,43.7,31.7,33.7,16.9
res-lab-03,Computer Lab 3,COMPUTER_LAB,60,17,3,0,30,49.2,3,3,2026-09-17T17:00:00.088997,45.8,38.5,34.6,37.1
res-lab-ai,AI & Data Science Lab,RESEARCH_LAB,50,17,3,0,34,68.9,9,8,2026-09-17T17:00:00.088997,76.5,70.7,63.1,49.5
res-lab-res,Advanced Research Lab,RESEARCH_LAB,40,17,3,0,34,86.2,11,7,2026-09-17T17:00:00.088997,87.3,72.8,76.0,80.8
res-sr-01,Study Room A,STUDY_ROOM,24,17,3,0,19,81.0,9,7,2026-09-17T17:00:00.088997,75.6,83.0,63.8,72.8
res-sr-02,Study Room B,STUDY_ROOM,20,17,3,0,16,78.8,6,8,2026-09-17T17:00:00.088997,73.1,82.1,60.5,58.9
res-sr-03,Study Room C,STUDY_ROOM,20,17,3,0,12,60.2,3,10,2026-09-17T17:00:00.088997,60.3,56.0,46.3,59.1
res-can-01,Main Canteen,CANTEEN,250,17,3,0,17,6.7,3,0,2026-09-17T17:00:00.088997,2.1,6.3,6.5,1.9
res-sem-01,Dr. Kalam Seminar Hall,SEMINAR_HALL,180,17,3,0,9,5.0,0,0,2026-09-17T17:00:00.088997,0.0,8.2,0.0,0.0
res-cls-01,Block A Classrooms (301-305),CLASSROOM,150,17,3,0,12,8.0,0,0,2026-09-17T17:00:00.088997,8.5,3.1,14.1,14.5
res-cls-02,Block B Classrooms (201-204),CLASSROOM,120,17,3,0,14,11.7,2,1,2026-09-17T17:00:00.088997,0.0,0.0,4.6,7.1
res-sac-01,Student Activity Center,ACTIVITY_CENTER,160,17,3,0,117,73.0,6,10,2026-09-17T17:00:00.088997,77.0,73.7,73.9,54.3
res-lib-01,Central Library,LIBRARY,200,18,3,0,143,71.3,8,8,2026-09-17T18:00:00.088997,70.8,65.6,55.6,58.3
res-lib-02,Digital Reading Hall,LIBRARY,120,18,3,0,29,23.9,1,5,2026-09-17T18:00:00.088997,24.9,17.2,28.4,7.7
res-lab-01,Computer Lab 1,COMPUTER_LAB,80,18,3,0,33,41.0,6,4,2026-09-17T18:00:00.088997,35.5,35.5,31.2,13.9
res-lab-02,Computer Lab 2,COMPUTER_LAB,75,18,3,0,18,24.1,0,4,2026-09-17T18:00:00.088997,27.4,11.8,31.5,10.6
res-lab-03,Computer Lab 3,COMPUTER_LAB,60,18,3,0,20,33.9,6,2,2026-09-17T18:00:00.088997,31.6,26.5,18.5,30.6
res-lab-ai,AI & Data Science Lab,RESEARCH_LAB,50,18,3,0,26,51.6,1,6,2026-09-17T18:00:00.088997,44.8,39.7,54.4,25.3
res-lab-res,Advanced Research Lab,RESEARCH_LAB,40,18,3,0,27,67.6,9,5,2026-09-17T18:00:00.088997,64.7,60.7,61.7,46.6
res-sr-01,Study Room A,STUDY_ROOM,24,18,3,0,18,76.0,4,8,2026-09-17T18:00:00.088997,76.5,66.4,58.8,76.2
res-sr-02,Study Room B,STUDY_ROOM,20,18,3,0,15,73.2,6,9,2026-09-17T18:00:00.088997,71.3,57.4,80.9,54.8
res-sr-03,Study Room C,STUDY_ROOM,20,18,3,0,9,46.3,6,6,2026-09-17T18:00:00.088997,52.1,31.3,45.7,43.2
res-can-01,Main Canteen,CANTEEN,250,18,3,0,24,9.5,3,3,2026-09-17T18:00:00.088997,1.9,14.9,0.0,0.0
res-sem-01,Dr. Kalam Seminar Hall,SEMINAR_HALL,180,18,3,0,9,5.0,6,0,2026-09-17T18:00:00.088997,2.9,8.6,0.0,0.0
res-cls-01,Block A Classrooms (301-305),CLASSROOM,150,18,3,0,12,8.3,5,1,2026-09-17T18:00:00.088997,14.1,7.8,0.0,0.0
res-cls-02,Block B Classrooms (201-204),CLASSROOM,120,18,3,0,8,6.6,0,14,2026-09-17T18:00:00.088997,8.7,6.8,0.0,13.4
res-sac-01,Student Activity Center,ACTIVITY_CENTER,160,18,3,0,135,84.4,15,13,2026-09-17T18:00:00.088997,76.5,72.7,67.4,61.1
res-lib-01,Central Library,LIBRARY,200,19,3,0,98,49.1,4,11,2026-09-17T19:00:00.088997,54.7,44.0,58.7,54.9
res-lib-02,Digital Reading Hall,LIBRARY,120,19,3,0,22,18.2,0,1,2026-09-17T19:00:00.088997,13.6,14.4,11.0,7.0
res-lab-01,Computer Lab 1,COMPUTER_LAB,80,19,3,0,30,37.1,0,4,2026-09-17T19:00:00.088997,33.3,33.3,37.7,10.4
res-lab-02,Computer Lab 2,COMPUTER_LAB,75,19,3,0,18,23.9,2,0,2026-09-17T19:00:00.088997,25.5,14.6,10.9,3.4
res-lab-03,Computer Lab 3,COMPUTER_LAB,60,19,3,0,12,19.4,0,3,2026-09-17T19:00:00.088997,25.3,13.9,21.4,27.4
res-lab-ai,AI & Data Science Lab,RESEARCH_LAB,50,19,3,0,17,34.1,4,5,2026-09-17T19:00:00.088997,27.0,24.4,20.7,49.0
res-lab-res,Advanced Research Lab,RESEARCH_LAB,40,19,3,0,24,58.8,4,2,2026-09-17T19:00:00.088997,59.0,54.6,60.5,54.8
res-sr-01,Study Room A,STUDY_ROOM,24,19,3,0,11,47.4,3,8,2026-09-17T19:00:00.088997,44.5,49.5,38.0,23.7
res-sr-02,Study Room B,STUDY_ROOM,20,19,3,0,13,63.9,4,4,2026-09-17T19:00:00.088997,62.7,61.9,41.5,51.7
res-sr-03,Study Room C,STUDY_ROOM,20,19,3,0,5,24.5,0,2,2026-09-17T19:00:00.088997,20.3,27.7,27.1,26.6
res-can-01,Main Canteen,CANTEEN,250,19,3,0,20,8.0,0,1,2026-09-17T19:00:00.088997,5.4,0.0,0.0,0.0
res-sem-01,Dr. Kalam Seminar Hall,SEMINAR_HALL,180,19,3,0,9,5.0,2,2,2026-09-17T19:00:00.088997,7.4,0.0,0.6,0.0
res-cls-01,Block A Classrooms (301-305),CLASSROOM,150,19,3,0,8,5.1,0,3,2026-09-17T19:00:00.088997,1.6,9.5,2.1,0.0
res-cls-02,Block B Classrooms (201-204),CLASSROOM,120,19,3,0,18,14.6,3,0,2026-09-17T19:00:00.088997,20.1,11.2,6.8,0.0
res-sac-01,Student Activity Center,ACTIVITY_CENTER,160,19,3,0,123,76.6,10,9,2026-09-17T19:00:00.088997,72.6,76.6,76.8,56.6
res-lib-01,Central Library,LIBRARY,200,20,3,0,39,19.3,4,0,2026-09-17T20:00:00.088997,17.9,11.6,22.3,2.6
res-lib-02,Digital Reading Hall,LIBRARY,120,20,3,0,29,24.4,1,5,2026-09-17T20:00:00.088997,30.7,13.0,19.1,45.4
res-lab-01,Computer Lab 1,COMPUTER_LAB,80,20,3,0,28,35.3,4,5,2026-09-17T20:00:00.088997,33.4,20.0,37.5,0.0
res-lab-02,Computer Lab 2,COMPUTER_LAB,75,20,3,0,17,23.3,6,1,2026-09-17T20:00:00.088997,18.6,23.6,7.7,0.0
res-lab-03,Computer Lab 3,COMPUTER_LAB,60,20,3,0,10,16.1,1,0,2026-09-17T20:00:00.088997,16.6,13.9,4.9,0.6
res-lab-ai,AI & Data Science Lab,RESEARCH_LAB,50,20,3,0,16,31.9,7,2,2026-09-17T20:00:00.088997,32.5,30.3,31.8,20.4
res-lab-res,Advanced Research Lab,RESEARCH_LAB,40,20,3,0,16,39.1,3,4,2026-09-17T20:00:00.088997,44.4,31.2,38.4,23.2
res-sr-01,Study Room A,STUDY_ROOM,24,20,3,0,8,32.2,8,5,2026-09-17T20:00:00.088997,25.3,23.8,35.5,21.9
res-sr-02,Study Room B,STUDY_ROOM,20,20,3,0,9,43.3,2,6,2026-09-17T20:00:00.088997,45.3,38.4,57.6,41.2
res-sr-03,Study Room C,STUDY_ROOM,20,20,3,0,3,14.0,0,0,2026-09-17T20:00:00.088997,13.4,6.1,21.1,19.6
res-can-01,Main Canteen,CANTEEN,250,20,3,0,31,12.5,0,0,2026-09-17T20:00:00.088997,15.6,4.2,14.6,6.2
res-sem-01,Dr. Kalam Seminar Hall,SEMINAR_HALL,180,20,3,0,9,5.2,0,0,2026-09-17T20:00:00.088997,4.0,6.4,0.0,0.0
res-cls-01,Block A Classrooms (301-305),CLASSROOM,150,20,3,0,15,10.2,3,0,2026-09-17T20:00:00.088997,2.9,9.2,0.0,13.6
res-cls-02,Block B Classrooms (201-204),CLASSROOM,120,20,3,0,11,9.4,0,0,2026-09-17T20:00:00.088997,8.9,1.2,1.6,6.3
res-sac-01,Student Activity Center,ACTIVITY_CENTER,160,20,3,0,90,56.2,3,4,2026-09-17T20:00:00.088997,59.9,61.3,30.0,57.3
res-lib-01,Central Library,LIBRARY,200,21,3,0,52,26.0,5,0,2026-09-17T21:00:00.088997,16.9,24.5,9.5,0.0
res-lib-02,Digital Reading Hall,LIBRARY,120,21,3,0,18,14.7,3,1,2026-09-17T21:00:00.088997,15.9,13.7,2.9,1.9
res-lab-01,Computer Lab 1,COMPUTER_LAB,80,21,3,0,26,33.0,3,0,2026-09-17T21:00:00.088997,32.5,34.4,17.6,36.3
res-lab-02,Computer Lab 2,COMPUTER_LAB,75,21,3,0,19,25.5,3,0,2026-09-17T21:00:00.088997,16.2,21.3,24.6,5.4
res-lab-03,Computer Lab 3,COMPUTER_LAB,60,21,3,0,13,21.7,4,0,2026-09-17T21:00:00.088997,19.8,31.5,2.5,16.0
res-lab-ai,AI & Data Science Lab,RESEARCH_LAB,50,21,3,0,14,28.7,5,6,2026-09-17T21:00:00.088997,25.2,30.4,40.7,17.5
res-lab-res,Advanced Research Lab,RESEARCH_LAB,40,21,3,0,9,23.1,1,2,2026-09-17T21:00:00.088997,20.4,22.9,26.0,9.8
res-sr-01,Study Room A,STUDY_ROOM,24,21,3,0,6,26.1,7,5,2026-09-17T21:00:00.088997,22.1,17.5,10.8,25.5
res-sr-02,Study Room B,STUDY_ROOM,20,21,3,0,4,22.0,4,0,2026-09-17T21:00:00.088997,23.2,17.1,26.0,23.6
res-sr-03,Study Room C,STUDY_ROOM,20,21,3,0,4,20.7,6,2,2026-09-17T21:00:00.088997,14.1,9.4,0.0,0.0
res-can-01,Main Canteen,CANTEEN,250,21,3,0,26,10.3,0,0,2026-09-17T21:00:00.088997,10.2,3.5,0.0,0.0
res-sem-01,Dr. Kalam Seminar Hall,SEMINAR_HALL,180,21,3,0,9,5.0,0,4,2026-09-17T21:00:00.088997,1.9,10.6,9.9,0.0
res-cls-01,Block A Classrooms (301-305),CLASSROOM,150,21,3,0,8,5.6,0,4,2026-09-17T21:00:00.088997,1.6,6.0,8.4,0.0
res-cls-02,Block B Classrooms (201-204),CLASSROOM,120,21,3,0,9,7.3,3,1,2026-09-17T21:00:00.088997,2.6,0.2,0.0,0.0
res-sac-01,Student Activity Center,ACTIVITY_CENTER,160,21,3,0,65,40.8,3,0,2026-09-17T21:00:00.088997,38.7,31.4,48.0,21.8
res-lib-01,Central Library,LIBRARY,200,8,4,0,41,20.6,3,0,2026-09-18T08:00:00.088997,19.5,28.7,19.2,13.1
res-lib-02,Digital Reading Hall,LIBRARY,120,8,4,0,32,26.9,4,1,2026-09-18T08:00:00.088997,28.9,34.9,43.7,27.8
res-lab-01,Computer Lab 1,COMPUTER_LAB,80,8,4,0,29,36.5,2,3,2026-09-18T08:00:00.088997,39.1,41.4,51.1,52.3
res-lab-02,Computer Lab 2,COMPUTER_LAB,75,8,4,0,14,19.0,0,0,2026-09-18T08:00:00.088997,28.3,18.9,25.1,22.5
res-lab-03,Computer Lab 3,COMPUTER_LAB,60,8,4,0,8,12.8,2,5,2026-09-18T08:00:00.088997,16.6,13.0,45.6,23.7
res-lab-ai,AI & Data Science Lab,RESEARCH_LAB,50,8,4,0,14,27.7,7,1,2026-09-18T08:00:00.088997,36.3,27.5,48.6,40.1
res-lab-res,Advanced Research Lab,RESEARCH_LAB,40,8,4,0,10,25.2,8,0,2026-09-18T08:00:00.088997,32.3,21.7,23.7,25.5
res-sr-01,Study Room A,STUDY_ROOM,24,8,4,0,5,22.0,2,1,2026-09-18T08:00:00.088997,24.6,30.6,36.0,45.1
res-sr-02,Study Room B,STUDY_ROOM,20,8,4,0,4,22.3,2,0,2026-09-18T08:00:00.088997,26.7,20.4,24.2,44.3
res-sr-03,Study Room C,STUDY_ROOM,20,8,4,0,3,14.5,0,0,2026-09-18T08:00:00.088997,16.7,26.4,32.7,25.8
res-can-01,Main Canteen,CANTEEN,250,8,4,0,45,18.0,1,1,2026-09-18T08:00:00.088997,9.8,20.4,33.7,46.8
res-sem-01,Dr. Kalam Seminar Hall,SEMINAR_HALL,180,8,4,0,9,5.0,1,3,2026-09-18T08:00:00.088997,7.0,0.0,15.2,24.1
res-cls-01,Block A Classrooms (301-305),CLASSROOM,150,8,4,0,43,29.0,2,0,2026-09-18T08:00:00.088997,20.7,40.2,37.0,58.2
res-cls-02,Block B Classrooms (201-204),CLASSROOM,120,8,4,0,16,13.4,0,1,2026-09-18T08:00:00.088997,17.7,24.2,24.3,36.7
res-sac-01,Student Activity Center,ACTIVITY_CENTER,160,8,4,0,22,13.8,0,1,2026-09-18T08:00:00.088997,16.6,11.6,9.8,29.2
res-lib-01,Central Library,LIBRARY,200,9,4,0,47,23.4,2,1,2026-09-18T09:00:00.088997,31.5,35.9,20.2,27.0
res-lib-02,Digital Reading Hall,LIBRARY,120,9,4,0,28,23.4,4,2,2026-09-18T09:00:00.088997,20.8,24.3,26.7,36.7
res-lab-01,Computer Lab 1,COMPUTER_LAB,80,9,4,0,33,41.8,2,1,2026-09-18T09:00:00.088997,43.4,53.0,36.8,69.3
res-lab-02,Computer Lab 2,COMPUTER_LAB,75,9,4,0,18,24.3,0,0,2026-09-18T09:00:00.088997,29.1,28.3,33.8,23.5
res-lab-03,Computer Lab 3,COMPUTER_LAB,60,9,4,0,8,13.7,0,1,2026-09-18T09:00:00.088997,13.0,9.5,46.3,7.4
res-lab-ai,AI & Data Science Lab,RESEARCH_LAB,50,9,4,0,15,30.7,0,0,2026-09-18T09:00:00.088997,33.1,36.8,50.1,45.5
res-lab-res,Advanced Research Lab,RESEARCH_LAB,40,9,4,0,8,19.4,0,6,2026-09-18T09:00:00.088997,25.1,16.9,27.7,31.1
res-sr-01,Study Room A,STUDY_ROOM,24,9,4,0,4,18.6,4,4,2026-09-18T09:00:00.088997,19.9,21.9,40.1,39.8
res-sr-02,Study Room B,STUDY_ROOM,20,9,4,0,3,15.3,0,2,2026-09-18T09:00:00.088997,20.1,3.8,25.6,20.3
res-sr-03,Study Room C,STUDY_ROOM,20,9,4,0,3,14.1,0,0,2026-09-18T09:00:00.088997,21.7,16.4,30.8,14.4
res-can-01,Main Canteen,CANTEEN,250,9,4,0,33,13.0,1,2,2026-09-18T09:00:00.088997,15.1,21.9,0.0,6.0
res-sem-01,Dr. Kalam Seminar Hall,SEMINAR_HALL,180,9,4,0,12,6.7,0,0,2026-09-18T09:00:00.088997,8.5,6.7,8.4,19.9
res-cls-01,Block A Classrooms (301-305),CLASSROOM,150,9,4,0,84,56.1,3,3,2026-09-18T09:00:00.088997,55.1,46.5,65.3,77.3
res-cls-02,Block B Classrooms (201-204),CLASSROOM,120,9,4,0,31,25.9,0,0,2026-09-18T09:00:00.088997,28.0,35.8,35.3,39.3
res-sac-01,Student Activity Center,ACTIVITY_CENTER,160,9,4,0,31,19.6,0,1,2026-09-18T09:00:00.088997,28.1,23.4,16.2,21.5
res-lib-01,Central Library,LIBRARY,200,10,4,0,42,21.2,3,0,2026-09-18T10:00:00.088997,24.3,21.8,10.1,34.9
res-lib-02,Digital Reading Hall,LIBRARY,120,10,4,0,39,32.4,5,1,2026-09-18T10:00:00.088997,31.3,39.8,54.1,42.5
res-lab-01,Computer Lab 1,COMPUTER_LAB,80,10,4,0,39,48.5,4,0,2026-09-18T10:00:00.088997,54.4,58.9,62.9,56.3
res-lab-02,Computer Lab 2,COMPUTER_LAB,75,10,4,0,29,39.2,7,8,2026-09-18T10:00:00.088997,45.1,44.6,35.4,51.1
res-lab-03,Computer Lab 3,COMPUTER_LAB,60,10,4,0,10,16.0,4,5,2026-09-18T10:00:00.088997,17.6,33.6,8.2,31.1
res-lab-ai,AI & Data Science Lab,RESEARCH_LAB,50,10,4,0,13,26.8,0,2,2026-09-18T10:00:00.088997,23.0,30.8,35.1,50.2
res-lab-res,Advanced Research Lab,RESEARCH_LAB,40,10,4,0,6,14.0,4,1,2026-09-18T10:00:00.088997,20.1,16.4,10.0,9.4
res-sr-01,Study Room A,STUDY_ROOM,24,10,4,0,4,14.8,3,5,2026-09-18T10:00:00.088997,14.6,23.6,9.1,27.0
res-sr-02,Study Room B,STUDY_ROOM,20,10,4,0,4,17.7,0,1,2026-09-18T10:00:00.088997,22.5,5.1,37.7,31.9
res-sr-03,Study Room C,STUDY_ROOM,20,10,4,0,4,17.9,0,0,2026-09-18T10:00:00.088997,22.0,22.4,26.2,40.9
res-can-01,Main Canteen,CANTEEN,250,10,4,0,90,35.8,10,4,2026-09-18T10:00:00.088997,35.1,39.7,47.6,58.0
res-sem-01,Dr. Kalam Seminar Hall,SEMINAR_HALL,180,10,4,0,39,21.9,2,7,2026-09-18T10:00:00.088997,23.0,32.5,34.4,43.4
res-cls-01,Block A Classrooms (301-305),CLASSROOM,150,10,4,0,95,63.6,5,6,2026-09-18T10:00:00.088997,59.5,67.0,73.9,95.1
res-cls-02,Block B Classrooms (201-204),CLASSROOM,120,10,4,0,53,44.5,7,7,2026-09-18T10:00:00.088997,42.6,48.5,74.3,53.5
res-sac-01,Student Activity Center,ACTIVITY_CENTER,160,10,4,0,31,19.5,5,0,2026-09-18T10:00:00.088997,22.7,25.3,30.4,20.4
res-lib-01,Central Library,LIBRARY,200,11,4,0,41,20.5,1,1,2026-09-18T11:00:00.088997,27.3,36.4,41.1,40.9
res-lib-02,Digital Reading Hall,LIBRARY,120,11,4,0,59,48.9,4,5,2026-09-18T11:00:00.088997,48.3,57.3,63.4,65.3
res-lab-01,Computer Lab 1,COMPUTER_LAB,80,11,4,0,58,72.0,5,9,2026-09-18T11:00:00.088997,71.2,71.3,84.8,96.6
res-lab-02,Computer Lab 2,COMPUTER_LAB,75,11,4,0,45,59.8,7,6,2026-09-18T11:00:00.088997,62.4,58.1,56.7,68.9
res-lab-03,Computer Lab 3,COMPUTER_LAB,60,11,4,0,9,15.3,1,3,2026-09-18T11:00:00.088997,16.5,23.7,22.0,47.2
res-lab-ai,AI & Data Science Lab,RESEARCH_LAB,50,11,4,0,15,30.3,10,4,2026-09-18T11:00:00.088997,31.5,29.9,25.3,28.4
res-lab-res,Advanced Research Lab,RESEARCH_LAB,40,11,4,0,7,16.5,3,0,2026-09-18T11:00:00.088997,19.2,29.2,23.7,51.4
res-sr-01,Study Room A,STUDY_ROOM,24,11,4,0,4,15.3,1,0,2026-09-18T11:00:00.088997,21.0,6.9,10.3,24.0
res-sr-02,Study Room B,STUDY_ROOM,20,11,4,0,4,21.2,3,0,2026-09-18T11:00:00.088997,18.4,36.2,23.6,19.9
res-sr-03,Study Room C,STUDY_ROOM,20,11,4,0,4,20.9,5,5,2026-09-18T11:00:00.088997,19.1,16.8,30.1,34.9
res-can-01,Main Canteen,CANTEEN,250,11,4,0,134,53.5,10,0,2026-09-18T11:00:00.088997,58.9,51.9,69.2,57.8
res-sem-01,Dr. Kalam Seminar Hall,SEMINAR_HALL,180,11,4,0,79,43.8,3,0,2026-09-18T11:00:00.088997,45.9,44.1,58.8,61.4
res-cls-01,Block A Classrooms (301-305),CLASSROOM,150,11,4,0,123,81.8,10,9,2026-09-18T11:00:00.088997,89.4,83.0,76.4,94.2
res-cls-02,Block B Classrooms (201-204),CLASSROOM,120,11,4,0,65,54.4,13,9,2026-09-18T11:00:00.088997,65.0,59.8,67.3,58.9
res-sac-01,Student Activity Center,ACTIVITY_CENTER,160,11,4,0,30,18.5,0,0,2026-09-18T11:00:00.088997,17.4,14.8,39.8,50.3
res-lib-01,Central Library,LIBRARY,200,12,4,0,39,19.4,6,4,2026-09-18T12:00:00.088997,15.1,22.0,22.2,16.4
res-lib-02,Digital Reading Hall,LIBRARY,120,12,4,0,78,65.2,7,4,2026-09-18T12:00:00.088997,69.1,68.9,68.3,50.6
res-lab-01,Computer Lab 1,COMPUTER_LAB,80,12,4,0,75,93.2,9,6,2026-09-18T12:00:00.088997,97.6,97.4,88.5,100.0
res-lab-02,Computer Lab 2,COMPUTER_LAB,75,12,4,0,55,73.7,7,7,2026-09-18T12:00:00.088997,82.6,68.6,84.1,86.7
res-lab-03,Computer Lab 3,COMPUTER_LAB,60,12,4,0,23,38.3,0,1,2026-09-18T12:00:00.088997,41.1,51.3,43.2,36.2
res-lab-ai,AI & Data Science Lab,RESEARCH_LAB,50,12,4,0,24,47.0,1,3,2026-09-18T12:00:00.088997,54.8,52.5,57.6,38.4
res-lab-res,Advanced Research Lab,RESEARCH_LAB,40,12,4,0,10,24.4,1,4,2026-09-18T12:00:00.088997,23.1,41.3,25.2,1.8
res-sr-01,Study Room A,STUDY_ROOM,24,12,4,0,5,22.2,2,3,2026-09-18T12:00:00.088997,25.1,20.7,44.7,20.9
res-sr-02,Study Room B,STUDY_ROOM,20,12,4,0,4,20.4,0,3,2026-09-18T12:00:00.088997,23.2,32.2,38.9,10.8
res-sr-03,Study Room C,STUDY_ROOM,20,12,4,0,4,20.7,7,3,2026-09-18T12:00:00.088997,20.3,28.2,15.1,21.4
res-can-01,Main Canteen,CANTEEN,250,12,4,0,152,61.0,6,6,2026-09-18T12:00:00.088997,67.1,66.6,74.7,48.7
res-sem-01,Dr. Kalam Seminar Hall,SEMINAR_HALL,180,12,4,0,111,61.7,7,5,2026-09-18T12:00:00.088997,57.0,62.1,71.9,46.8
res-cls-01,Block A Classrooms (301-305),CLASSROOM,150,12,4,0,99,66.3,6,4,2026-09-18T12:00:00.088997,66.3,69.4,74.3,59.0
res-cls-02,Block B Classrooms (201-204),CLASSROOM,120,12,4,0,86,71.4,5,2,2026-09-18T12:00:00.088997,83.8,69.6,74.7,65.6
res-sac-01,Student Activity Center,ACTIVITY_CENTER,160,12,4,0,26,16.4,3,0,2026-09-18T12:00:00.088997,19.4,21.8,21.6,7.4
res-lib-01,Central Library,LIBRARY,200,13,4,0,104,52.0,6,5,2026-09-18T13:00:00.088997,58.3,62.8,58.3,18.9
res-lib-02,Digital Reading Hall,LIBRARY,120,13,4,0,103,85.7,12,5,2026-09-18T13:00:00.088997,88.8,97.1,70.3,79.1
res-lab-01,Computer Lab 1,COMPUTER_LAB,80,13,4,0,76,95.0,8,9,2026-09-18T13:00:00.088997,98.2,95.2,79.1,81.4
res-lab-02,Computer Lab 2,COMPUTER_LAB,75,13,4,0,68,90.3,12,6,2026-09-18T13:00:00.088997,94.9,90.3,67.8,73.9
res-lab-03,Computer Lab 3,COMPUTER_LAB,60,13,4,0,37,61.5,9,6,2026-09-18T13:00:00.088997,61.8,64.2,54.5,36.7
res-lab-ai,AI & Data Science Lab,RESEARCH_LAB,50,13,4,0,35,70.6,7,3,2026-09-18T13:00:00.088997,69.3,78.1,62.7,54.9
res-lab-res,Advanced Research Lab,RESEARCH_LAB,40,13,4,0,7,16.4,6,0,2026-09-18T13:00:00.088997,19.4,18.4,8.7,9.8
res-sr-01,Study Room A,STUDY_ROOM,24,13,4,0,6,26.3,3,6,2026-09-18T13:00:00.088997,35.4,30.5,18.7,40.9
res-sr-02,Study Room B,STUDY_ROOM,20,13,4,0,4,19.5,0,0,2026-09-18T13:00:00.088997,25.4,18.5,21.3,11.6
res-sr-03,Study Room C,STUDY_ROOM,20,13,4,0,10,50.0,5,3,2026-09-18T13:00:00.088997,57.8,53.5,38.3,37.0
res-can-01,Main Canteen,CANTEEN,250,13,4,0,189,75.8,6,5,2026-09-18T13:00:00.088997,75.3,85.8,59.8,42.7
res-sem-01,Dr. Kalam Seminar Hall,SEMINAR_HALL,180,13,4,0,112,62.1,3,10,2026-09-18T13:00:00.088997,64.2,70.1,59.0,50.8
res-cls-01,Block A Classrooms (301-305),CLASSROOM,150,13,4,0,78,51.7,9,5,2026-09-18T13:00:00.088997,59.3,60.4,38.2,33.8
res-cls-02,Block B Classrooms (201-204),CLASSROOM,120,13,4,0,83,69.2,11,5,2026-09-18T13:00:00.088997,68.0,76.1,60.3,60.8
res-sac-01,Student Activity Center,ACTIVITY_CENTER,160,13,4,0,36,22.6,5,2,2026-09-18T13:00:00.088997,18.9,24.6,21.0,0.0
res-lib-01,Central Library,LIBRARY,200,14,4,0,151,75.6,9,7,2026-09-18T14:00:00.088997,70.9,73.6,57.2,89.6
res-lib-02,Digital Reading Hall,LIBRARY,120,14,4,0,105,87.4,13,4,2026-09-18T14:00:00.088997,86.2,89.7,84.7,63.4
res-lab-01,Computer Lab 1,COMPUTER_LAB,80,14,4,0,76,94.5,9,7,2026-09-18T14:00:00.088997,98.6,78.0,92.4,67.0
res-lab-02,Computer Lab 2,COMPUTER_LAB,75,14,4,0,62,83.3,3,6,2026-09-18T14:00:00.088997,87.3,79.9,64.5,83.5
res-lab-03,Computer Lab 3,COMPUTER_LAB,60,14,4,0,46,76.8,9,13,2026-09-18T14:00:00.088997,78.1,75.9,61.6,72.3
res-lab-ai,AI & Data Science Lab,RESEARCH_LAB,50,14,4,0,44,87.7,12,6,2026-09-18T14:00:00.088997,86.3,77.8,60.4,87.7
res-lab-res,Advanced Research Lab,RESEARCH_LAB,40,14,4,0,15,36.8,4,4,2026-09-18T14:00:00.088997,36.1,30.1,31.2,30.4
res-sr-01,Study Room A,STUDY_ROOM,24,14,4,0,13,55.8,11,6,2026-09-18T14:00:00.088997,54.1,45.4,51.7,51.8
res-sr-02,Study Room B,STUDY_ROOM,20,14,4,0,5,26.0,4,1,2026-09-18T14:00:00.088997,26.7,26.5,26.1,15.4
res-sr-03,Study Room C,STUDY_ROOM,20,14,4,0,12,60.9,5,7,2026-09-18T14:00:00.088997,68.7,53.9,57.0,42.2
res-can-01,Main Canteen,CANTEEN,250,14,4,0,157,63.0,5,0,2026-09-18T14:00:00.088997,66.4,44.6,52.6,36.8
res-sem-01,Dr. Kalam Seminar Hall,SEMINAR_HALL,180,14,4,0,105,58.3,11,6,2026-09-18T14:00:00.088997,52.5,49.8,43.4,45.8
res-cls-01,Block A Classrooms (301-305),CLASSROOM,150,14,4,0,50,33.5,9,0,2026-09-18T14:00:00.088997,31.3,26.6,34.0,25.7
res-cls-02,Block B Classrooms (201-204),CLASSROOM,120,14,4,0,75,62.4,8,3,2026-09-18T14:00:00.088997,65.3,62.2,62.7,65.6
res-sac-01,Student Activity Center,ACTIVITY_CENTER,160,14,4,0,27,16.7,6,2,2026-09-18T14:00:00.088997,13.8,11.6,8.5,0.0
res-lib-01,Central Library,LIBRARY,200,15,4,0,177,88.4,11,9,2026-09-18T15:00:00.088997,88.0,100.0,70.2,66.3
res-lib-02,Digital Reading Hall,LIBRARY,120,15,4,0,77,64.6,7,7,2026-09-18T15:00:00.088997,60.7,56.3,57.8,46.5
res-lab-01,Computer Lab 1,COMPUTER_LAB,80,15,4,0,69,86.3,13,10,2026-09-18T15:00:00.088997,87.8,87.8,80.9,72.4
res-lab-02,Computer Lab 2,COMPUTER_LAB,75,15,4,0,54,72.0,7,5,2026-09-18T15:00:00.088997,72.9,69.1,70.3,46.1
res-lab-03,Computer Lab 3,COMPUTER_LAB,60,15,4,0,51,85.7,9,5,2026-09-18T15:00:00.088997,82.0,95.6,74.2,69.8
res-lab-ai,AI & Data Science Lab,RESEARCH_LAB,50,15,4,0,47,94.2,10,7,2026-09-18T15:00:00.088997,92.8,95.7,89.1,68.9
res-lab-res,Advanced Research Lab,RESEARCH_LAB,40,15,4,0,24,60.6,5,6,2026-09-18T15:00:00.088997,64.0,54.7,51.8,70.0
res-sr-01,Study Room A,STUDY_ROOM,24,15,4,0,18,73.6,10,13,2026-09-18T15:00:00.088997,73.5,56.7,73.1,42.5
res-sr-02,Study Room B,STUDY_ROOM,20,15,4,0,10,49.7,0,3,2026-09-18T15:00:00.088997,46.2,40.1,38.6,50.1
res-sr-03,Study Room C,STUDY_ROOM,20,15,4,0,15,74.3,10,4,2026-09-18T15:00:00.088997,71.5,71.2,57.3,46.5
res-can-01,Main Canteen,CANTEEN,250,15,4,0,135,54.0,9,5,2026-09-18T15:00:00.088997,50.2,49.9,46.5,44.9
res-sem-01,Dr. Kalam Seminar Hall,SEMINAR_HALL,180,15,4,0,66,36.9,1,1,2026-09-18T15:00:00.088997,35.5,33.0,34.6,28.0
res-cls-01,Block A Classrooms (301-305),CLASSROOM,150,15,4,0,8,5.0,4,4,2026-09-18T15:00:00.088997,0.0,2.0,0.0,0.0
res-cls-02,Block B Classrooms (201-204),CLASSROOM,120,15,4,0,57,47.1,12,6,2026-09-18T15:00:00.088997,46.3,40.1,40.7,51.4
res-sac-01,Student Activity Center,ACTIVITY_CENTER,160,15,4,0,60,37.6,1,0,2026-09-18T15:00:00.088997,37.7,34.1,23.8,37.9
res-lib-01,Central Library,LIBRARY,200,16,4,0,177,88.3,10,8,2026-09-18T16:00:00.088997,84.9,84.7,90.7,62.6
res-lib-02,Digital Reading Hall,LIBRARY,120,16,4,0,66,54.8,7,5,2026-09-18T16:00:00.088997,56.3,50.1,51.2,51.4
res-lab-01,Computer Lab 1,COMPUTER_LAB,80,16,4,0,53,65.9,8,5,2026-09-18T16:00:00.088997,63.3,58.9,62.1,54.8
res-lab-02,Computer Lab 2,COMPUTER_LAB,75,16,4,0,45,59.5,7,1,2026-09-18T16:00:00.088997,57.6,54.8,53.6,40.3
res-lab-03,Computer Lab 3,COMPUTER_LAB,60,16,4,0,40,67.1,9,5,2026-09-18T16:00:00.088997,65.8,60.4,59.0,49.7
res-lab-ai,AI & Data Science Lab,RESEARCH_LAB,50,16,4,0,42,83.0,11,6,2026-09-18T16:00:00.088997,81.7,80.5,69.7,56.6
res-lab-res,Advanced Research Lab,RESEARCH_LAB,40,16,4,0,35,86.6,8,10,2026-09-18T16:00:00.088997,92.3,86.3,75.9,73.8
res-sr-01,Study Room A,STUDY_ROOM,24,16,4,0,19,78.8,12,9,2026-09-18T16:00:00.088997,74.7,67.5,58.9,78.6
res-sr-02,Study Room B,STUDY_ROOM,20,16,4,0,13,65.6,8,4,2026-09-18T16:00:00.088997,57.7,66.3,57.9,64.4
res-sr-03,Study Room C,STUDY_ROOM,20,16,4,0,15,75.6,8,9,2026-09-18T16:00:00.088997,76.5,75.4,64.9,71.0
res-can-01,Main Canteen,CANTEEN,250,16,4,0,93,37.2,4,2,2026-09-18T16:00:00.088997,40.6,28.3,34.9,24.5
res-sem-01,Dr. Kalam Seminar Hall,SEMINAR_HALL,180,16,4,0,37,20.4,5,0,2026-09-18T16:00:00.088997,10.5,18.6,17.2,0.8
res-cls-01,Block A Classrooms (301-305),CLASSROOM,150,16,4,0,16,10.6,0,3,2026-09-18T16:00:00.088997,9.6,5.3,2.8,4.5
res-cls-02,Block B Classrooms (201-204),CLASSROOM,120,16,4,0,26,21.7,0,8,2026-09-18T16:00:00.088997,24.5,9.0,10.6,6.9
res-sac-01,Student Activity Center,ACTIVITY_CENTER,160,16,4,0,98,61.3,0,4,2026-09-18T16:00:00.088997,52.3,54.6,49.1,50.3
res-lib-01,Central Library,LIBRARY,200,17,4,0,159,79.5,7,9,2026-09-18T17:00:00.088997,79.3,77.8,69.9,60.6
res-lib-02,Digital Reading Hall,LIBRARY,120,17,4,0,38,31.3,5,0,2026-09-18T17:00:00.088997,30.9,28.2,23.9,17.5
res-lab-01,Computer Lab 1,COMPUTER_LAB,80,17,4,0,29,36.5,3,9,2026-09-18T17:00:00.088997,34.6,29.7,28.7,28.8
res-lab-02,Computer Lab 2,COMPUTER_LAB,75,17,4,0,30,39.4,4,5,2026-09-18T17:00:00.088997,44.1,40.5,52.5,19.6
res-lab-03,Computer Lab 3,COMPUTER_LAB,60,17,4,0,38,63.7,5,7,2026-09-18T17:00:00.088997,64.7,55.7,56.5,62.6
res-lab-ai,AI & Data Science Lab,RESEARCH_LAB,50,17,4,0,35,69.2,13,2,2026-09-18T17:00:00.088997,74.9,70.2,60.4,52.3
res-lab-res,Advanced Research Lab,RESEARCH_LAB,40,17,4,0,33,83.0,9,8,2026-09-18T17:00:00.088997,86.0,89.8,76.8,60.8
res-sr-01,Study Room A,STUDY_ROOM,24,17,4,0,19,79.9,9,4,2026-09-18T17:00:00.088997,73.2,87.5,74.7,57.9
res-sr-02,Study Room B,STUDY_ROOM,20,17,4,0,16,80.4,6,4,2026-09-18T17:00:00.088997,75.2,85.3,70.1,39.1
res-sr-03,Study Room C,STUDY_ROOM,20,17,4,0,14,69.9,7,1,2026-09-18T17:00:00.088997,66.6,68.0,65.6,79.5
res-can-01,Main Canteen,CANTEEN,250,17,4,0,16,6.6,0,0,2026-09-18T17:00:00.088997,0.0,6.9,2.8,0.0
res-sem-01,Dr. Kalam Seminar Hall,SEMINAR_HALL,180,17,4,0,12,6.7,0,0,2026-09-18T17:00:00.088997,4.9,8.7,13.2,4.3
res-cls-01,Block A Classrooms (301-305),CLASSROOM,150,17,4,0,15,10.1,2,1,2026-09-18T17:00:00.088997,4.0,5.3,0.0,0.0
res-cls-02,Block B Classrooms (201-204),CLASSROOM,120,17,4,0,20,16.5,4,0,2026-09-18T17:00:00.088997,14.3,6.5,8.0,17.0
res-sac-01,Student Activity Center,ACTIVITY_CENTER,160,17,4,0,119,74.5,16,11,2026-09-18T17:00:00.088997,73.3,73.5,64.7,49.0
res-lib-01,Central Library,LIBRARY,200,18,4,0,144,72.2,11,6,2026-09-18T18:00:00.088997,71.3,74.7,71.9,42.7
res-lib-02,Digital Reading Hall,LIBRARY,120,18,4,0,25,21.0,2,5,2026-09-18T18:00:00.088997,23.1,23.9,2.9,0.0
res-lab-01,Computer Lab 1,COMPUTER_LAB,80,18,4,0,32,39.5,2,0,2026-09-18T18:00:00.088997,39.6,31.2,47.6,31.0
res-lab-02,Computer Lab 2,COMPUTER_LAB,75,18,4,0,19,25.6,1,7,2026-09-18T18:00:00.088997,25.1,18.2,10.5,12.8
res-lab-03,Computer Lab 3,COMPUTER_LAB,60,18,4,0,20,33.9,7,0,2026-09-18T18:00:00.088997,31.3,32.5,28.9,13.3
res-lab-ai,AI & Data Science Lab,RESEARCH_LAB,50,18,4,0,28,55.4,3,5,2026-09-18T18:00:00.088997,56.0,53.2,41.3,57.8
res-lab-res,Advanced Research Lab,RESEARCH_LAB,40,18,4,0,31,77.2,11,12,2026-09-18T18:00:00.088997,79.7,78.9,71.0,74.7
res-sr-01,Study Room A,STUDY_ROOM,24,18,4,0,17,70.9,4,8,2026-09-18T18:00:00.088997,70.0,69.4,61.8,49.8
res-sr-02,Study Room B,STUDY_ROOM,20,18,4,0,16,79.8,5,12,2026-09-18T18:00:00.088997,76.8,76.2,76.8,74.8
res-sr-03,Study Room C,STUDY_ROOM,20,18,4,0,8,42.2,7,5,2026-09-18T18:00:00.088997,37.7,32.7,31.2,14.7
res-can-01,Main Canteen,CANTEEN,250,18,4,0,42,16.9,6,3,2026-09-18T18:00:00.088997,14.0,10.7,15.7,26.0
res-sem-01,Dr. Kalam Seminar Hall,SEMINAR_HALL,180,18,4,0,9,5.0,0,5,2026-09-18T18:00:00.088997,0.0,0.0,0.0,0.0
res-cls-01,Block A Classrooms (301-305),CLASSROOM,150,18,4,0,22,14.4,4,0,2026-09-18T18:00:00.088997,17.6,18.1,5.4,0.0
res-cls-02,Block B Classrooms (201-204),CLASSROOM,120,18,4,0,23,19.0,4,2,2026-09-18T18:00:00.088997,22.5,15.8,6.5,8.0
res-sac-01,Student Activity Center,ACTIVITY_CENTER,160,18,4,0,135,84.2,4,7,2026-09-18T18:00:00.088997,87.7,76.1,90.1,89.1
res-lib-01,Central Library,LIBRARY,200,19,4,0,95,47.5,3,3,2026-09-18T19:00:00.088997,56.2,53.8,40.6,28.2
res-lib-02,Digital Reading Hall,LIBRARY,120,19,4,0,25,20.5,3,0,2026-09-18T19:00:00.088997,18.8,23.4,0.0,18.4
res-lab-01,Computer Lab 1,COMPUTER_LAB,80,19,4,0,32,40.5,3,9,2026-09-18T19:00:00.088997,35.7,38.1,29.7,24.8
res-lab-02,Computer Lab 2,COMPUTER_LAB,75,19,4,0,17,22.5,4,4,2026-09-18T19:00:00.088997,20.3,9.4,18.2,15.6
res-lab-03,Computer Lab 3,COMPUTER_LAB,60,19,4,0,8,14.1,7,0,2026-09-18T19:00:00.088997,3.3,4.7,12.5,0.0
res-lab-ai,AI & Data Science Lab,RESEARCH_LAB,50,19,4,0,13,26.1,5,3,2026-09-18T19:00:00.088997,25.6,25.8,14.2,9.5
res-lab-res,Advanced Research Lab,RESEARCH_LAB,40,19,4,0,26,65.3,3,0,2026-09-18T19:00:00.088997,61.5,65.8,59.6,63.5
res-sr-01,Study Room A,STUDY_ROOM,24,19,4,0,11,44.8,6,6,2026-09-18T19:00:00.088997,37.4,45.0,35.8,69.7
res-sr-02,Study Room B,STUDY_ROOM,20,19,4,0,11,56.4,10,4,2026-09-18T19:00:00.088997,47.9,48.2,50.9,56.8
res-sr-03,Study Room C,STUDY_ROOM,20,19,4,0,7,33.7,8,0,2026-09-18T19:00:00.088997,36.2,31.0,19.8,19.1
res-can-01,Main Canteen,CANTEEN,250,19,4,0,18,7.2,0,0,2026-09-18T19:00:00.088997,1.0,5.0,4.8,0.0
res-sem-01,Dr. Kalam Seminar Hall,SEMINAR_HALL,180,19,4,0,19,10.5,0,0,2026-09-18T19:00:00.088997,11.1,4.7,3.2,0.0
res-cls-01,Block A Classrooms (301-305),CLASSROOM,150,19,4,0,15,10.1,0,0,2026-09-18T19:00:00.088997,2.7,0.0,0.0,0.0
res-cls-02,Block B Classrooms (201-204),CLASSROOM,120,19,4,0,15,12.7,2,0,2026-09-18T19:00:00.088997,11.0,9.6,1.7,0.0
res-sac-01,Student Activity Center,ACTIVITY_CENTER,160,19,4,0,116,72.6,11,2,2026-09-18T19:00:00.088997,69.7,76.7,77.4,70.8
res-lib-01,Central Library,LIBRARY,200,20,4,0,54,27.1,8,8,2026-09-18T20:00:00.088997,24.6,16.3,16.7,52.3
res-lib-02,Digital Reading Hall,LIBRARY,120,20,4,0,16,13.7,0,0,2026-09-18T20:00:00.088997,12.2,1.5,4.7,0.0
res-lab-01,Computer Lab 1,COMPUTER_LAB,80,20,4,0,30,37.5,8,2,2026-09-18T20:00:00.088997,34.9,31.5,31.1,25.0
res-lab-02,Computer Lab 2,COMPUTER_LAB,75,20,4,0,21,28.1,7,0,2026-09-18T20:00:00.088997,24.8,28.5,7.3,0.0
res-lab-03,Computer Lab 3,COMPUTER_LAB,60,20,4,0,10,15.9,3,0,2026-09-18T20:00:00.088997,11.6,6.3,0.1,12.2
res-lab-ai,AI & Data Science Lab,RESEARCH_LAB,50,20,4,0,13,25.3,2,0,2026-09-18T20:00:00.088997,17.5,25.5,12.6,15.5
res-lab-res,Advanced Research Lab,RESEARCH_LAB,40,20,4,0,15,36.7,2,5,2026-09-18T20:00:00.088997,45.1,19.9,26.9,29.7
res-sr-01,Study Room A,STUDY_ROOM,24,20,4,0,7,29.3,6,0,2026-09-18T20:00:00.088997,27.9,21.2,32.3,9.2
res-sr-02,Study Room B,STUDY_ROOM,20,20,4,0,9,46.5,8,1,2026-09-18T20:00:00.088997,44.8,30.5,28.7,39.1
res-sr-03,Study Room C,STUDY_ROOM,20,20,4,0,2,11.0,0,2,2026-09-18T20:00:00.088997,6.7,11.0,5.0,4.3
res-can-01,Main Canteen,CANTEEN,250,20,4,0,37,15.0,2,6,2026-09-18T20:00:00.088997,16.6,6.8,18.6,6.1
res-sem-01,Dr. Kalam Seminar Hall,SEMINAR_HALL,180,20,4,0,9,5.0,1,3,2026-09-18T20:00:00.088997,4.8,10.9,6.8,0.0
res-cls-01,Block A Classrooms (301-305),CLASSROOM,150,20,4,0,9,5.9,0,0,2026-09-18T20:00:00.088997,6.7,4.7,0.0,0.0
res-cls-02,Block B Classrooms (201-204),CLASSROOM,120,20,4,0,15,12.9,0,6,2026-09-18T20:00:00.088997,2.7,16.6,4.5,12.9
res-sac-01,Student Activity Center,ACTIVITY_CENTER,160,20,4,0,94,58.5,8,7,2026-09-18T20:00:00.088997,59.7,51.5,59.8,33.5
res-lib-01,Central Library,LIBRARY,200,21,4,0,50,25.0,5,5,2026-09-18T21:00:00.088997,24.8,17.6,25.0,4.9
res-lib-02,Digital Reading Hall,LIBRARY,120,21,4,0,32,27.0,2,0,2026-09-18T21:00:00.088997,20.2,22.3,20.3,38.6
res-lab-01,Computer Lab 1,COMPUTER_LAB,80,21,4,0,25,30.8,3,0,2026-09-18T21:00:00.088997,26.9,35.9,12.6,25.9
res-lab-02,Computer Lab 2,COMPUTER_LAB,75,21,4,0,20,26.6,3,4,2026-09-18T21:00:00.088997,19.9,31.5,35.9,15.1
res-lab-03,Computer Lab 3,COMPUTER_LAB,60,21,4,0,15,24.7,1,3,2026-09-18T21:00:00.088997,28.4,16.9,4.3,0.0
res-lab-ai,AI & Data Science Lab,RESEARCH_LAB,50,21,4,0,19,38.2,3,3,2026-09-18T21:00:00.088997,31.8,38.9,23.2,20.3
res-lab-res,Advanced Research Lab,RESEARCH_LAB,40,21,4,0,8,21.2,0,1,2026-09-18T21:00:00.088997,24.8,18.8,14.4,11.8
res-sr-01,Study Room A,STUDY_ROOM,24,21,4,0,4,18.4,8,0,2026-09-18T21:00:00.088997,17.3,14.1,19.5,19.7
res-sr-02,Study Room B,STUDY_ROOM,20,21,4,0,5,26.7,4,3,2026-09-18T21:00:00.088997,15.6,12.1,13.2,7.9
res-sr-03,Study Room C,STUDY_ROOM,20,21,4,0,2,10.2,3,1,2026-09-18T21:00:00.088997,7.3,0.0,1.8,0.0
res-can-01,Main Canteen,CANTEEN,250,21,4,0,23,9.3,1,1,2026-09-18T21:00:00.088997,1.1,5.7,0.0,0.0
res-sem-01,Dr. Kalam Seminar Hall,SEMINAR_HALL,180,21,4,0,14,7.9,6,0,2026-09-18T21:00:00.088997,2.6,4.0,8.3,3.3
res-cls-01,Block A Classrooms (301-305),CLASSROOM,150,21,4,0,31,21.0,0,2,2026-09-18T21:00:00.088997,25.2,24.9,0.0,8.9
res-cls-02,Block B Classrooms (201-204),CLASSROOM,120,21,4,0,19,15.9,10,3,2026-09-18T21:00:00.088997,12.5,4.9,27.9,12.7
res-sac-01,Student Activity Center,ACTIVITY_CENTER,160,21,4,0,55,34.4,3,4,2026-09-18T21:00:00.088997,34.6,24.0,20.9,2.6
res-lib-01,Central Library,LIBRARY,200,8,5,1,58,29.2,2,4,2026-09-19T08:00:00.088997,36.8,35.5,36.1,41.5
res-lib-02,Digital Reading Hall,LIBRARY,120,8,5,1,24,20.3,6,2,2026-09-19T08:00:00.088997,20.1,31.5,39.3,14.2
res-lab-01,Computer Lab 1,COMPUTER_LAB,80,8,5,1,33,41.1,6,4,2026-09-19T08:00:00.088997,47.2,42.7,57.7,46.6
res-lab-02,Computer Lab 2,COMPUTER_LAB,75,8,5,1,14,19.1,0,3,2026-09-19T08:00:00.088997,17.3,33.8,37.8,45.1
res-lab-03,Computer Lab 3,COMPUTER_LAB,60,8,5,1,9,15.5,2,0,2026-09-19T08:00:00.088997,21.5,22.8,28.6,45.8
res-lab-ai,AI & Data Science Lab,RESEARCH_LAB,50,8,5,1,14,27.6,2,3,2026-09-19T08:00:00.088997,25.8,31.5,40.0,33.7
res-lab-res,Advanced Research Lab,RESEARCH_LAB,40,8,5,1,10,25.2,0,5,2026-09-19T08:00:00.088997,29.9,26.8,24.9,10.3
res-sr-01,Study Room A,STUDY_ROOM,24,8,5,1,4,16.8,5,1,2026-09-19T08:00:00.088997,23.5,18.1,31.2,18.2
res-sr-02,Study Room B,STUDY_ROOM,20,8,5,1,2,11.1,1,0,2026-09-19T08:00:00.088997,7.0,15.0,20.1,36.4
res-sr-03,Study Room C,STUDY_ROOM,20,8,5,1,4,18.7,5,4,2026-09-19T08:00:00.088997,22.1,16.4,28.1,35.9
res-can-01,Main Canteen,CANTEEN,250,8,5,1,40,15.8,3,5,2026-09-19T08:00:00.088997,13.7,18.9,27.7,39.8
res-sem-01,Dr. Kalam Seminar Hall,SEMINAR_HALL,180,8,5,1,9,5.0,0,2,2026-09-19T08:00:00.088997,2.5,19.6,5.1,0.0
res-cls-01,Block A Classrooms (301-305),CLASSROOM,150,8,5,1,29,19.2,7,3,2026-09-19T08:00:00.088997,24.2,24.4,25.8,10.6
res-cls-02,Block B Classrooms (201-204),CLASSROOM,120,8,5,1,6,5.0,1,4,2026-09-19T08:00:00.088997,8.4,13.7,27.3,18.9
res-sac-01,Student Activity Center,ACTIVITY_CENTER,160,8,5,1,23,14.5,0,7,2026-09-19T08:00:00.088997,18.6,13.8,12.0,39.5
res-lib-01,Central Library,LIBRARY,200,9,5,1,42,20.9,8,0,2026-09-19T09:00:00.088997,28.5,28.8,29.9,28.7
res-lib-02,Digital Reading Hall,LIBRARY,120,9,5,1,33,27.6,5,0,2026-09-19T09:00:00.088997,22.7,33.6,35.6,19.3
res-lab-01,Computer Lab 1,COMPUTER_LAB,80,9,5,1,28,34.8,2,3,2026-09-19T09:00:00.088997,39.7,48.7,51.0,36.1
res-lab-02,Computer Lab 2,COMPUTER_LAB,75,9,5,1,20,26.5,3,0,2026-09-19T09:00:00.088997,30.1,42.6,34.8,17.3
res-lab-03,Computer Lab 3,COMPUTER_LAB,60,9,5,1,9,15.1,0,4,2026-09-19T09:00:00.088997,19.2,19.1,20.1,22.6
res-lab-ai,AI & Data Science Lab,RESEARCH_LAB,50,9,5,1,15,30.0,1,0,2026-09-19T09:00:00.088997,36.6,32.7,39.5,43.5
res-lab-res,Advanced Research Lab,RESEARCH_LAB,40,9,5,1,9,21.3,0,0,2026-09-19T09:00:00.088997,20.9,28.7,22.7,27.0
res-sr-01,Study Room A,STUDY_ROOM,24,9,5,1,7,28.5,0,0,2026-09-19T09:00:00.088997,38.1,33.2,30.2,52.5
res-sr-02,Study Room B,STUDY_ROOM,20,9,5,1,3,15.2,0,2,2026-09-19T09:00:00.088997,14.6,14.1,22.2,13.1
res-sr-03,Study Room C,STUDY_ROOM,20,9,5,1,3,15.0,2,4,2026-09-19T09:00:00.088997,21.6,17.6,27.5,31.0
res-can-01,Main Canteen,CANTEEN,250,9,5,1,28,11.3,0,0,2026-09-19T09:00:00.088997,15.3,6.1,16.9,0.0
res-sem-01,Dr. Kalam Seminar Hall,SEMINAR_HALL,180,9,5,1,9,5.0,0,3,2026-09-19T09:00:00.088997,9.8,6.7,19.6,25.7
res-cls-01,Block A Classrooms (301-305),CLASSROOM,150,9,5,1,39,26.2,0,1,2026-09-19T09:00:00.088997,27.8,23.8,37.5,39.5
res-cls-02,Block B Classrooms (201-204),CLASSROOM,120,9,5,1,20,16.5,2,3,2026-09-19T09:00:00.088997,17.8,22.7,20.9,19.5
res-sac-01,Student Activity Center,ACTIVITY_CENTER,160,9,5,1,33,20.4,0,4,2026-09-19T09:00:00.088997,19.9,20.9,30.7,12.5
res-lib-01,Central Library,LIBRARY,200,10,5,1,43,21.7,0,1,2026-09-19T10:00:00.088997,20.5,36.3,45.9,7.5
res-lib-02,Digital Reading Hall,LIBRARY,120,10,5,1,32,26.9,5,4,2026-09-19T10:00:00.088997,26.3,30.4,28.2,31.9
res-lab-01,Computer Lab 1,COMPUTER_LAB,80,10,5,1,28,34.9,3,0,2026-09-19T10:00:00.088997,36.1,32.4,44.7,36.7
res-lab-02,Computer Lab 2,COMPUTER_LAB,75,10,5,1,23,30.9,6,7,2026-09-19T10:00:00.088997,22.8,30.9,36.2,46.4
res-lab-03,Computer Lab 3,COMPUTER_LAB,60,10,5,1,5,8.4,0,1,2026-09-19T10:00:00.088997,10.7,15.7,20.4,22.5
res-lab-ai,AI & Data Science Lab,RESEARCH_LAB,50,10,5,1,15,30.8,3,5,2026-09-19T10:00:00.088997,23.8,45.0,18.9,27.8
res-lab-res,Advanced Research Lab,RESEARCH_LAB,40,10,5,1,8,19.1,4,0,2026-09-19T10:00:00.088997,21.0,28.8,36.0,20.7
res-sr-01,Study Room A,STUDY_ROOM,24,10,5,1,5,18.8,0,0,2026-09-19T10:00:00.088997,16.7,18.5,30.7,30.4
res-sr-02,Study Room B,STUDY_ROOM,20,10,5,1,3,17.0,2,3,2026-09-19T10:00:00.088997,22.5,11.5,17.3,24.2
res-sr-03,Study Room C,STUDY_ROOM,20,10,5,1,3,14.9,0,4,2026-09-19T10:00:00.088997,24.8,21.0,23.7,35.1
res-can-01,Main Canteen,CANTEEN,250,10,5,1,63,25.3,3,5,2026-09-19T10:00:00.088997,24.7,23.0,31.6,34.6
res-sem-01,Dr. Kalam Seminar Hall,SEMINAR_HALL,180,10,5,1,19,10.5,7,0,2026-09-19T10:00:00.088997,7.9,14.9,26.6,20.7
res-cls-01,Block A Classrooms (301-305),CLASSROOM,150,10,5,1,52,34.7,1,7,2026-09-19T10:00:00.088997,38.9,46.0,46.0,54.6
res-cls-02,Block B Classrooms (201-204),CLASSROOM,120,10,5,1,24,19.7,0,6,2026-09-19T10:00:00.088997,27.9,17.8,29.9,24.5
res-sac-01,Student Activity Center,ACTIVITY_CENTER,160,10,5,1,20,12.2,2,4,2026-09-19T10:00:00.088997,16.0,15.3,24.8,17.9
res-lib-01,Central Library,LIBRARY,200,11,5,1,53,26.6,7,0,2026-09-19T11:00:00.088997,31.8,22.4,45.7,29.0
res-lib-02,Digital Reading Hall,LIBRARY,120,11,5,1,34,28.3,5,3,2026-09-19T11:00:00.088997,26.3,25.8,34.6,23.8
res-lab-01,Computer Lab 1,COMPUTER_LAB,80,11,5,1,35,43.9,5,1,2026-09-19T11:00:00.088997,47.6,57.8,50.6,55.5
res-lab-02,Computer Lab 2,COMPUTER_LAB,75,11,5,1,35,46.2,1,8,2026-09-19T11:00:00.088997,52.5,56.4,65.9,59.6
res-lab-03,Computer Lab 3,COMPUTER_LAB,60,11,5,1,8,12.7,4,4,2026-09-19T11:00:00.088997,19.1,17.9,14.2,25.0
res-lab-ai,AI & Data Science Lab,RESEARCH_LAB,50,11,5,1,17,33.8,7,2,2026-09-19T11:00:00.088997,37.0,30.9,50.6,34.4
res-lab-res,Advanced Research Lab,RESEARCH_LAB,40,11,5,1,9,23.1,0,5,2026-09-19T11:00:00.088997,26.4,23.5,37.4,26.1
res-sr-01,Study Room A,STUDY_ROOM,24,11,5,1,6,23.0,1,0,2026-09-19T11:00:00.088997,21.1,25.4,43.3,43.8
res-sr-02,Study Room B,STUDY_ROOM,20,11,5,1,4,21.5,7,0,2026-09-19T11:00:00.088997,22.7,24.0,23.5,9.4
res-sr-03,Study Room C,STUDY_ROOM,20,11,5,1,3,14.9,0,1,2026-09-19T11:00:00.088997,25.4,16.9,24.7,35.8
res-can-01,Main Canteen,CANTEEN,250,11,5,1,133,53.1,7,4,2026-09-19T11:00:00.088997,54.2,52.4,68.8,42.2
res-sem-01,Dr. Kalam Seminar Hall,SEMINAR_HALL,180,11,5,1,46,25.7,0,5,2026-09-19T11:00:00.088997,26.3,23.3,38.9,46.8
res-cls-01,Block A Classrooms (301-305),CLASSROOM,150,11,5,1,51,34.2,6,0,2026-09-19T11:00:00.088997,31.0,47.0,40.2,21.9
res-cls-02,Block B Classrooms (201-204),CLASSROOM,120,11,5,1,33,27.2,0,2,2026-09-19T11:00:00.088997,27.8,33.3,34.6,53.6
res-sac-01,Student Activity Center,ACTIVITY_CENTER,160,11,5,1,27,16.7,3,5,2026-09-19T11:00:00.088997,17.1,14.1,35.6,28.3
res-lib-01,Central Library,LIBRARY,200,12,5,1,51,25.6,1,0,2026-09-19T12:00:00.088997,30.9,36.5,40.6,23.1
res-lib-02,Digital Reading Hall,LIBRARY,120,12,5,1,51,42.3,5,3,2026-09-19T12:00:00.088997,49.1,45.1,53.6,20.7
res-lab-01,Computer Lab 1,COMPUTER_LAB,80,12,5,1,42,52.4,5,2,2026-09-19T12:00:00.088997,57.6,49.3,61.3,42.0
res-lab-02,Computer Lab 2,COMPUTER_LAB,75,12,5,1,28,37.8,3,4,2026-09-19T12:00:00.088997,41.5,41.6,51.9,24.5
res-lab-03,Computer Lab 3,COMPUTER_LAB,60,12,5,1,15,24.2,3,5,2026-09-19T12:00:00.088997,23.5,26.2,26.1,8.2
res-lab-ai,AI & Data Science Lab,RESEARCH_LAB,50,12,5,1,22,44.8,7,1,2026-09-19T12:00:00.088997,44.4,52.1,44.7,24.1
res-lab-res,Advanced Research Lab,RESEARCH_LAB,40,12,5,1,10,25.4,1,5,2026-09-19T12:00:00.088997,32.4,26.0,25.4,10.1
res-sr-01,Study Room A,STUDY_ROOM,24,12,5,1,4,15.6,2,0,2026-09-19T12:00:00.088997,19.1,29.0,31.0,9.5
res-sr-02,Study Room B,STUDY_ROOM,20,12,5,1,1,7.1,2,5,2026-09-19T12:00:00.088997,0.0,16.3,13.7,0.0
res-sr-03,Study Room C,STUDY_ROOM,20,12,5,1,5,22.9,7,4,2026-09-19T12:00:00.088997,23.4,22.3,32.2,21.4
res-can-01,Main Canteen,CANTEEN,250,12,5,1,163,65.3,6,14,2026-09-19T12:00:00.088997,71.6,77.2,60.2,44.8
res-sem-01,Dr. Kalam Seminar Hall,SEMINAR_HALL,180,12,5,1,50,28.0,0,7,2026-09-19T12:00:00.088997,35.7,29.8,52.1,16.0
res-cls-01,Block A Classrooms (301-305),CLASSROOM,150,12,5,1,65,43.1,5,6,2026-09-19T12:00:00.088997,50.7,55.8,55.7,29.4
res-cls-02,Block B Classrooms (201-204),CLASSROOM,120,12,5,1,44,36.9,1,4,2026-09-19T12:00:00.088997,34.5,31.2,45.4,40.1
res-sac-01,Student Activity Center,ACTIVITY_CENTER,160,12,5,1,30,18.7,1,7,2026-09-19T12:00:00.088997,18.4,12.2,7.1,0.0
res-lib-01,Central Library,LIBRARY,200,13,5,1,75,37.4,2,5,2026-09-19T13:00:00.088997,46.0,35.8,33.7,31.8
res-lib-02,Digital Reading Hall,LIBRARY,120,13,5,1,50,41.4,9,3,2026-09-19T13:00:00.088997,41.9,59.1,38.1,40.5
res-lab-01,Computer Lab 1,COMPUTER_LAB,80,13,5,1,52,65.3,5,10,2026-09-19T13:00:00.088997,65.3,67.0,54.8,45.8
res-lab-02,Computer Lab 2,COMPUTER_LAB,75,13,5,1,40,53.1,7,3,2026-09-19T13:00:00.088997,57.8,56.5,42.2,41.7
res-lab-03,Computer Lab 3,COMPUTER_LAB,60,13,5,1,20,33.7,5,2,2026-09-19T13:00:00.088997,39.0,37.3,19.8,4.0
res-lab-ai,AI & Data Science Lab,RESEARCH_LAB,50,13,5,1,25,50.7,6,5,2026-09-19T13:00:00.088997,56.9,52.9,30.4,39.6
res-lab-res,Advanced Research Lab,RESEARCH_LAB,40,13,5,1,8,21.2,1,6,2026-09-19T13:00:00.088997,13.3,33.0,20.4,14.7
res-sr-01,Study Room A,STUDY_ROOM,24,13,5,1,3,11.4,5,0,2026-09-19T13:00:00.088997,11.3,15.4,7.0,7.0
res-sr-02,Study Room B,STUDY_ROOM,20,13,5,1,4,18.6,4,2,2026-09-19T13:00:00.088997,22.2,17.0,3.8,17.3
res-sr-03,Study Room C,STUDY_ROOM,20,13,5,1,6,31.5,5,1,2026-09-19T13:00:00.088997,37.1,29.5,33.2,16.4
res-can-01,Main Canteen,CANTEEN,250,13,5,1,204,81.7,5,13,2026-09-19T13:00:00.088997,82.3,84.5,75.5,61.4
res-sem-01,Dr. Kalam Seminar Hall,SEMINAR_HALL,180,13,5,1,55,30.7,1,0,2026-09-19T13:00:00.088997,34.7,30.3,15.8,2.2
res-cls-01,Block A Classrooms (301-305),CLASSROOM,150,13,5,1,37,24.8,6,0,2026-09-19T13:00:00.088997,23.9,31.0,13.5,39.5
res-cls-02,Block B Classrooms (201-204),CLASSROOM,120,13,5,1,41,34.2,5,6,2026-09-19T13:00:00.088997,39.9,40.6,24.8,46.5
res-sac-01,Student Activity Center,ACTIVITY_CENTER,160,13,5,1,23,14.6,0,0,2026-09-19T13:00:00.088997,9.7,24.5,0.0,2.5
res-lib-01,Central Library,LIBRARY,200,14,5,1,82,41.0,11,0,2026-09-19T14:00:00.088997,35.4,35.2,31.2,22.4
res-lib-02,Digital Reading Hall,LIBRARY,120,14,5,1,53,44.5,1,5,2026-09-19T14:00:00.088997,33.2,39.4,31.1,44.7
res-lab-01,Computer Lab 1,COMPUTER_LAB,80,14,5,1,53,66.9,7,10,2026-09-19T14:00:00.088997,63.6,56.1,74.6,61.1
res-lab-02,Computer Lab 2,COMPUTER_LAB,75,14,5,1,37,49.9,8,5,2026-09-19T14:00:00.088997,47.6,36.9,39.4,45.3
res-lab-03,Computer Lab 3,COMPUTER_LAB,60,14,5,1,22,37.3,7,4,2026-09-19T14:00:00.088997,31.7,24.3,27.8,19.0
res-lab-ai,AI & Data Science Lab,RESEARCH_LAB,50,14,5,1,27,54.1,4,3,2026-09-19T14:00:00.088997,56.3,50.0,39.8,42.3
res-lab-res,Advanced Research Lab,RESEARCH_LAB,40,14,5,1,14,34.6,5,5,2026-09-19T14:00:00.088997,29.6,35.8,47.5,13.1
res-sr-01,Study Room A,STUDY_ROOM,24,14,5,1,7,28.4,3,5,2026-09-19T14:00:00.088997,26.1,17.1,19.4,23.6
res-sr-02,Study Room B,STUDY_ROOM,20,14,5,1,4,18.1,3,5,2026-09-19T14:00:00.088997,17.1,12.9,17.6,0.0
res-sr-03,Study Room C,STUDY_ROOM,20,14,5,1,6,31.2,2,1,2026-09-19T14:00:00.088997,26.0,37.2,42.8,15.0
res-can-01,Main Canteen,CANTEEN,250,14,5,1,168,67.2,7,10,2026-09-19T14:00:00.088997,70.5,51.6,63.5,39.6
res-sem-01,Dr. Kalam Seminar Hall,SEMINAR_HALL,180,14,5,1,63,34.8,5,1,2026-09-19T14:00:00.088997,31.8,28.0,31.5,35.3
res-cls-01,Block A Classrooms (301-305),CLASSROOM,150,14,5,1,22,14.5,7,6,2026-09-19T14:00:00.088997,9.0,10.0,21.9,17.3
res-cls-02,Block B Classrooms (201-204),CLASSROOM,120,14,5,1,34,28.7,5,11,2026-09-19T14:00:00.088997,27.1,19.9,22.2,19.6
res-sac-01,Student Activity Center,ACTIVITY_CENTER,160,14,5,1,21,12.9,2,0,2026-09-19T14:00:00.088997,8.2,12.5,0.0,11.7
res-lib-01,Central Library,LIBRARY,200,15,5,1,79,39.7,0,2,2026-09-19T15:00:00.088997,38.8,42.7,32.2,24.7
res-lib-02,Digital Reading Hall,LIBRARY,120,15,5,1,51,42.3,2,4,2026-09-19T15:00:00.088997,35.5,37.8,33.2,20.7
res-lab-01,Computer Lab 1,COMPUTER_LAB,80,15,5,1,45,55.7,7,9,2026-09-19T15:00:00.088997,47.3,50.2,40.8,54.1
res-lab-02,Computer Lab 2,COMPUTER_LAB,75,15,5,1,36,48.0,7,2,2026-09-19T15:00:00.088997,49.6,33.9,24.4,20.7
res-lab-03,Computer Lab 3,COMPUTER_LAB,60,15,5,1,25,40.9,6,0,2026-09-19T15:00:00.088997,44.2,36.7,18.8,30.1
res-lab-ai,AI & Data Science Lab,RESEARCH_LAB,50,15,5,1,30,60.4,9,9,2026-09-19T15:00:00.088997,52.9,52.9,44.0,69.0
res-lab-res,Advanced Research Lab,RESEARCH_LAB,40,15,5,1,16,39.4,13,2,2026-09-19T15:00:00.088997,34.5,33.5,43.8,23.0
res-sr-01,Study Room A,STUDY_ROOM,24,15,5,1,10,40.5,5,4,2026-09-19T15:00:00.088997,35.9,34.7,30.9,28.4
res-sr-02,Study Room B,STUDY_ROOM,20,15,5,1,6,31.9,9,0,2026-09-19T15:00:00.088997,28.4,22.0,25.6,13.5
res-sr-03,Study Room C,STUDY_ROOM,20,15,5,1,8,40.8,8,0,2026-09-19T15:00:00.088997,40.8,33.0,37.0,18.1
res-can-01,Main Canteen,CANTEEN,250,15,5,1,142,56.8,9,7,2026-09-19T15:00:00.088997,58.0,47.3,43.2,53.8
res-sem-01,Dr. Kalam Seminar Hall,SEMINAR_HALL,180,15,5,1,34,18.7,6,0,2026-09-19T15:00:00.088997,18.7,26.3,4.4,7.6
res-cls-01,Block A Classrooms (301-305),CLASSROOM,150,15,5,1,21,14.2,4,0,2026-09-19T15:00:00.088997,10.1,7.8,19.2,0.0
res-cls-02,Block B Classrooms (201-204),CLASSROOM,120,15,5,1,28,23.5,1,4,2026-09-19T15:00:00.088997,22.1,12.4,6.7,0.0
res-sac-01,Student Activity Center,ACTIVITY_CENTER,160,15,5,1,55,34.5,6,7,2026-09-19T15:00:00.088997,35.2,32.8,25.3,31.8
res-lib-01,Central Library,LIBRARY,200,16,5,1,104,52.1,11,4,2026-09-19T16:00:00.088997,55.5,52.4,50.8,16.0
res-lib-02,Digital Reading Hall,LIBRARY,120,16,5,1,44,36.9,4,2,2026-09-19T16:00:00.088997,28.9,31.8,29.2,9.2
res-lab-01,Computer Lab 1,COMPUTER_LAB,80,16,5,1,34,42.3,6,6,2026-09-19T16:00:00.088997,41.0,44.2,33.5,29.6
res-lab-02,Computer Lab 2,COMPUTER_LAB,75,16,5,1,26,34.5,0,9,2026-09-19T16:00:00.088997,37.0,21.1,27.9,21.3
res-lab-03,Computer Lab 3,COMPUTER_LAB,60,16,5,1,22,36.7,3,4,2026-09-19T16:00:00.088997,37.9,34.1,27.6,22.8
res-lab-ai,AI & Data Science Lab,RESEARCH_LAB,50,16,5,1,28,56.5,8,5,2026-09-19T16:00:00.088997,54.4,53.6,44.3,54.4
res-lab-res,Advanced Research Lab,RESEARCH_LAB,40,16,5,1,15,38.4,3,5,2026-09-19T16:00:00.088997,31.9,24.0,31.0,6.1
res-sr-01,Study Room A,STUDY_ROOM,24,16,5,1,10,39.7,7,3,2026-09-19T16:00:00.088997,42.8,27.4,30.8,32.5
res-sr-02,Study Room B,STUDY_ROOM,20,16,5,1,6,30.3,6,4,2026-09-19T16:00:00.088997,21.9,25.1,25.8,11.3
res-sr-03,Study Room C,STUDY_ROOM,20,16,5,1,7,33.9,4,10,2026-09-19T16:00:00.088997,30.4,38.3,19.2,24.5
res-can-01,Main Canteen,CANTEEN,250,16,5,1,90,35.9,4,2,2026-09-19T16:00:00.088997,36.8,42.2,30.6,17.7
res-sem-01,Dr. Kalam Seminar Hall,SEMINAR_HALL,180,16,5,1,24,13.4,9,1,2026-09-19T16:00:00.088997,9.0,1.5,0.0,5.7
res-cls-01,Block A Classrooms (301-305),CLASSROOM,150,16,5,1,19,12.6,0,1,2026-09-19T16:00:00.088997,5.9,8.4,9.0,0.0
res-cls-02,Block B Classrooms (201-204),CLASSROOM,120,16,5,1,26,21.5,0,2,2026-09-19T16:00:00.088997,22.9,16.0,11.8,0.0
res-sac-01,Student Activity Center,ACTIVITY_CENTER,160,16,5,1,100,62.4,6,7,2026-09-19T16:00:00.088997,63.1,53.7,52.7,66.5
res-lib-01,Central Library,LIBRARY,200,17,5,1,87,43.3,11,2,2026-09-19T17:00:00.088997,36.6,39.1,55.2,8.3
res-lib-02,Digital Reading Hall,LIBRARY,120,17,5,1,29,24.2,4,2,2026-09-19T17:00:00.088997,23.7,14.8,10.8,10.4
res-lab-01,Computer Lab 1,COMPUTER_LAB,80,17,5,1,28,35.2,4,2,2026-09-19T17:00:00.088997,31.3,32.1,10.8,20.5
res-lab-02,Computer Lab 2,COMPUTER_LAB,75,17,5,1,29,39.0,1,7,2026-09-19T17:00:00.088997,37.2,30.4,19.1,28.7
res-lab-03,Computer Lab 3,COMPUTER_LAB,60,17,5,1,23,37.6,3,3,2026-09-19T17:00:00.088997,39.7,34.7,15.5,26.8
res-lab-ai,AI & Data Science Lab,RESEARCH_LAB,50,17,5,1,26,52.9,6,0,2026-09-19T17:00:00.088997,52.4,46.7,28.4,20.7
res-lab-res,Advanced Research Lab,RESEARCH_LAB,40,17,5,1,20,49.9,3,2,2026-09-19T17:00:00.088997,47.8,41.0,42.8,35.5
res-sr-01,Study Room A,STUDY_ROOM,24,17,5,1,10,40.1,3,5,2026-09-19T17:00:00.088997,38.2,34.6,49.5,36.8
res-sr-02,Study Room B,STUDY_ROOM,20,17,5,1,9,43.3,4,4,2026-09-19T17:00:00.088997,39.5,42.9,34.3,33.9
res-sr-03,Study Room C,STUDY_ROOM,20,17,5,1,7,35.7,4,12,2026-09-19T17:00:00.088997,31.0,26.6,33.9,16.5
res-can-01,Main Canteen,CANTEEN,250,17,5,1,22,8.8,0,2,2026-09-19T17:00:00.088997,8.9,1.9,7.3,0.0
res-sem-01,Dr. Kalam Seminar Hall,SEMINAR_HALL,180,17,5,1,9,5.0,0,0,2026-09-19T17:00:00.088997,0.0,0.0,3.2,8.4
res-cls-01,Block A Classrooms (301-305),CLASSROOM,150,17,5,1,12,7.8,3,2,2026-09-19T17:00:00.088997,10.7,0.7,0.0,0.0
res-cls-02,Block B Classrooms (201-204),CLASSROOM,120,17,5,1,7,5.9,0,0,2026-09-19T17:00:00.088997,2.6,1.8,4.3,0.0
res-sac-01,Student Activity Center,ACTIVITY_CENTER,160,17,5,1,118,73.5,8,10,2026-09-19T17:00:00.088997,70.7,68.0,62.1,59.5
res-lib-01,Central Library,LIBRARY,200,18,5,1,77,38.7,1,6,2026-09-19T18:00:00.088997,32.3,31.8,39.8,22.4
res-lib-02,Digital Reading Hall,LIBRARY,120,18,5,1,28,23.3,1,0,2026-09-19T18:00:00.088997,14.9,26.2,5.1,20.3
res-lab-01,Computer Lab 1,COMPUTER_LAB,80,18,5,1,25,31.0,7,9,2026-09-19T18:00:00.088997,22.3,19.5,30.0,25.2
res-lab-02,Computer Lab 2,COMPUTER_LAB,75,18,5,1,21,28.1,1,8,2026-09-19T18:00:00.088997,26.6,15.8,17.8,1.7
res-lab-03,Computer Lab 3,COMPUTER_LAB,60,18,5,1,18,30.5,1,4,2026-09-19T18:00:00.088997,26.6,21.8,5.3,25.7
res-lab-ai,AI & Data Science Lab,RESEARCH_LAB,50,18,5,1,22,44.3,2,0,2026-09-19T18:00:00.088997,45.5,29.4,47.3,21.5
res-lab-res,Advanced Research Lab,RESEARCH_LAB,40,18,5,1,15,38.3,5,0,2026-09-19T18:00:00.088997,33.5,35.5,8.5,46.0
res-sr-01,Study Room A,STUDY_ROOM,24,18,5,1,10,40.2,0,0,2026-09-19T18:00:00.088997,42.2,38.8,44.7,20.0
res-sr-02,Study Room B,STUDY_ROOM,20,18,5,1,8,41.0,6,6,2026-09-19T18:00:00.088997,43.5,31.7,32.0,21.7
res-sr-03,Study Room C,STUDY_ROOM,20,18,5,1,6,27.9,5,0,2026-09-19T18:00:00.088997,30.4,16.1,17.2,30.9
res-can-01,Main Canteen,CANTEEN,250,18,5,1,28,11.3,2,0,2026-09-19T18:00:00.088997,5.1,12.0,0.0,0.0
res-sem-01,Dr. Kalam Seminar Hall,SEMINAR_HALL,180,18,5,1,16,8.9,0,1,2026-09-19T18:00:00.088997,7.0,3.8,0.0,0.0
res-cls-01,Block A Classrooms (301-305),CLASSROOM,150,18,5,1,9,5.7,2,0,2026-09-19T18:00:00.088997,7.6,0.0,0.0,0.0
res-cls-02,Block B Classrooms (201-204),CLASSROOM,120,18,5,1,10,8.4,4,0,2026-09-19T18:00:00.088997,5.3,11.8,4.9,16.3
res-sac-01,Student Activity Center,ACTIVITY_CENTER,160,18,5,1,136,85.0,7,11,2026-09-19T18:00:00.088997,89.1,89.2,85.9,84.6
res-lib-01,Central Library,LIBRARY,200,19,5,1,66,32.9,1,2,2026-09-19T19:00:00.088997,24.2,36.0,22.4,36.4
res-lib-02,Digital Reading Hall,LIBRARY,120,19,5,1,18,15.1,5,0,2026-09-19T19:00:00.088997,7.9,19.8,17.0,5.6
res-lab-01,Computer Lab 1,COMPUTER_LAB,80,19,5,1,28,35.1,5,4,2026-09-19T19:00:00.088997,30.0,27.7,44.8,55.2
res-lab-02,Computer Lab 2,COMPUTER_LAB,75,19,5,1,23,31.3,5,2,2026-09-19T19:00:00.088997,26.1,21.9,18.3,45.1
res-lab-03,Computer Lab 3,COMPUTER_LAB,60,19,5,1,13,22.2,4,0,2026-09-19T19:00:00.088997,23.8,15.8,0.0,13.7
res-lab-ai,AI & Data Science Lab,RESEARCH_LAB,50,19,5,1,13,26.6,0,1,2026-09-19T19:00:00.088997,22.6,21.4,17.9,0.0
res-lab-res,Advanced Research Lab,RESEARCH_LAB,40,19,5,1,17,42.9,2,1,2026-09-19T19:00:00.088997,39.6,37.2,48.0,34.1
res-sr-01,Study Room A,STUDY_ROOM,24,19,5,1,9,35.4,5,4,2026-09-19T19:00:00.088997,34.7,18.8,25.2,37.4
res-sr-02,Study Room B,STUDY_ROOM,20,19,5,1,10,50.8,2,6,2026-09-19T19:00:00.088997,46.5,58.1,30.6,46.3
res-sr-03,Study Room C,STUDY_ROOM,20,19,5,1,3,14.1,0,1,2026-09-19T19:00:00.088997,16.4,2.6,12.1,2.3
res-can-01,Main Canteen,CANTEEN,250,19,5,1,28,11.1,4,0,2026-09-19T19:00:00.088997,12.3,2.7,13.0,3.1
res-sem-01,Dr. Kalam Seminar Hall,SEMINAR_HALL,180,19,5,1,9,5.0,0,2,2026-09-19T19:00:00.088997,8.0,0.0,0.0,1.3
res-cls-01,Block A Classrooms (301-305),CLASSROOM,150,19,5,1,8,5.0,0,0,2026-09-19T19:00:00.088997,1.3,0.0,0.0,0.0
res-cls-02,Block B Classrooms (201-204),CLASSROOM,120,19,5,1,15,12.6,0,0,2026-09-19T19:00:00.088997,18.4,7.3,7.7,0.0
res-sac-01,Student Activity Center,ACTIVITY_CENTER,160,19,5,1,129,80.5,8,7,2026-09-19T19:00:00.088997,83.8,74.4,73.0,65.1
res-lib-01,Central Library,LIBRARY,200,20,5,1,48,23.9,3,4,2026-09-19T20:00:00.088997,19.3,14.3,10.4,0.0
res-lib-02,Digital Reading Hall,LIBRARY,120,20,5,1,16,13.6,2,4,2026-09-19T20:00:00.088997,15.1,0.0,3.4,0.0
res-lab-01,Computer Lab 1,COMPUTER_LAB,80,20,5,1,28,35.6,3,5,2026-09-19T20:00:00.088997,33.5,19.2,18.9,23.6
res-lab-02,Computer Lab 2,COMPUTER_LAB,75,20,5,1,19,25.4,0,0,2026-09-19T20:00:00.088997,23.6,11.9,2.3,8.0
res-lab-03,Computer Lab 3,COMPUTER_LAB,60,20,5,1,8,13.0,0,0,2026-09-19T20:00:00.088997,11.1,3.7,5.7,0.0
res-lab-ai,AI & Data Science Lab,RESEARCH_LAB,50,20,5,1,15,30.7,6,5,2026-09-19T20:00:00.088997,33.8,30.7,24.8,13.5
res-lab-res,Advanced Research Lab,RESEARCH_LAB,40,20,5,1,11,27.6,0,2,2026-09-19T20:00:00.088997,28.4,18.2,19.2,7.4
res-sr-01,Study Room A,STUDY_ROOM,24,20,5,1,6,25.6,1,0,2026-09-19T20:00:00.088997,20.8,23.6,16.7,8.4
res-sr-02,Study Room B,STUDY_ROOM,20,20,5,1,6,29.2,2,6,2026-09-19T20:00:00.088997,23.3,23.1,8.6,13.0
res-sr-03,Study Room C,STUDY_ROOM,20,20,5,1,2,8.3,3,3,2026-09-19T20:00:00.088997,9.4,3.5,0.0,0.0
res-can-01,Main Canteen,CANTEEN,250,20,5,1,40,16.1,6,1,2026-09-19T20:00:00.088997,12.1,19.3,1.9,6.9
res-sem-01,Dr. Kalam Seminar Hall,SEMINAR_HALL,180,20,5,1,19,10.4,0,3,2026-09-19T20:00:00.088997,10.5,5.2,0.0,0.0
res-cls-01,Block A Classrooms (301-305),CLASSROOM,150,20,5,1,17,11.2,0,1,2026-09-19T20:00:00.088997,11.3,12.1,0.0,15.0
res-cls-02,Block B Classrooms (201-204),CLASSROOM,120,20,5,1,20,16.8,3,0,2026-09-19T20:00:00.088997,13.5,11.5,11.2,5.0
res-sac-01,Student Activity Center,ACTIVITY_CENTER,160,20,5,1,93,58.1,6,6,2026-09-19T20:00:00.088997,54.3,51.1,45.0,69.2
res-lib-01,Central Library,LIBRARY,200,21,5,1,62,30.9,5,7,2026-09-19T21:00:00.088997,32.0,26.9,9.3,15.7
res-lib-02,Digital Reading Hall,LIBRARY,120,21,5,1,22,18.7,0,0,2026-09-19T21:00:00.088997,18.6,15.6,0.2,0.0
res-lab-01,Computer Lab 1,COMPUTER_LAB,80,21,5,1,32,39.6,2,4,2026-09-19T21:00:00.088997,36.9,37.7,23.9,28.7
res-lab-02,Computer Lab 2,COMPUTER_LAB,75,21,5,1,19,25.7,3,2,2026-09-19T21:00:00.088997,25.1,33.8,40.7,6.0
res-lab-03,Computer Lab 3,COMPUTER_LAB,60,21,5,1,3,5.7,2,1,2026-09-19T21:00:00.088997,8.0,2.4,0.0,7.3
res-lab-ai,AI & Data Science Lab,RESEARCH_LAB,50,21,5,1,18,35.1,0,1,2026-09-19T21:00:00.088997,32.7,30.7,25.0,28.3
res-lab-res,Advanced Research Lab,RESEARCH_LAB,40,21,5,1,10,24.0,8,4,2026-09-19T21:00:00.088997,18.6,18.1,15.3,18.2
res-sr-01,Study Room A,STUDY_ROOM,24,21,5,1,5,21.6,8,0,2026-09-19T21:00:00.088997,21.1,30.7,8.3,11.3
res-sr-02,Study Room B,STUDY_ROOM,20,21,5,1,3,15.9,2,0,2026-09-19T21:00:00.088997,18.1,11.8,0.0,14.0
res-sr-03,Study Room C,STUDY_ROOM,20,21,5,1,3,15.7,4,0,2026-09-19T21:00:00.088997,15.2,15.4,3.9,0.0
res-can-01,Main Canteen,CANTEEN,250,21,5,1,25,9.8,4,4,2026-09-19T21:00:00.088997,6.1,0.0,0.0,0.0
res-sem-01,Dr. Kalam Seminar Hall,SEMINAR_HALL,180,21,5,1,12,6.8,0,0,2026-09-19T21:00:00.088997,9.2,2.6,2.7,0.0
res-cls-01,Block A Classrooms (301-305),CLASSROOM,150,21,5,1,8,5.0,0,0,2026-09-19T21:00:00.088997,5.3,0.0,11.3,0.0
res-cls-02,Block B Classrooms (201-204),CLASSROOM,120,21,5,1,19,15.4,0,3,2026-09-19T21:00:00.088997,13.8,15.3,5.3,9.1
res-sac-01,Student Activity Center,ACTIVITY_CENTER,160,21,5,1,68,42.2,3,4,2026-09-19T21:00:00.088997,32.6,41.4,51.8,15.3
res-lib-01,Central Library,LIBRARY,200,8,6,1,49,24.6,5,2,2026-09-20T08:00:00.088997,27.3,27.3,28.8,33.6
res-lib-02,Digital Reading Hall,LIBRARY,120,8,6,1,24,20.2,0,1,2026-09-20T08:00:00.088997,28.4,22.7,17.0,28.3
res-lab-01,Computer Lab 1,COMPUTER_LAB,80,8,6,1,26,32.1,0,3,2026-09-20T08:00:00.088997,31.3,33.4,41.5,23.7
res-lab-02,Computer Lab 2,COMPUTER_LAB,75,8,6,1,14,18.0,4,0,2026-09-20T08:00:00.088997,16.1,12.2,21.7,33.2
res-lab-03,Computer Lab 3,COMPUTER_LAB,60,8,6,1,9,15.4,9,4,2026-09-20T08:00:00.088997,13.7,13.3,47.8,38.2
res-lab-ai,AI & Data Science Lab,RESEARCH_LAB,50,8,6,1,16,32.4,4,4,2026-09-20T08:00:00.088997,28.4,38.3,41.0,31.5
res-lab-res,Advanced Research Lab,RESEARCH_LAB,40,8,6,1,7,17.8,6,1,2026-09-20T08:00:00.088997,28.1,12.4,21.1,9.3
res-sr-01,Study Room A,STUDY_ROOM,24,8,6,1,4,15.2,0,2,2026-09-20T08:00:00.088997,18.2,16.1,3.1,42.9
res-sr-02,Study Room B,STUDY_ROOM,20,8,6,1,3,13.9,0,2,2026-09-20T08:00:00.088997,16.7,16.9,23.2,10.0
res-sr-03,Study Room C,STUDY_ROOM,20,8,6,1,4,18.0,0,0,2026-09-20T08:00:00.088997,22.6,30.3,40.3,40.7
res-can-01,Main Canteen,CANTEEN,250,8,6,1,22,8.7,0,5,2026-09-20T08:00:00.088997,16.2,9.7,25.0,14.7
res-sem-01,Dr. Kalam Seminar Hall,SEMINAR_HALL,180,8,6,1,20,11.0,0,7,2026-09-20T08:00:00.088997,16.1,26.8,14.8,25.9
res-cls-01,Block A Classrooms (301-305),CLASSROOM,150,8,6,1,23,15.2,4,4,2026-09-20T08:00:00.088997,26.8,23.1,29.8,19.6
res-cls-02,Block B Classrooms (201-204),CLASSROOM,120,8,6,1,15,12.2,0,1,2026-09-20T08:00:00.088997,14.9,15.1,20.7,17.7
res-sac-01,Student Activity Center,ACTIVITY_CENTER,160,8,6,1,22,13.5,4,1,2026-09-20T08:00:00.088997,16.9,9.7,25.3,29.8
res-lib-01,Central Library,LIBRARY,200,9,6,1,47,23.4,9,0,2026-09-20T09:00:00.088997,28.5,32.7,36.3,35.5
res-lib-02,Digital Reading Hall,LIBRARY,120,9,6,1,27,22.2,5,0,2026-09-20T09:00:00.088997,25.4,26.1,20.4,40.8
res-lab-01,Computer Lab 1,COMPUTER_LAB,80,9,6,1,26,32.7,0,1,2026-09-20T09:00:00.088997,31.5,43.9,42.1,59.3
res-lab-02,Computer Lab 2,COMPUTER_LAB,75,9,6,1,17,22.3,5,10,2026-09-20T09:00:00.088997,25.8,32.5,36.6,15.3
res-lab-03,Computer Lab 3,COMPUTER_LAB,60,9,6,1,10,17.3,3,0,2026-09-20T09:00:00.088997,15.8,26.5,16.6,52.9
res-lab-ai,AI & Data Science Lab,RESEARCH_LAB,50,9,6,1,15,30.5,0,1,2026-09-20T09:00:00.088997,31.3,49.9,30.5,39.1
res-lab-res,Advanced Research Lab,RESEARCH_LAB,40,9,6,1,7,17.8,3,0,2026-09-20T09:00:00.088997,15.3,21.7,23.2,20.7
res-sr-01,Study Room A,STUDY_ROOM,24,9,6,1,4,17.8,5,0,2026-09-20T09:00:00.088997,15.3,20.1,26.3,11.8
res-sr-02,Study Room B,STUDY_ROOM,20,9,6,1,4,21.5,5,6,2026-09-20T09:00:00.088997,25.1,13.9,43.3,21.1
res-sr-03,Study Room C,STUDY_ROOM,20,9,6,1,2,11.9,1,5,2026-09-20T09:00:00.088997,18.1,22.3,17.1,17.9
res-can-01,Main Canteen,CANTEEN,250,9,6,1,28,11.4,0,3,2026-09-20T09:00:00.088997,16.7,19.9,0.0,22.9
res-sem-01,Dr. Kalam Seminar Hall,SEMINAR_HALL,180,9,6,1,9,5.0,1,0,2026-09-20T09:00:00.088997,1.7,12.8,9.8,21.9
res-cls-01,Block A Classrooms (301-305),CLASSROOM,150,9,6,1,36,24.1,7,5,2026-09-20T09:00:00.088997,27.3,27.8,39.8,38.8
res-cls-02,Block B Classrooms (201-204),CLASSROOM,120,9,6,1,19,15.7,5,5,2026-09-20T09:00:00.088997,12.7,14.4,16.7,7.6
res-sac-01,Student Activity Center,ACTIVITY_CENTER,160,9,6,1,24,14.7,3,1,2026-09-20T09:00:00.088997,14.6,26.5,24.0,28.9
res-lib-01,Central Library,LIBRARY,200,10,6,1,59,29.6,3,9,2026-09-20T10:00:00.088997,29.8,46.6,28.8,45.8
res-lib-02,Digital Reading Hall,LIBRARY,120,10,6,1,27,22.1,6,0,2026-09-20T10:00:00.088997,25.3,23.2,38.6,24.3
res-lab-01,Computer Lab 1,COMPUTER_LAB,80,10,6,1,37,46.5,2,0,2026-09-20T10:00:00.088997,52.3,47.9,54.4,52.6
res-lab-02,Computer Lab 2,COMPUTER_LAB,75,10,6,1,18,24.5,2,6,2026-09-20T10:00:00.088997,30.5,30.9,42.5,21.8
res-lab-03,Computer Lab 3,COMPUTER_LAB,60,10,6,1,8,13.7,2,0,2026-09-20T10:00:00.088997,14.7,11.5,3.0,33.5
res-lab-ai,AI & Data Science Lab,RESEARCH_LAB,50,10,6,1,15,31.0,6,1,2026-09-20T10:00:00.088997,30.1,36.0,46.7,38.2
res-lab-res,Advanced Research Lab,RESEARCH_LAB,40,10,6,1,9,23.2,0,1,2026-09-20T10:00:00.088997,24.9,35.6,33.1,54.2
res-sr-01,Study Room A,STUDY_ROOM,24,10,6,1,4,14.6,2,1,2026-09-20T10:00:00.088997,19.1,14.7,37.8,24.8
res-sr-02,Study Room B,STUDY_ROOM,20,10,6,1,2,10.7,1,0,2026-09-20T10:00:00.088997,23.8,22.0,19.1,19.3
res-sr-03,Study Room C,STUDY_ROOM,20,10,6,1,4,18.8,5,0,2026-09-20T10:00:00.088997,23.4,24.0,15.0,39.4
res-can-01,Main Canteen,CANTEEN,250,10,6,1,104,41.8,6,7,2026-09-20T10:00:00.088997,51.0,41.8,33.0,59.6
res-sem-01,Dr. Kalam Seminar Hall,SEMINAR_HALL,180,10,6,1,24,13.1,0,1,2026-09-20T10:00:00.088997,18.0,17.2,14.0,20.4
res-cls-01,Block A Classrooms (301-305),CLASSROOM,150,10,6,1,49,32.7,0,2,2026-09-20T10:00:00.088997,29.3,41.6,26.6,54.8
res-cls-02,Block B Classrooms (201-204),CLASSROOM,120,10,6,1,26,21.5,0,3,2026-09-20T10:00:00.088997,20.1,28.2,22.9,24.8
res-sac-01,Student Activity Center,ACTIVITY_CENTER,160,10,6,1,27,16.6,0,0,2026-09-20T10:00:00.088997,19.6,21.5,26.1,30.6
res-lib-01,Central Library,LIBRARY,200,11,6,1,50,25.2,4,2,2026-09-20T11:00:00.088997,19.2,19.7,50.6,35.2
res-lib-02,Digital Reading Hall,LIBRARY,120,11,6,1,44,37.0,3,3,2026-09-20T11:00:00.088997,37.1,56.7,47.2,40.5
res-lab-01,Computer Lab 1,COMPUTER_LAB,80,11,6,1,33,41.5,10,3,2026-09-20T11:00:00.088997,46.5,51.7,45.4,59.6
res-lab-02,Computer Lab 2,COMPUTER_LAB,75,11,6,1,27,35.7,1,7,2026-09-20T11:00:00.088997,37.1,43.8,47.4,53.4
res-lab-03,Computer Lab 3,COMPUTER_LAB,60,11,6,1,5,8.8,0,0,2026-09-20T11:00:00.088997,7.4,16.3,27.5,34.9
res-lab-ai,AI & Data Science Lab,RESEARCH_LAB,50,11,6,1,14,28.6,4,4,2026-09-20T11:00:00.088997,33.1,28.4,53.0,49.8
res-lab-res,Advanced Research Lab,RESEARCH_LAB,40,11,6,1,10,23.8,6,3,2026-09-20T11:00:00.088997,21.7,28.0,17.0,38.8
res-sr-01,Study Room A,STUDY_ROOM,24,11,6,1,5,19.3,2,5,2026-09-20T11:00:00.088997,19.5,22.8,27.5,7.2
res-sr-02,Study Room B,STUDY_ROOM,20,11,6,1,3,13.9,0,0,2026-09-20T11:00:00.088997,19.4,21.6,16.6,24.4
res-sr-03,Study Room C,STUDY_ROOM,20,11,6,1,2,10.7,1,9,2026-09-20T11:00:00.088997,20.1,16.0,20.1,8.9
res-can-01,Main Canteen,CANTEEN,250,11,6,1,122,48.8,6,3,2026-09-20T11:00:00.088997,54.4,63.2,59.8,60.0
res-sem-01,Dr. Kalam Seminar Hall,SEMINAR_HALL,180,11,6,1,27,15.1,4,0,2026-09-20T11:00:00.088997,15.4,25.8,32.4,19.5
res-cls-01,Block A Classrooms (301-305),CLASSROOM,150,11,6,1,52,34.4,2,0,2026-09-20T11:00:00.088997,33.8,29.7,48.5,49.1
res-cls-02,Block B Classrooms (201-204),CLASSROOM,120,11,6,1,39,32.3,1,0,2026-09-20T11:00:00.088997,34.5,37.7,38.9,38.8
res-sac-01,Student Activity Center,ACTIVITY_CENTER,160,11,6,1,35,21.8,3,8,2026-09-20T11:00:00.088997,28.9,37.1,20.2,39.0
res-lib-01,Central Library,LIBRARY,200,12,6,1,47,23.3,0,6,2026-09-20T12:00:00.088997,24.1,21.9,27.5,1.7
res-lib-02,Digital Reading Hall,LIBRARY,120,12,6,1,45,37.3,3,8,2026-09-20T12:00:00.088997,36.6,52.2,52.9,30.0
res-lab-01,Computer Lab 1,COMPUTER_LAB,80,12,6,1,46,58.0,7,9,2026-09-20T12:00:00.088997,62.3,53.0,68.7,55.4
res-lab-02,Computer Lab 2,COMPUTER_LAB,75,12,6,1,33,43.9,5,2,2026-09-20T12:00:00.088997,40.4,39.6,38.0,39.9
res-lab-03,Computer Lab 3,COMPUTER_LAB,60,12,6,1,8,14.2,0,0,2026-09-20T12:00:00.088997,15.0,8.0,25.8,0.0
res-lab-ai,AI & Data Science Lab,RESEARCH_LAB,50,12,6,1,22,43.6,3,4,2026-09-20T12:00:00.088997,45.7,50.1,52.0,26.5
res-lab-res,Advanced Research Lab,RESEARCH_LAB,40,12,6,1,9,21.4,3,0,2026-09-20T12:00:00.088997,25.1,33.5,35.7,20.6
res-sr-01,Study Room A,STUDY_ROOM,24,12,6,1,5,20.7,0,0,2026-09-20T12:00:00.088997,24.0,31.3,53.8,20.5
res-sr-02,Study Room B,STUDY_ROOM,20,12,6,1,2,10.3,0,7,2026-09-20T12:00:00.088997,11.5,15.6,9.7,17.1
res-sr-03,Study Room C,STUDY_ROOM,20,12,6,1,4,21.7,0,0,2026-09-20T12:00:00.088997,24.9,27.0,37.2,16.3
res-can-01,Main Canteen,CANTEEN,250,12,6,1,165,65.8,6,6,2026-09-20T12:00:00.088997,65.6,70.0,74.0,43.0
res-sem-01,Dr. Kalam Seminar Hall,SEMINAR_HALL,180,12,6,1,54,30.3,2,0,2026-09-20T12:00:00.088997,30.9,36.7,39.0,23.3
res-cls-01,Block A Classrooms (301-305),CLASSROOM,150,12,6,1,55,36.3,8,4,2026-09-20T12:00:00.088997,34.1,39.7,35.3,44.7
res-cls-02,Block B Classrooms (201-204),CLASSROOM,120,12,6,1,51,42.8,7,6,2026-09-20T12:00:00.088997,45.8,50.0,36.4,29.9
res-sac-01,Student Activity Center,ACTIVITY_CENTER,160,12,6,1,18,11.5,2,0,2026-09-20T12:00:00.088997,21.3,22.0,22.0,0.0
res-lib-01,Central Library,LIBRARY,200,13,6,1,82,40.8,4,5,2026-09-20T13:00:00.088997,43.0,43.4,33.1,5.3
res-lib-02,Digital Reading Hall,LIBRARY,120,13,6,1,46,38.7,5,8,2026-09-20T13:00:00.088997,42.1,39.3,17.7,36.1
res-lab-01,Computer Lab 1,COMPUTER_LAB,80,13,6,1,46,57.6,8,6,2026-09-20T13:00:00.088997,61.5,62.8,53.0,44.1
res-lab-02,Computer Lab 2,COMPUTER_LAB,75,13,6,1,35,47.3,2,0,2026-09-20T13:00:00.088997,48.6,61.4,45.9,38.0
res-lab-03,Computer Lab 3,COMPUTER_LAB,60,13,6,1,17,28.9,6,2,2026-09-20T13:00:00.088997,37.2,28.0,14.1,6.7
res-lab-ai,AI & Data Science Lab,RESEARCH_LAB,50,13,6,1,20,40.9,2,4,2026-09-20T13:00:00.088997,40.0,22.7,42.5,8.7
res-lab-res,Advanced Research Lab,RESEARCH_LAB,40,13,6,1,9,22.4,2,8,2026-09-20T13:00:00.088997,28.3,24.3,8.0,28.4
res-sr-01,Study Room A,STUDY_ROOM,24,13,6,1,5,18.8,2,1,2026-09-20T13:00:00.088997,19.4,25.9,12.5,12.3
res-sr-02,Study Room B,STUDY_ROOM,20,13,6,1,3,15.6,3,1,2026-09-20T13:00:00.088997,14.9,20.6,1.1,0.0
res-sr-03,Study Room C,STUDY_ROOM,20,13,6,1,5,26.8,2,2,2026-09-20T13:00:00.088997,32.5,28.8,20.6,16.2
res-can-01,Main Canteen,CANTEEN,250,13,6,1,181,72.6,8,10,2026-09-20T13:00:00.088997,75.3,78.9,58.2,84.2
res-sem-01,Dr. Kalam Seminar Hall,SEMINAR_HALL,180,13,6,1,51,28.4,0,5,2026-09-20T13:00:00.088997,29.9,31.6,15.5,38.9
res-cls-01,Block A Classrooms (301-305),CLASSROOM,150,13,6,1,42,28.2,5,3,2026-09-20T13:00:00.088997,31.3,41.6,18.0,0.0
res-cls-02,Block B Classrooms (201-204),CLASSROOM,120,13,6,1,46,38.3,6,4,2026-09-20T13:00:00.088997,42.2,41.1,30.5,24.7
res-sac-01,Student Activity Center,ACTIVITY_CENTER,160,13,6,1,20,12.6,5,0,2026-09-20T13:00:00.088997,24.1,22.9,0.0,0.0
res-lib-01,Central Library,LIBRARY,200,14,6,1,82,41.1,6,1,2026-09-20T14:00:00.088997,39.3,35.4,26.5,18.6
res-lib-02,Digital Reading Hall,LIBRARY,120,14,6,1,58,48.5,0,6,2026-09-20T14:00:00.088997,49.7,42.2,41.0,50.5
res-lab-01,Computer Lab 1,COMPUTER_LAB,80,14,6,1,46,57.0,5,4,2026-09-20T14:00:00.088997,59.7,59.8,36.5,57.1
res-lab-02,Computer Lab 2,COMPUTER_LAB,75,14,6,1,40,53.1,11,6,2026-09-20T14:00:00.088997,50.9,55.0,51.4,68.1
res-lab-03,Computer Lab 3,COMPUTER_LAB,60,14,6,1,25,41.6,5,0,2026-09-20T14:00:00.088997,37.3,28.0,31.6,40.7
res-lab-ai,AI & Data Science Lab,RESEARCH_LAB,50,14,6,1,26,52.7,9,6,2026-09-20T14:00:00.088997,49.1,48.3,49.0,42.4
res-lab-res,Advanced Research Lab,RESEARCH_LAB,40,14,6,1,12,29.7,1,1,2026-09-20T14:00:00.088997,36.7,32.1,8.5,0.0
res-sr-01,Study Room A,STUDY_ROOM,24,14,6,1,8,33.5,6,1,2026-09-20T14:00:00.088997,35.5,28.8,24.0,30.5
res-sr-02,Study Room B,STUDY_ROOM,20,14,6,1,4,17.6,1,3,2026-09-20T14:00:00.088997,15.5,24.0,15.8,13.1
res-sr-03,Study Room C,STUDY_ROOM,20,14,6,1,7,34.8,6,2,2026-09-20T14:00:00.088997,34.0,24.3,36.2,26.3
res-can-01,Main Canteen,CANTEEN,250,14,6,1,187,74.8,16,9,2026-09-20T14:00:00.088997,73.1,64.1,74.9,65.3
res-sem-01,Dr. Kalam Seminar Hall,SEMINAR_HALL,180,14,6,1,54,29.9,8,0,2026-09-20T14:00:00.088997,24.2,23.5,29.3,24.6
res-cls-01,Block A Classrooms (301-305),CLASSROOM,150,14,6,1,23,15.5,4,0,2026-09-20T14:00:00.088997,10.2,9.8,2.5,14.2
res-cls-02,Block B Classrooms (201-204),CLASSROOM,120,14,6,1,37,31.2,9,2,2026-09-20T14:00:00.088997,28.7,33.4,22.4,37.1
res-sac-01,Student Activity Center,ACTIVITY_CENTER,160,14,6,1,27,17.2,0,5,2026-09-20T14:00:00.088997,18.8,17.9,0.0,0.0
res-lib-01,Central Library,LIBRARY,200,15,6,1,91,45.4,2,9,2026-09-20T15:00:00.088997,43.3,40.2,42.4,40.2
res-lib-02,Digital Reading Hall,LIBRARY,120,15,6,1,32,26.7,1,0,2026-09-20T15:00:00.088997,26.3,20.0,18.8,0.0
res-lab-01,Computer Lab 1,COMPUTER_LAB,80,15,6,1,43,53.8,9,9,2026-09-20T15:00:00.088997,54.7,40.8,57.1,50.5
res-lab-02,Computer Lab 2,COMPUTER_LAB,75,15,6,1,33,44.6,0,7,2026-09-20T15:00:00.088997,40.2,41.6,37.2,51.0
res-lab-03,Computer Lab 3,COMPUTER_LAB,60,15,6,1,24,40.5,4,8,2026-09-20T15:00:00.088997,35.9,40.4,30.7,16.5
res-lab-ai,AI & Data Science Lab,RESEARCH_LAB,50,15,6,1,28,56.0,8,9,2026-09-20T15:00:00.088997,59.9,49.2,39.1,40.2
res-lab-res,Advanced Research Lab,RESEARCH_LAB,40,15,6,1,13,32.1,3,2,2026-09-20T15:00:00.088997,33.0,13.8,17.5,11.4
res-sr-01,Study Room A,STUDY_ROOM,24,15,6,1,11,44.8,2,5,2026-09-20T15:00:00.088997,42.3,46.0,42.1,34.2
res-sr-02,Study Room B,STUDY_ROOM,20,15,6,1,5,25.9,0,3,2026-09-20T15:00:00.088997,26.1,11.5,6.8,17.0
res-sr-03,Study Room C,STUDY_ROOM,20,15,6,1,8,41.2,1,2,2026-09-20T15:00:00.088997,31.9,44.5,21.5,35.7
res-can-01,Main Canteen,CANTEEN,250,15,6,1,130,51.9,10,2,2026-09-20T15:00:00.088997,50.1,36.7,26.4,47.0
res-sem-01,Dr. Kalam Seminar Hall,SEMINAR_HALL,180,15,6,1,26,14.7,1,4,2026-09-20T15:00:00.088997,15.7,5.7,0.0,8.8
res-cls-01,Block A Classrooms (301-305),CLASSROOM,150,15,6,1,23,15.4,0,0,2026-09-20T15:00:00.088997,11.3,13.8,18.4,0.0
res-cls-02,Block B Classrooms (201-204),CLASSROOM,120,15,6,1,21,17.2,9,1,2026-09-20T15:00:00.088997,16.2,8.0,13.6,16.7
res-sac-01,Student Activity Center,ACTIVITY_CENTER,160,15,6,1,62,39.0,9,2,2026-09-20T15:00:00.088997,35.9,35.4,35.2,29.7
res-lib-01,Central Library,LIBRARY,200,16,6,1,92,45.9,6,3,2026-09-20T16:00:00.088997,41.5,41.1,29.2,20.2
res-lib-02,Digital Reading Hall,LIBRARY,120,16,6,1,27,22.7,7,3,2026-09-20T16:00:00.088997,20.2,13.7,0.0,1.9
res-lab-01,Computer Lab 1,COMPUTER_LAB,80,16,6,1,41,51.0,8,7,2026-09-20T16:00:00.088997,49.7,53.8,40.1,52.0
res-lab-02,Computer Lab 2,COMPUTER_LAB,75,16,6,1,27,36.6,1,0,2026-09-20T16:00:00.088997,30.4,35.6,21.9,12.2
res-lab-03,Computer Lab 3,COMPUTER_LAB,60,16,6,1,24,40.6,5,6,2026-09-20T16:00:00.088997,40.7,31.1,33.3,30.1
res-lab-ai,AI & Data Science Lab,RESEARCH_LAB,50,16,6,1,25,49.1,2,2,2026-09-20T16:00:00.088997,55.2,41.6,52.2,31.4
res-lab-res,Advanced Research Lab,RESEARCH_LAB,40,16,6,1,19,46.3,8,7,2026-09-20T16:00:00.088997,45.9,49.6,41.7,54.9
res-sr-01,Study Room A,STUDY_ROOM,24,16,6,1,9,38.4,5,4,2026-09-20T16:00:00.088997,32.6,36.8,17.0,18.5
res-sr-02,Study Room B,STUDY_ROOM,20,16,6,1,5,27.0,7,2,2026-09-20T16:00:00.088997,33.7,26.9,23.1,8.0
res-sr-03,Study Room C,STUDY_ROOM,20,16,6,1,7,35.7,5,3,2026-09-20T16:00:00.088997,28.3,21.6,19.0,45.5
res-can-01,Main Canteen,CANTEEN,250,16,6,1,104,41.6,5,4,2026-09-20T16:00:00.088997,38.3,31.0,46.0,52.1
res-sem-01,Dr. Kalam Seminar Hall,SEMINAR_HALL,180,16,6,1,19,10.5,1,0,2026-09-20T16:00:00.088997,6.9,12.7,0.0,4.1
res-cls-01,Block A Classrooms (301-305),CLASSROOM,150,16,6,1,19,12.9,1,3,2026-09-20T16:00:00.088997,11.5,15.2,0.0,0.0
res-cls-02,Block B Classrooms (201-204),CLASSROOM,120,16,6,1,17,14.4,0,0,2026-09-20T16:00:00.088997,9.2,15.1,0.1,0.0
res-sac-01,Student Activity Center,ACTIVITY_CENTER,160,16,6,1,96,60.3,2,0,2026-09-20T16:00:00.088997,56.8,46.6,39.6,55.2
res-lib-01,Central Library,LIBRARY,200,17,6,1,103,51.3,8,8,2026-09-20T17:00:00.088997,54.2,33.5,47.3,32.9
res-lib-02,Digital Reading Hall,LIBRARY,120,17,6,1,26,21.7,4,0,2026-09-20T17:00:00.088997,12.7,20.5,18.1,11.4
res-lab-01,Computer Lab 1,COMPUTER_LAB,80,17,6,1,29,36.2,6,5,2026-09-20T17:00:00.088997,34.5,24.1,24.4,34.3
res-lab-02,Computer Lab 2,COMPUTER_LAB,75,17,6,1,26,35.0,3,2,2026-09-20T17:00:00.088997,32.4,31.7,21.8,0.0
res-lab-03,Computer Lab 3,COMPUTER_LAB,60,17,6,1,22,36.6,9,1,2026-09-20T17:00:00.088997,30.3,30.8,26.9,36.5
res-lab-ai,AI & Data Science Lab,RESEARCH_LAB,50,17,6,1,24,47.0,3,0,2026-09-20T17:00:00.088997,48.5,45.6,48.6,23.4
res-lab-res,Advanced Research Lab,RESEARCH_LAB,40,17,6,1,21,53.4,1,7,2026-09-20T17:00:00.088997,43.7,43.6,59.4,51.3
res-sr-01,Study Room A,STUDY_ROOM,24,17,6,1,10,42.7,3,4,2026-09-20T17:00:00.088997,42.7,45.2,30.6,11.3
res-sr-02,Study Room B,STUDY_ROOM,20,17,6,1,8,40.5,3,0,2026-09-20T17:00:00.088997,39.7,34.2,35.2,17.7
res-sr-03,Study Room C,STUDY_ROOM,20,17,6,1,7,37.0,0,1,2026-09-20T17:00:00.088997,34.0,42.4,36.0,37.9
res-can-01,Main Canteen,CANTEEN,250,17,6,1,39,15.7,12,1,2026-09-20T17:00:00.088997,19.3,16.7,16.6,25.0
res-sem-01,Dr. Kalam Seminar Hall,SEMINAR_HALL,180,17,6,1,9,5.0,0,1,2026-09-20T17:00:00.088997,2.3,1.9,11.1,0.0
res-cls-01,Block A Classrooms (301-305),CLASSROOM,150,17,6,1,13,8.8,1,0,2026-09-20T17:00:00.088997,0.0,0.3,7.0,14.0
res-cls-02,Block B Classrooms (201-204),CLASSROOM,120,17,6,1,6,5.4,0,0,2026-09-20T17:00:00.088997,0.0,0.0,0.0,9.8
res-sac-01,Student Activity Center,ACTIVITY_CENTER,160,17,6,1,110,68.8,13,10,2026-09-20T17:00:00.088997,64.2,57.4,59.1,55.5
res-lib-01,Central Library,LIBRARY,200,18,6,1,86,43.2,2,6,2026-09-20T18:00:00.088997,42.3,36.1,28.8,29.0
res-lib-02,Digital Reading Hall,LIBRARY,120,18,6,1,20,16.7,2,1,2026-09-20T18:00:00.088997,15.8,22.3,7.5,16.8
res-lab-01,Computer Lab 1,COMPUTER_LAB,80,18,6,1,29,35.9,3,3,2026-09-20T18:00:00.088997,33.7,32.6,19.3,6.3
res-lab-02,Computer Lab 2,COMPUTER_LAB,75,18,6,1,21,27.6,6,4,2026-09-20T18:00:00.088997,26.2,27.2,26.0,25.1
res-lab-03,Computer Lab 3,COMPUTER_LAB,60,18,6,1,12,20.7,0,0,2026-09-20T18:00:00.088997,18.6,14.2,0.0,29.3
res-lab-ai,AI & Data Science Lab,RESEARCH_LAB,50,18,6,1,19,38.0,5,7,2026-09-20T18:00:00.088997,26.6,29.9,26.5,22.0
res-lab-res,Advanced Research Lab,RESEARCH_LAB,40,18,6,1,17,42.1,9,6,2026-09-20T18:00:00.088997,43.9,37.3,21.5,5.1
res-sr-01,Study Room A,STUDY_ROOM,24,18,6,1,8,33.9,5,3,2026-09-20T18:00:00.088997,31.1,26.7,44.0,12.0
res-sr-02,Study Room B,STUDY_ROOM,20,18,6,1,9,43.6,5,4,2026-09-20T18:00:00.088997,46.3,47.3,33.4,41.2
res-sr-03,Study Room C,STUDY_ROOM,20,18,6,1,6,29.6,3,3,2026-09-20T18:00:00.088997,24.9,22.8,16.4,28.4
res-can-01,Main Canteen,CANTEEN,250,18,6,1,24,9.6,0,0,2026-09-20T18:00:00.088997,0.0,1.7,2.0,0.0
res-sem-01,Dr. Kalam Seminar Hall,SEMINAR_HALL,180,18,6,1,23,12.9,3,2,2026-09-20T18:00:00.088997,4.3,5.7,0.5,0.0
res-cls-01,Block A Classrooms (301-305),CLASSROOM,150,18,6,1,10,6.8,0,0,2026-09-20T18:00:00.088997,8.3,0.9,0.0,0.0
res-cls-02,Block B Classrooms (201-204),CLASSROOM,120,18,6,1,18,14.7,1,3,2026-09-20T18:00:00.088997,9.3,6.0,9.9,25.4
res-sac-01,Student Activity Center,ACTIVITY_CENTER,160,18,6,1,137,85.7,12,9,2026-09-20T18:00:00.088997,89.3,85.5,57.1,61.1
res-lib-01,Central Library,LIBRARY,200,19,6,1,71,35.5,0,0,2026-09-20T19:00:00.088997,30.7,28.9,24.9,20.0
res-lib-02,Digital Reading Hall,LIBRARY,120,19,6,1,28,23.3,2,1,2026-09-20T19:00:00.088997,15.9,24.4,9.3,0.0
res-lab-01,Computer Lab 1,COMPUTER_LAB,80,19,6,1,29,35.9,2,2,2026-09-20T19:00:00.088997,34.9,28.9,48.7,23.0
res-lab-02,Computer Lab 2,COMPUTER_LAB,75,19,6,1,21,27.5,0,0,2026-09-20T19:00:00.088997,21.1,16.7,23.2,27.9
res-lab-03,Computer Lab 3,COMPUTER_LAB,60,19,6,1,10,16.4,1,0,2026-09-20T19:00:00.088997,18.8,23.8,9.6,15.7
res-lab-ai,AI & Data Science Lab,RESEARCH_LAB,50,19,6,1,16,31.4,6,0,2026-09-20T19:00:00.088997,27.4,28.7,34.3,9.6
res-lab-res,Advanced Research Lab,RESEARCH_LAB,40,19,6,1,11,28.7,1,5,2026-09-20T19:00:00.088997,20.3,16.6,22.1,15.3
res-sr-01,Study Room A,STUDY_ROOM,24,19,6,1,9,35.5,0,2,2026-09-20T19:00:00.088997,38.3,23.4,40.8,10.7
res-sr-02,Study Room B,STUDY_ROOM,20,19,6,1,8,38.4,3,0,2026-09-20T19:00:00.088997,34.4,36.7,30.4,39.8
res-sr-03,Study Room C,STUDY_ROOM,20,19,6,1,5,25.5,0,0,2026-09-20T19:00:00.088997,18.2,15.1,27.4,20.2
res-can-01,Main Canteen,CANTEEN,250,19,6,1,20,7.8,0,4,2026-09-20T19:00:00.088997,13.5,4.4,0.0,0.0
res-sem-01,Dr. Kalam Seminar Hall,SEMINAR_HALL,180,19,6,1,16,8.7,1,3,2026-09-20T19:00:00.088997,8.2,0.0,0.0,0.0
res-cls-01,Block A Classrooms (301-305),CLASSROOM,150,19,6,1,21,14.3,0,2,2026-09-20T19:00:00.088997,13.5,18.8,5.9,0.0
res-cls-02,Block B Classrooms (201-204),CLASSROOM,120,19,6,1,15,12.6,7,3,2026-09-20T19:00:00.088997,7.4,1.1,0.0,24.6
res-sac-01,Student Activity Center,ACTIVITY_CENTER,160,19,6,1,113,70.6,6,6,2026-09-20T19:00:00.088997,67.3,75.0,53.4,72.7
res-lib-01,Central Library,LIBRARY,200,20,6,1,51,25.5,6,7,2026-09-20T20:00:00.088997,23.8,18.6,18.1,12.4
res-lib-02,Digital Reading Hall,LIBRARY,120,20,6,1,16,13.4,6,2,2026-09-20T20:00:00.088997,6.7,0.0,0.0,10.6
res-lab-01,Computer Lab 1,COMPUTER_LAB,80,20,6,1,26,32.5,2,4,2026-09-20T20:00:00.088997,28.5,30.8,25.4,19.5
res-lab-02,Computer Lab 2,COMPUTER_LAB,75,20,6,1,14,18.7,0,3,2026-09-20T20:00:00.088997,14.0,20.9,31.8,14.6
res-lab-03,Computer Lab 3,COMPUTER_LAB,60,20,6,1,13,21.0,4,0,2026-09-20T20:00:00.088997,19.8,28.1,8.3,0.0
res-lab-ai,AI & Data Science Lab,RESEARCH_LAB,50,20,6,1,13,25.5,2,0,2026-09-20T20:00:00.088997,30.2,21.8,26.2,9.9
res-lab-res,Advanced Research Lab,RESEARCH_LAB,40,20,6,1,10,24.6,0,0,2026-09-20T20:00:00.088997,23.9,22.7,22.0,0.0
res-sr-01,Study Room A,STUDY_ROOM,24,20,6,1,6,24.7,0,3,2026-09-20T20:00:00.088997,24.6,12.7,25.4,40.8
res-sr-02,Study Room B,STUDY_ROOM,20,20,6,1,6,31.5,3,2,2026-09-20T20:00:00.088997,28.7,21.9,25.8,5.8
res-sr-03,Study Room C,STUDY_ROOM,20,20,6,1,1,7.4,1,0,2026-09-20T20:00:00.088997,3.2,0.0,2.0,0.0
res-can-01,Main Canteen,CANTEEN,250,20,6,1,24,9.4,6,2,2026-09-20T20:00:00.088997,2.0,0.0,2.8,0.0
res-sem-01,Dr. Kalam Seminar Hall,SEMINAR_HALL,180,20,6,1,9,5.0,2,1,2026-09-20T20:00:00.088997,4.8,1.6,0.0,0.0
res-cls-01,Block A Classrooms (301-305),CLASSROOM,150,20,6,1,18,12.1,6,0,2026-09-20T20:00:00.088997,6.0,0.3,0.0,2.5
res-cls-02,Block B Classrooms (201-204),CLASSROOM,120,20,6,1,6,5.0,1,2,2026-09-20T20:00:00.088997,0.0,0.0,0.0,0.0
res-sac-01,Student Activity Center,ACTIVITY_CENTER,160,20,6,1,95,59.1,6,9,2026-09-20T20:00:00.088997,55.8,48.2,41.5,55.9
res-lib-01,Central Library,LIBRARY,200,21,6,1,50,25.1,4,4,2026-09-20T21:00:00.088997,15.0,13.3,7.9,3.3
res-lib-02,Digital Reading Hall,LIBRARY,120,21,6,1,22,18.3,5,5,2026-09-20T21:00:00.088997,15.1,11.8,4.0,7.4
res-lab-01,Computer Lab 1,COMPUTER_LAB,80,21,6,1,29,35.8,6,5,2026-09-20T21:00:00.088997,24.6,29.9,40.3,18.6
res-lab-02,Computer Lab 2,COMPUTER_LAB,75,21,6,1,22,29.6,2,3,2026-09-20T21:00:00.088997,23.0,18.0,28.1,28.1
res-lab-03,Computer Lab 3,COMPUTER_LAB,60,21,6,1,9,15.1,0,1,2026-09-20T21:00:00.088997,18.1,20.6,4.3,0.0
res-lab-ai,AI & Data Science Lab,RESEARCH_LAB,50,21,6,1,17,33.4,3,6,2026-09-20T21:00:00.088997,32.5,23.1,25.9,37.1
res-lab-res,Advanced Research Lab,RESEARCH_LAB,40,21,6,1,8,19.4,0,0,2026-09-20T21:00:00.088997,14.3,11.9,18.8,0.0
res-sr-01,Study Room A,STUDY_ROOM,24,21,6,1,6,26.2,0,9,2026-09-20T21:00:00.088997,31.1,22.1,3.4,13.5
res-sr-02,Study Room B,STUDY_ROOM,20,21,6,1,4,18.2,0,2,2026-09-20T21:00:00.088997,12.9,8.9,8.3,0.0
res-sr-03,Study Room C,STUDY_ROOM,20,21,6,1,5,23.3,1,3,2026-09-20T21:00:00.088997,21.9,20.4,19.2,21.9
res-can-01,Main Canteen,CANTEEN,250,21,6,1,28,11.1,2,1,2026-09-20T21:00:00.088997,8.5,0.6,2.5,2.0
res-sem-01,Dr. Kalam Seminar Hall,SEMINAR_HALL,180,21,6,1,12,6.6,1,0,2026-09-20T21:00:00.088997,4.4,0.0,1.4,0.0
res-cls-01,Block A Classrooms (301-305),CLASSROOM,150,21,6,1,16,10.7,4,0,2026-09-20T21:00:00.088997,11.1,5.9,20.9,0.0
res-cls-02,Block B Classrooms (201-204),CLASSROOM,120,21,6,1,15,12.8,1,0,2026-09-20T21:00:00.088997,8.7,13.1,0.9,0.0
res-sac-01,Student Activity Center,ACTIVITY_CENTER,160,21,6,1,60,37.7,1,4,2026-09-20T21:00:00.088997,41.9,37.3,43.5,18.9
res-lib-01,Central Library,LIBRARY,200,8,0,0,49,24.4,0,0,2026-09-21T08:00:00.088997,22.7,21.6,44.7,9.3
res-lib-02,Digital Reading Hall,LIBRARY,120,8,0,0,31,25.5,6,4,2026-09-21T08:00:00.088997,23.0,21.0,28.5,43.0
res-lab-01,Computer Lab 1,COMPUTER_LAB,80,8,0,0,28,35.0,1,6,2026-09-21T08:00:00.088997,43.7,38.7,44.0,26.9
res-lab-02,Computer Lab 2,COMPUTER_LAB,75,8,0,0,18,23.3,4,3,2026-09-21T08:00:00.088997,23.3,26.7,27.3,30.0
res-lab-03,Computer Lab 3,COMPUTER_LAB,60,8,0,0,10,16.7,0,1,2026-09-21T08:00:00.088997,20.1,18.3,20.4,21.3
res-lab-ai,AI & Data Science Lab,RESEARCH_LAB,50,8,0,0,14,28.1,3,3,2026-09-21T08:00:00.088997,21.7,37.0,33.5,61.3
res-lab-res,Advanced Research Lab,RESEARCH_LAB,40,8,0,0,6,15.2,0,0,2026-09-21T08:00:00.088997,18.9,8.5,15.8,32.3
res-sr-01,Study Room A,STUDY_ROOM,24,8,0,0,4,16.2,6,0,2026-09-21T08:00:00.088997,14.6,24.9,38.7,31.2
res-sr-02,Study Room B,STUDY_ROOM,20,8,0,0,4,20.0,7,0,2026-09-21T08:00:00.088997,25.8,15.9,31.9,29.2
res-sr-03,Study Room C,STUDY_ROOM,20,8,0,0,4,20.0,5,3,2026-09-21T08:00:00.088997,23.2,28.0,28.5,29.2
res-can-01,Main Canteen,CANTEEN,250,8,0,0,39,15.8,6,1,2026-09-21T08:00:00.088997,18.7,21.3,9.3,21.7
res-sem-01,Dr. Kalam Seminar Hall,SEMINAR_HALL,180,8,0,0,21,11.4,0,7,2026-09-21T08:00:00.088997,18.1,18.8,24.4,10.4
res-cls-01,Block A Classrooms (301-305),CLASSROOM,150,8,0,0,48,31.7,8,1,2026-09-21T08:00:00.088997,38.0,28.5,28.9,64.5
res-cls-02,Block B Classrooms (201-204),CLASSROOM,120,8,0,0,12,10.0,0,5,2026-09-21T08:00:00.088997,16.9,20.5,12.8,16.5
res-sac-01,Student Activity Center,ACTIVITY_CENTER,160,8,0,0,26,16.2,4,0,2026-09-21T08:00:00.088997,18.9,22.9,35.8,35.3
res-lib-01,Central Library,LIBRARY,200,9,0,0,38,19.0,1,0,2026-09-21T09:00:00.088997,23.2,29.5,27.9,25.8
res-lib-02,Digital Reading Hall,LIBRARY,120,9,0,0,24,20.3,3,0,2026-09-21T09:00:00.088997,17.4,13.0,39.7,36.2
res-lab-01,Computer Lab 1,COMPUTER_LAB,80,9,0,0,29,36.5,8,0,2026-09-21T09:00:00.088997,31.5,43.8,47.1,25.7
res-lab-02,Computer Lab 2,COMPUTER_LAB,75,9,0,0,20,26.4,1,0,2026-09-21T09:00:00.088997,27.1,16.8,29.1,28.0
res-lab-03,Computer Lab 3,COMPUTER_LAB,60,9,0,0,10,17.2,1,3,2026-09-21T09:00:00.088997,9.0,17.2,30.2,23.5
res-lab-ai,AI & Data Science Lab,RESEARCH_LAB,50,9,0,0,17,33.4,0,5,2026-09-21T09:00:00.088997,32.8,34.0,50.3,57.3
res-lab-res,Advanced Research Lab,RESEARCH_LAB,40,9,0,0,10,24.1,9,6,2026-09-21T09:00:00.088997,23.0,30.0,28.9,58.5
res-sr-01,Study Room A,STUDY_ROOM,24,9,0,0,6,24.4,2,5,2026-09-21T09:00:00.088997,21.5,30.9,24.0,14.2
res-sr-02,Study Room B,STUDY_ROOM,20,9,0,0,4,18.1,4,3,2026-09-21T09:00:00.088997,19.4,15.5,15.7,16.5
res-sr-03,Study Room C,STUDY_ROOM,20,9,0,0,3,14.1,4,4,2026-09-21T09:00:00.088997,9.5,14.9,15.6,0.0
res-can-01,Main Canteen,CANTEEN,250,9,0,0,31,12.3,0,0,2026-09-21T09:00:00.088997,19.6,17.8,16.4,29.1
res-sem-01,Dr. Kalam Seminar Hall,SEMINAR_HALL,180,9,0,0,17,9.2,1,2,2026-09-21T09:00:00.088997,10.7,13.7,18.3,10.2
res-cls-01,Block A Classrooms (301-305),CLASSROOM,150,9,0,0,75,49.7,10,10,2026-09-21T09:00:00.088997,58.1,46.8,45.0,45.5
res-cls-02,Block B Classrooms (201-204),CLASSROOM,120,9,0,0,27,22.3,0,0,2026-09-21T09:00:00.088997,30.0,33.2,25.8,27.1
res-sac-01,Student Activity Center,ACTIVITY_CENTER,160,9,0,0,28,17.3,4,0,2026-09-21T09:00:00.088997,18.3,18.9,13.3,24.6
res-lib-01,Central Library,LIBRARY,200,10,0,0,48,23.8,0,4,2026-09-21T10:00:00.088997,27.7,33.0,24.9,10.0
res-lib-02,Digital Reading Hall,LIBRARY,120,10,0,0,40,33.7,2,0,2026-09-21T10:00:00.088997,30.6,37.0,55.9,37.6
res-lab-01,Computer Lab 1,COMPUTER_LAB,80,10,0,0,34,42.4,7,4,2026-09-21T10:00:00.088997,36.0,51.4,69.6,21.2
res-lab-02,Computer Lab 2,COMPUTER_LAB,75,10,0,0,24,31.9,0,2,2026-09-21T10:00:00.088997,37.8,37.5,52.4,51.8
res-lab-03,Computer Lab 3,COMPUTER_LAB,60,10,0,0,13,21.8,6,0,2026-09-21T10:00:00.088997,24.1,21.6,27.7,32.6
res-lab-ai,AI & Data Science Lab,RESEARCH_LAB,50,10,0,0,15,29.7,7,1,2026-09-21T10:00:00.088997,27.9,29.4,43.6,22.8
res-lab-res,Advanced Research Lab,RESEARCH_LAB,40,10,0,0,8,19.2,6,2,2026-09-21T10:00:00.088997,20.9,24.0,17.9,18.9
res-sr-01,Study Room A,STUDY_ROOM,24,10,0,0,5,19.2,3,4,2026-09-21T10:00:00.088997,21.6,32.3,41.7,38.8
res-sr-02,Study Room B,STUDY_ROOM,20,10,0,0,4,19.9,0,0,2026-09-21T10:00:00.088997,24.0,16.9,25.3,39.2
res-sr-03,Study Room C,STUDY_ROOM,20,10,0,0,4,20.7,1,0,2026-09-21T10:00:00.088997,23.9,19.2,27.1,30.6
res-can-01,Main Canteen,CANTEEN,250,10,0,0,82,32.7,4,0,2026-09-21T10:00:00.088997,31.8,33.2,26.1,46.8
res-sem-01,Dr. Kalam Seminar Hall,SEMINAR_HALL,180,10,0,0,56,31.4,6,2,2026-09-21T10:00:00.088997,30.1,40.8,45.1,44.0
res-cls-01,Block A Classrooms (301-305),CLASSROOM,150,10,0,0,111,73.9,8,6,2026-09-21T10:00:00.088997,74.3,69.5,87.8,82.6
res-cls-02,Block B Classrooms (201-204),CLASSROOM,120,10,0,0,54,44.9,10,3,2026-09-21T10:00:00.088997,37.6,52.8,54.4,46.1
res-sac-01,Student Activity Center,ACTIVITY_CENTER,160,10,0,0,27,16.6,4,0,2026-09-21T10:00:00.088997,17.4,30.4,18.1,27.4
res-lib-01,Central Library,LIBRARY,200,11,0,0,29,14.5,0,1,2026-09-21T11:00:00.088997,21.4,11.3,23.2,20.0
res-lib-02,Digital Reading Hall,LIBRARY,120,11,0,0,68,56.7,3,6,2026-09-21T11:00:00.088997,56.1,63.0,65.3,63.7
res-lab-01,Computer Lab 1,COMPUTER_LAB,80,11,0,0,56,69.8,8,6,2026-09-21T11:00:00.088997,70.4,75.3,79.8,67.9
res-lab-02,Computer Lab 2,COMPUTER_LAB,75,11,0,0,42,56.5,3,5,2026-09-21T11:00:00.088997,56.1,66.1,70.5,55.4
res-lab-03,Computer Lab 3,COMPUTER_LAB,60,11,0,0,9,15.0,3,0,2026-09-21T11:00:00.088997,14.1,13.4,30.7,35.8
res-lab-ai,AI & Data Science Lab,RESEARCH_LAB,50,11,0,0,15,29.2,5,0,2026-09-21T11:00:00.088997,36.5,33.2,38.4,35.3
res-lab-res,Advanced Research Lab,RESEARCH_LAB,40,11,0,0,10,25.6,0,6,2026-09-21T11:00:00.088997,29.2,34.3,30.6,19.9
res-sr-01,Study Room A,STUDY_ROOM,24,11,0,0,6,23.7,3,6,2026-09-21T11:00:00.088997,24.9,26.2,44.2,56.7
res-sr-02,Study Room B,STUDY_ROOM,20,11,0,0,3,15.0,0,3,2026-09-21T11:00:00.088997,16.0,23.6,20.7,43.8
res-sr-03,Study Room C,STUDY_ROOM,20,11,0,0,2,12.2,2,0,2026-09-21T11:00:00.088997,13.1,14.7,26.8,33.2
res-can-01,Main Canteen,CANTEEN,250,11,0,0,136,54.2,6,5,2026-09-21T11:00:00.088997,59.8,64.8,38.0,61.0
res-sem-01,Dr. Kalam Seminar Hall,SEMINAR_HALL,180,11,0,0,83,46.1,7,4,2026-09-21T11:00:00.088997,51.0,44.7,56.5,66.9
res-cls-01,Block A Classrooms (301-305),CLASSROOM,150,11,0,0,104,69.1,15,10,2026-09-21T11:00:00.088997,71.1,69.1,75.5,80.1
res-cls-02,Block B Classrooms (201-204),CLASSROOM,120,11,0,0,74,61.8,11,4,2026-09-21T11:00:00.088997,66.1,59.1,66.1,76.4
res-sac-01,Student Activity Center,ACTIVITY_CENTER,160,11,0,0,28,17.8,0,0,2026-09-21T11:00:00.088997,25.6,29.7,27.6,0.9
res-lib-01,Central Library,LIBRARY,200,12,0,0,70,35.0,4,2,2026-09-21T12:00:00.088997,35.0,42.3,46.5,34.5
res-lib-02,Digital Reading Hall,LIBRARY,120,12,0,0,80,66.4,7,12,2026-09-21T12:00:00.088997,69.3,70.3,65.9,60.4
res-lab-01,Computer Lab 1,COMPUTER_LAB,80,12,0,0,71,89.2,13,8,2026-09-21T12:00:00.088997,92.6,100.0,100.0,67.8
res-lab-02,Computer Lab 2,COMPUTER_LAB,75,12,0,0,49,64.9,8,8,2026-09-21T12:00:00.088997,62.5,69.8,70.5,54.1
res-lab-03,Computer Lab 3,COMPUTER_LAB,60,12,0,0,21,35.6,8,4,2026-09-21T12:00:00.088997,34.1,46.1,32.2,39.0
res-lab-ai,AI & Data Science Lab,RESEARCH_LAB,50,12,0,0,28,56.7,10,5,2026-09-21T12:00:00.088997,56.8,62.2,64.0,36.9
res-lab-res,Advanced Research Lab,RESEARCH_LAB,40,12,0,0,7,17.8,1,0,2026-09-21T12:00:00.088997,22.5,22.5,23.0,0.0
res-sr-01,Study Room A,STUDY_ROOM,24,12,0,0,4,15.4,7,0,2026-09-21T12:00:00.088997,19.8,21.3,0.0,24.9
res-sr-02,Study Room B,STUDY_ROOM,20,12,0,0,4,17.7,0,1,2026-09-21T12:00:00.088997,15.1,33.7,17.6,0.0
res-sr-03,Study Room C,STUDY_ROOM,20,12,0,0,5,23.9,3,6,2026-09-21T12:00:00.088997,33.0,26.5,35.3,12.9
res-can-01,Main Canteen,CANTEEN,250,12,0,0,157,62.9,14,10,2026-09-21T12:00:00.088997,65.7,77.4,81.9,51.9
res-sem-01,Dr. Kalam Seminar Hall,SEMINAR_HALL,180,12,0,0,114,63.2,12,3,2026-09-21T12:00:00.088997,71.9,66.8,84.9,51.1
res-cls-01,Block A Classrooms (301-305),CLASSROOM,150,12,0,0,102,68.2,8,5,2026-09-21T12:00:00.088997,69.1,81.5,55.4,41.4
res-cls-02,Block B Classrooms (201-204),CLASSROOM,120,12,0,0,83,69.2,5,11,2026-09-21T12:00:00.088997,76.3,77.8,71.5,73.2
res-sac-01,Student Activity Center,ACTIVITY_CENTER,160,12,0,0,14,8.6,7,0,2026-09-21T12:00:00.088997,9.6,11.1,7.0,19.7
res-lib-01,Central Library,LIBRARY,200,13,0,0,102,50.9,9,1,2026-09-21T13:00:00.088997,53.7,59.1,45.4,25.0
res-lib-02,Digital Reading Hall,LIBRARY,120,13,0,0,104,86.4,10,5,2026-09-21T13:00:00.088997,81.0,95.1,100.0,62.2
res-lab-01,Computer Lab 1,COMPUTER_LAB,80,13,0,0,76,95.0,14,5,2026-09-21T13:00:00.088997,95.1,94.8,95.9,98.9
res-lab-02,Computer Lab 2,COMPUTER_LAB,75,13,0,0,66,87.8,8,7,2026-09-21T13:00:00.088997,87.2,86.9,78.8,82.7
res-lab-03,Computer Lab 3,COMPUTER_LAB,60,13,0,0,35,59.0,7,6,2026-09-21T13:00:00.088997,60.7,56.2,52.4,40.0
res-lab-ai,AI & Data Science Lab,RESEARCH_LAB,50,13,0,0,33,66.6,9,4,2026-09-21T13:00:00.088997,69.5,76.7,50.1,55.7
res-lab-res,Advanced Research Lab,RESEARCH_LAB,40,13,0,0,5,12.8,6,0,2026-09-21T13:00:00.088997,12.7,25.8,2.6,0.0
res-sr-01,Study Room A,STUDY_ROOM,24,13,0,0,8,34.7,6,1,2026-09-21T13:00:00.088997,34.6,37.0,24.8,0.0
res-sr-02,Study Room B,STUDY_ROOM,20,13,0,0,3,14.3,7,0,2026-09-21T13:00:00.088997,13.9,12.2,11.8,16.7
res-sr-03,Study Room C,STUDY_ROOM,20,13,0,0,11,52.6,2,6,2026-09-21T13:00:00.088997,60.3,60.7,48.9,34.9
res-can-01,Main Canteen,CANTEEN,250,13,0,0,190,75.9,12,8,2026-09-21T13:00:00.088997,72.9,78.1,78.8,67.8
res-sem-01,Dr. Kalam Seminar Hall,SEMINAR_HALL,180,13,0,0,127,70.5,6,10,2026-09-21T13:00:00.088997,79.1,83.1,75.5,54.2
res-cls-01,Block A Classrooms (301-305),CLASSROOM,150,13,0,0,75,50.0,5,5,2026-09-21T13:00:00.088997,57.7,62.0,46.9,20.8
res-cls-02,Block B Classrooms (201-204),CLASSROOM,120,13,0,0,78,65.4,8,9,2026-09-21T13:00:00.088997,67.1,81.9,47.6,38.9
res-sac-01,Student Activity Center,ACTIVITY_CENTER,160,13,0,0,20,12.3,0,2,2026-09-21T13:00:00.088997,12.7,8.1,12.4,0.0
res-lib-01,Central Library,LIBRARY,200,14,0,0,125,62.7,2,6,2026-09-21T14:00:00.088997,61.5,69.2,63.0,68.0
res-lib-02,Digital Reading Hall,LIBRARY,120,14,0,0,100,83.3,7,8,2026-09-21T14:00:00.088997,83.7,82.5,71.0,77.1
res-lab-01,Computer Lab 1,COMPUTER_LAB,80,14,0,0,75,93.4,8,5,2026-09-21T14:00:00.088997,91.5,81.3,81.6,92.2
res-lab-02,Computer Lab 2,COMPUTER_LAB,75,14,0,0,62,83.0,8,8,2026-09-21T14:00:00.088997,82.0,75.0,82.1,78.1
res-lab-03,Computer Lab 3,COMPUTER_LAB,60,14,0,0,46,76.4,8,6,2026-09-21T14:00:00.088997,71.7,73.3,65.0,57.6
res-lab-ai,AI & Data Science Lab,RESEARCH_LAB,50,14,0,0,43,85.1,8,9,2026-09-21T14:00:00.088997,77.4,81.9,83.2,66.1
res-lab-res,Advanced Research Lab,RESEARCH_LAB,40,14,0,0,20,50.5,6,0,2026-09-21T14:00:00.088997,47.3,45.8,46.5,35.4
res-sr-01,Study Room A,STUDY_ROOM,24,14,0,0,12,48.8,2,2,2026-09-21T14:00:00.088997,44.6,37.0,34.2,44.8
res-sr-02,Study Room B,STUDY_ROOM,20,14,0,0,7,33.4,6,7,2026-09-21T14:00:00.088997,35.3,33.4,22.4,23.1
res-sr-03,Study Room C,STUDY_ROOM,20,14,0,0,13,63.4,6,6,2026-09-21T14:00:00.088997,64.2,60.9,53.9,52.1
res-can-01,Main Canteen,CANTEEN,250,14,0,0,172,68.6,10,2,2026-09-21T14:00:00.088997,62.3,70.3,60.1,51.5
res-sem-01,Dr. Kalam Seminar Hall,SEMINAR_HALL,180,14,0,0,109,60.8,6,7,2026-09-21T14:00:00.088997,54.4,56.0,55.0,53.6
res-cls-01,Block A Classrooms (301-305),CLASSROOM,150,14,0,0,51,33.7,5,1,2026-09-21T14:00:00.088997,27.9,43.4,23.0,19.5
res-cls-02,Block B Classrooms (201-204),CLASSROOM,120,14,0,0,75,62.8,12,4,2026-09-21T14:00:00.088997,56.8,50.3,69.1,38.3
res-sac-01,Student Activity Center,ACTIVITY_CENTER,160,14,0,0,24,14.9,0,0,2026-09-21T14:00:00.088997,11.7,4.3,0.7,27.0
res-lib-01,Central Library,LIBRARY,200,15,0,0,167,83.6,12,10,2026-09-21T15:00:00.088997,81.2,75.9,77.8,73.6
res-lib-02,Digital Reading Hall,LIBRARY,120,15,0,0,81,67.8,8,4,2026-09-21T15:00:00.088997,65.1,60.8,48.4,27.6
res-lab-01,Computer Lab 1,COMPUTER_LAB,80,15,0,0,65,81.3,15,7,2026-09-21T15:00:00.088997,82.4,63.6,64.2,53.1
res-lab-02,Computer Lab 2,COMPUTER_LAB,75,15,0,0,56,74.3,16,8,2026-09-21T15:00:00.088997,79.0,67.7,78.5,87.1
res-lab-03,Computer Lab 3,COMPUTER_LAB,60,15,0,0,48,79.6,7,4,2026-09-21T15:00:00.088997,76.3,75.1,89.8,52.0
res-lab-ai,AI & Data Science Lab,RESEARCH_LAB,50,15,0,0,48,95.0,5,8,2026-09-21T15:00:00.088997,94.2,93.1,92.3,87.8
res-lab-res,Advanced Research Lab,RESEARCH_LAB,40,15,0,0,26,64.3,7,3,2026-09-21T15:00:00.088997,54.9,56.1,55.1,67.4
res-sr-01,Study Room A,STUDY_ROOM,24,15,0,0,17,69.7,7,8,2026-09-21T15:00:00.088997,66.6,69.5,79.5,84.0
res-sr-02,Study Room B,STUDY_ROOM,20,15,0,0,10,48.3,6,9,2026-09-21T15:00:00.088997,45.7,47.3,30.1,32.5
res-sr-03,Study Room C,STUDY_ROOM,20,15,0,0,16,81.8,7,7,2026-09-21T15:00:00.088997,73.5,88.8,85.1,72.0
res-can-01,Main Canteen,CANTEEN,250,15,0,0,135,54.0,7,9,2026-09-21T15:00:00.088997,50.0,53.4,55.7,56.6
res-sem-01,Dr. Kalam Seminar Hall,SEMINAR_HALL,180,15,0,0,68,38.0,2,0,2026-09-21T15:00:00.088997,36.6,20.9,11.6,52.0
res-cls-01,Block A Classrooms (301-305),CLASSROOM,150,15,0,0,19,12.5,1,2,2026-09-21T15:00:00.088997,11.1,13.5,0.0,2.7
res-cls-02,Block B Classrooms (201-204),CLASSROOM,120,15,0,0,53,43.8,2,8,2026-09-21T15:00:00.088997,40.0,44.9,36.8,51.4
res-sac-01,Student Activity Center,ACTIVITY_CENTER,160,15,0,0,54,33.6,0,0,2026-09-21T15:00:00.088997,32.1,37.9,40.0,0.0
res-lib-01,Central Library,LIBRARY,200,16,0,0,182,91.0,1,11,2026-09-21T16:00:00.088997,93.5,85.8,83.8,79.9
res-lib-02,Digital Reading Hall,LIBRARY,120,16,0,0,60,49.7,7,4,2026-09-21T16:00:00.088997,51.5,44.1,34.0,19.3
res-lab-01,Computer Lab 1,COMPUTER_LAB,80,16,0,0,48,60.4,11,4,2026-09-21T16:00:00.088997,59.8,66.1,47.4,40.9
res-lab-02,Computer Lab 2,COMPUTER_LAB,75,16,0,0,43,57.4,6,11,2026-09-21T16:00:00.088997,61.6,56.1,62.4,43.2
res-lab-03,Computer Lab 3,COMPUTER_LAB,60,16,0,0,44,73.1,7,3,2026-09-21T16:00:00.088997,75.9,71.3,65.2,61.0
res-lab-ai,AI & Data Science Lab,RESEARCH_LAB,50,16,0,0,40,80.9,6,9,2026-09-21T16:00:00.088997,76.7,74.5,71.9,60.7
res-lab-res,Advanced Research Lab,RESEARCH_LAB,40,16,0,0,29,73.0,3,6,2026-09-21T16:00:00.088997,73.5,58.1,64.8,64.4
res-sr-01,Study Room A,STUDY_ROOM,24,16,0,0,19,78.2,13,6,2026-09-21T16:00:00.088997,75.8,72.2,54.2,78.3
res-sr-02,Study Room B,STUDY_ROOM,20,16,0,0,12,61.3,6,7,2026-09-21T16:00:00.088997,65.1,49.8,49.2,65.8
res-sr-03,Study Room C,STUDY_ROOM,20,16,0,0,16,79.0,11,4,2026-09-21T16:00:00.088997,75.5,73.0,63.3,46.9
res-can-01,Main Canteen,CANTEEN,250,16,0,0,77,30.7,7,3,2026-09-21T16:00:00.088997,34.2,26.8,15.9,34.1
res-sem-01,Dr. Kalam Seminar Hall,SEMINAR_HALL,180,16,0,0,52,28.6,6,0,2026-09-21T16:00:00.088997,30.8,30.0,23.2,6.9
res-cls-01,Block A Classrooms (301-305),CLASSROOM,150,16,0,0,15,9.8,3,1,2026-09-21T16:00:00.088997,10.2,10.9,0.0,0.0
res-cls-02,Block B Classrooms (201-204),CLASSROOM,120,16,0,0,26,21.6,1,4,2026-09-21T16:00:00.088997,15.4,22.8,25.8,9.7
res-sac-01,Student Activity Center,ACTIVITY_CENTER,160,16,0,0,92,57.3,4,4,2026-09-21T16:00:00.088997,53.6,60.9,48.6,29.4
res-lib-01,Central Library,LIBRARY,200,17,0,0,166,82.9,12,8,2026-09-21T17:00:00.088997,86.8,82.6,65.5,64.3
res-lib-02,Digital Reading Hall,LIBRARY,120,17,0,0,39,32.7,0,4,2026-09-21T17:00:00.088997,23.7,33.8,32.9,26.8
res-lab-01,Computer Lab 1,COMPUTER_LAB,80,17,0,0,35,44.1,5,2,2026-09-21T17:00:00.088997,38.0,37.1,42.4,32.6
res-lab-02,Computer Lab 2,COMPUTER_LAB,75,17,0,0,32,42.6,7,6,2026-09-21T17:00:00.088997,34.2,35.9,25.0,28.4
res-lab-03,Computer Lab 3,COMPUTER_LAB,60,17,0,0,33,54.2,5,8,2026-09-21T17:00:00.088997,54.1,55.3,31.8,42.9
res-lab-ai,AI & Data Science Lab,RESEARCH_LAB,50,17,0,0,38,75.9,13,2,2026-09-21T17:00:00.088997,72.5,77.1,66.2,53.0
res-lab-res,Advanced Research Lab,RESEARCH_LAB,40,17,0,0,32,78.8,6,2,2026-09-21T17:00:00.088997,77.0,79.2,59.5,69.9
res-sr-01,Study Room A,STUDY_ROOM,24,17,0,0,21,85.5,10,3,2026-09-21T17:00:00.088997,85.1,80.2,76.1,66.9
res-sr-02,Study Room B,STUDY_ROOM,20,17,0,0,15,77.5,10,14,2026-09-21T17:00:00.088997,75.9,81.5,72.7,64.3
res-sr-03,Study Room C,STUDY_ROOM,20,17,0,0,13,65.7,4,7,2026-09-21T17:00:00.088997,55.7,55.5,58.7,68.0
res-can-01,Main Canteen,CANTEEN,250,17,0,0,39,15.7,1,2,2026-09-21T17:00:00.088997,17.7,2.7,11.4,0.0
res-sem-01,Dr. Kalam Seminar Hall,SEMINAR_HALL,180,17,0,0,9,5.0,0,1,2026-09-21T17:00:00.088997,5.2,5.3,0.1,0.0
res-cls-01,Block A Classrooms (301-305),CLASSROOM,150,17,0,0,26,17.4,0,6,2026-09-21T17:00:00.088997,14.3,15.8,6.5,0.0
res-cls-02,Block B Classrooms (201-204),CLASSROOM,120,17,0,0,14,11.9,4,2,2026-09-21T17:00:00.088997,7.8,28.6,14.7,11.1
res-sac-01,Student Activity Center,ACTIVITY_CENTER,160,17,0,0,113,70.5,6,6,2026-09-21T17:00:00.088997,72.8,59.5,52.8,64.9
res-lib-01,Central Library,LIBRARY,200,18,0,0,137,68.3,5,3,2026-09-21T18:00:00.088997,72.0,65.4,48.0,40.8
res-lib-02,Digital Reading Hall,LIBRARY,120,18,0,0,22,18.6,4,3,2026-09-21T18:00:00.088997,21.1,4.6,12.6,23.7
res-lab-01,Computer Lab 1,COMPUTER_LAB,80,18,0,0,32,40.3,5,11,2026-09-21T18:00:00.088997,40.8,41.6,32.7,19.0
res-lab-02,Computer Lab 2,COMPUTER_LAB,75,18,0,0,16,21.5,3,1,2026-09-21T18:00:00.088997,12.4,10.3,10.6,18.2
res-lab-03,Computer Lab 3,COMPUTER_LAB,60,18,0,0,23,37.7,4,0,2026-09-21T18:00:00.088997,35.8,40.6,31.1,7.6
res-lab-ai,AI & Data Science Lab,RESEARCH_LAB,50,18,0,0,24,47.8,7,4,2026-09-21T18:00:00.088997,45.5,39.1,44.3,32.2
res-lab-res,Advanced Research Lab,RESEARCH_LAB,40,18,0,0,30,76.1,6,10,2026-09-21T18:00:00.088997,73.2,74.8,57.4,84.9
res-sr-01,Study Room A,STUDY_ROOM,24,18,0,0,18,75.2,3,5,2026-09-21T18:00:00.088997,75.1,62.3,66.0,68.3
res-sr-02,Study Room B,STUDY_ROOM,20,18,0,0,15,76.4,10,5,2026-09-21T18:00:00.088997,65.4,77.3,77.2,94.4
res-sr-03,Study Room C,STUDY_ROOM,20,18,0,0,8,39.1,6,0,2026-09-21T18:00:00.088997,44.1,37.0,22.5,36.4
res-can-01,Main Canteen,CANTEEN,250,18,0,0,19,7.8,1,1,2026-09-21T18:00:00.088997,12.8,13.7,0.0,8.5
res-sem-01,Dr. Kalam Seminar Hall,SEMINAR_HALL,180,18,0,0,12,6.4,0,0,2026-09-21T18:00:00.088997,13.8,3.6,7.4,0.0
res-cls-01,Block A Classrooms (301-305),CLASSROOM,150,18,0,0,12,7.8,1,0,2026-09-21T18:00:00.088997,0.0,0.0,6.2,0.0
res-cls-02,Block B Classrooms (201-204),CLASSROOM,120,18,0,0,12,10.1,1,1,2026-09-21T18:00:00.088997,12.7,0.0,7.2,7.2
res-sac-01,Student Activity Center,ACTIVITY_CENTER,160,18,0,0,134,83.9,5,9,2026-09-21T18:00:00.088997,88.8,78.3,80.3,81.3
res-lib-01,Central Library,LIBRARY,200,19,0,0,87,43.7,10,5,2026-09-21T19:00:00.088997,43.8,28.7,42.8,37.8
res-lib-02,Digital Reading Hall,LIBRARY,120,19,0,0,32,26.5,2,0,2026-09-21T19:00:00.088997,21.8,18.5,8.4,30.0
res-lab-01,Computer Lab 1,COMPUTER_LAB,80,19,0,0,32,40.3,4,2,2026-09-21T19:00:00.088997,31.0,39.5,47.2,20.7
res-lab-02,Computer Lab 2,COMPUTER_LAB,75,19,0,0,18,24.5,4,7,2026-09-21T19:00:00.088997,23.3,20.7,18.1,0.0
res-lab-03,Computer Lab 3,COMPUTER_LAB,60,19,0,0,6,9.2,0,3,2026-09-21T19:00:00.088997,5.9,1.0,0.0,0.0
res-lab-ai,AI & Data Science Lab,RESEARCH_LAB,50,19,0,0,18,36.8,3,1,2026-09-21T19:00:00.088997,34.9,42.3,24.3,10.6
res-lab-res,Advanced Research Lab,RESEARCH_LAB,40,19,0,0,24,60.0,7,8,2026-09-21T19:00:00.088997,62.0,48.7,43.5,44.1
res-sr-01,Study Room A,STUDY_ROOM,24,19,0,0,13,55.6,2,3,2026-09-21T19:00:00.088997,51.3,56.3,52.4,54.5
res-sr-02,Study Room B,STUDY_ROOM,20,19,0,0,14,70.4,7,3,2026-09-21T19:00:00.088997,63.7,54.4,58.3,53.8
res-sr-03,Study Room C,STUDY_ROOM,20,19,0,0,6,29.9,3,1,2026-09-21T19:00:00.088997,27.5,18.7,31.2,8.5
res-can-01,Main Canteen,CANTEEN,250,19,0,0,14,5.4,3,2,2026-09-21T19:00:00.088997,0.0,5.6,0.0,0.0
res-sem-01,Dr. Kalam Seminar Hall,SEMINAR_HALL,180,19,0,0,10,5.7,2,1,2026-09-21T19:00:00.088997,3.5,0.0,1.5,0.0
res-cls-01,Block A Classrooms (301-305),CLASSROOM,150,19,0,0,26,17.2,3,0,2026-09-21T19:00:00.088997,13.3,12.5,20.9,22.2
res-cls-02,Block B Classrooms (201-204),CLASSROOM,120,19,0,0,10,8.4,0,0,2026-09-21T19:00:00.088997,7.4,17.2,5.3,0.0
res-sac-01,Student Activity Center,ACTIVITY_CENTER,160,19,0,0,110,69.0,6,4,2026-09-21T19:00:00.088997,65.4,66.2,67.1,70.1
res-lib-01,Central Library,LIBRARY,200,20,0,0,54,27.1,0,0,2026-09-21T20:00:00.088997,24.5,23.0,26.8,15.6
res-lib-02,Digital Reading Hall,LIBRARY,120,20,0,0,24,20.2,3,1,2026-09-21T20:00:00.088997,18.6,22.0,11.4,7.8
res-lab-01,Computer Lab 1,COMPUTER_LAB,80,20,0,0,28,34.9,8,0,2026-09-21T20:00:00.088997,40.0,22.8,21.0,31.8
res-lab-02,Computer Lab 2,COMPUTER_LAB,75,20,0,0,22,29.1,0,0,2026-09-21T20:00:00.088997,28.2,38.2,32.3,14.1
res-lab-03,Computer Lab 3,COMPUTER_LAB,60,20,0,0,3,5.3,0,1,2026-09-21T20:00:00.088997,1.8,0.0,0.0,0.0
res-lab-ai,AI & Data Science Lab,RESEARCH_LAB,50,20,0,0,19,37.5,9,5,2026-09-21T20:00:00.088997,35.8,28.5,29.3,45.2
res-lab-res,Advanced Research Lab,RESEARCH_LAB,40,20,0,0,19,46.3,6,7,2026-09-21T20:00:00.088997,46.4,43.6,47.1,40.5
res-sr-01,Study Room A,STUDY_ROOM,24,20,0,0,8,35.2,4,2,2026-09-21T20:00:00.088997,31.0,26.2,12.8,12.3
res-sr-02,Study Room B,STUDY_ROOM,20,20,0,0,9,44.1,3,9,2026-09-21T20:00:00.088997,41.5,40.6,38.6,51.2
res-sr-03,Study Room C,STUDY_ROOM,20,20,0,0,3,12.7,0,0,2026-09-21T20:00:00.088997,15.2,15.8,9.0,15.5
res-can-01,Main Canteen,CANTEEN,250,20,0,0,27,10.7,0,4,2026-09-21T20:00:00.088997,10.7,1.3,11.7,0.0
res-sem-01,Dr. Kalam Seminar Hall,SEMINAR_HALL,180,20,0,0,9,5.0,3,0,2026-09-21T20:00:00.088997,4.6,4.0,0.0,0.0
res-cls-01,Block A Classrooms (301-305),CLASSROOM,150,20,0,0,23,15.4,0,2,2026-09-21T20:00:00.088997,10.1,16.5,16.5,0.0
res-cls-02,Block B Classrooms (201-204),CLASSROOM,120,20,0,0,23,18.8,5,4,2026-09-21T20:00:00.088997,19.4,19.7,1.9,9.2
res-sac-01,Student Activity Center,ACTIVITY_CENTER,160,20,0,0,94,58.6,5,7,2026-09-21T20:00:00.088997,61.5,51.0,50.1,36.7
res-lib-01,Central Library,LIBRARY,200,21,0,0,36,17.9,4,1,2026-09-21T21:00:00.088997,16.0,6.9,8.2,19.0
res-lib-02,Digital Reading Hall,LIBRARY,120,21,0,0,24,20.0,2,2,2026-09-21T21:00:00.088997,13.1,18.8,0.7,0.0
res-lab-01,Computer Lab 1,COMPUTER_LAB,80,21,0,0,25,30.8,3,2,2026-09-21T21:00:00.088997,28.8,20.4,31.9,28.8
res-lab-02,Computer Lab 2,COMPUTER_LAB,75,21,0,0,18,24.3,1,0,2026-09-21T21:00:00.088997,21.1,10.9,7.7,22.6
res-lab-03,Computer Lab 3,COMPUTER_LAB,60,21,0,0,10,16.2,6,0,2026-09-21T21:00:00.088997,12.8,8.8,5.3,0.0
res-lab-ai,AI & Data Science Lab,RESEARCH_LAB,50,21,0,0,16,31.1,3,1,2026-09-21T21:00:00.088997,34.1,37.5,33.6,25.8
res-lab-res,Advanced Research Lab,RESEARCH_LAB,40,21,0,0,9,23.0,8,4,2026-09-21T21:00:00.088997,18.7,20.4,20.7,0.0
res-sr-01,Study Room A,STUDY_ROOM,24,21,0,0,5,18.9,5,0,2026-09-21T21:00:00.088997,11.9,12.8,14.0,0.0
res-sr-02,Study Room B,STUDY_ROOM,20,21,0,0,5,26.3,6,2,2026-09-21T21:00:00.088997,28.0,17.7,11.0,24.5
res-sr-03,Study Room C,STUDY_ROOM,20,21,0,0,3,16.5,0,0,2026-09-21T21:00:00.088997,20.7,5.9,16.9,0.0
res-can-01,Main Canteen,CANTEEN,250,21,0,0,25,10.0,2,0,2026-09-21T21:00:00.088997,2.1,5.5,0.0,9.9
res-sem-01,Dr. Kalam Seminar Hall,SEMINAR_HALL,180,21,0,0,9,5.0,2,0,2026-09-21T21:00:00.088997,1.6,0.0,14.1,0.0
res-cls-01,Block A Classrooms (301-305),CLASSROOM,150,21,0,0,14,9.5,0,5,2026-09-21T21:00:00.088997,9.1,5.3,14.8,0.0
res-cls-02,Block B Classrooms (201-204),CLASSROOM,120,21,0,0,13,10.9,1,2,2026-09-21T21:00:00.088997,6.9,4.6,10.2,2.2
res-sac-01,Student Activity Center,ACTIVITY_CENTER,160,21,0,0,60,37.3,0,8,2026-09-21T21:00:00.088997,32.7,38.2,30.9,9.8
res-lib-01,Central Library,LIBRARY,200,8,1,0,60,30.0,4,7,2026-09-22T08:00:00.088997,31.3,39.2,22.1,34.0
res-lib-02,Digital Reading Hall,LIBRARY,120,8,1,0,18,14.9,0,2,2026-09-22T08:00:00.088997,14.5,25.1,15.2,35.5
res-lab-01,Computer Lab 1,COMPUTER_LAB,80,8,1,0,32,40.2,7,2,2026-09-22T08:00:00.088997,33.7,48.7,47.1,38.5
res-lab-02,Computer Lab 2,COMPUTER_LAB,75,8,1,0,17,22.8,7,0,2026-09-22T08:00:00.088997,26.6,29.1,27.6,40.5
res-lab-03,Computer Lab 3,COMPUTER_LAB,60,8,1,0,13,21.5,1,1,2026-09-22T08:00:00.088997,26.0,32.0,28.4,27.9
res-lab-ai,AI & Data Science Lab,RESEARCH_LAB,50,8,1,0,11,21.1,0,0,2026-09-22T08:00:00.088997,25.9,24.7,26.6,31.0
res-lab-res,Advanced Research Lab,RESEARCH_LAB,40,8,1,0,7,16.5,6,5,2026-09-22T08:00:00.088997,25.0,25.6,24.3,45.9
res-sr-01,Study Room A,STUDY_ROOM,24,8,1,0,4,17.3,0,0,2026-09-22T08:00:00.088997,21.4,17.7,23.9,8.1
res-sr-02,Study Room B,STUDY_ROOM,20,8,1,0,3,16.9,0,0,2026-09-22T08:00:00.088997,23.8,29.0,28.3,30.2
res-sr-03,Study Room C,STUDY_ROOM,20,8,1,0,3,12.9,0,0,2026-09-22T08:00:00.088997,8.8,19.4,21.3,11.7
res-can-01,Main Canteen,CANTEEN,250,8,1,0,41,16.3,3,3,2026-09-22T08:00:00.088997,16.3,21.3,29.9,28.1
res-sem-01,Dr. Kalam Seminar Hall,SEMINAR_HALL,180,8,1,0,21,11.4,0,0,2026-09-22T08:00:00.088997,15.9,8.8,27.7,5.8
res-cls-01,Block A Classrooms (301-305),CLASSROOM,150,8,1,0,53,35.3,2,4,2026-09-22T08:00:00.088997,41.0,41.3,32.5,34.6
res-cls-02,Block B Classrooms (201-204),CLASSROOM,120,8,1,0,9,7.1,0,4,2026-09-22T08:00:00.088997,9.5,5.3,28.2,8.7
res-sac-01,Student Activity Center,ACTIVITY_CENTER,160,8,1,0,26,16.0,0,0,2026-09-22T08:00:00.088997,12.5,18.3,32.1,30.2
res-lib-01,Central Library,LIBRARY,200,9,1,0,51,25.6,0,6,2026-09-22T09:00:00.088997,28.5,29.8,43.8,50.5
res-lib-02,Digital Reading Hall,LIBRARY,120,9,1,0,30,24.6,2,0,2026-09-22T09:00:00.088997,30.6,21.4,50.1,35.0
res-lab-01,Computer Lab 1,COMPUTER_LAB,80,9,1,0,25,30.8,0,0,2026-09-22T09:00:00.088997,33.3,35.7,27.6,36.5
res-lab-02,Computer Lab 2,COMPUTER_LAB,75,9,1,0,15,19.5,4,1,2026-09-22T09:00:00.088997,20.0,16.8,24.8,24.6
res-lab-03,Computer Lab 3,COMPUTER_LAB,60,9,1,0,10,16.3,2,4,2026-09-22T09:00:00.088997,16.3,10.1,33.2,15.0
res-lab-ai,AI & Data Science Lab,RESEARCH_LAB,50,9,1,0,13,25.6,2,3,2026-09-22T09:00:00.088997,25.4,27.3,30.1,52.6
res-lab-res,Advanced Research Lab,RESEARCH_LAB,40,9,1,0,8,20.0,0,0,2026-09-22T09:00:00.088997,21.0,26.4,32.3,31.5
res-sr-01,Study Room A,STUDY_ROOM,24,9,1,0,4,16.6,0,3,2026-09-22T09:00:00.088997,14.0,18.8,30.0,37.1
res-sr-02,Study Room B,STUDY_ROOM,20,9,1,0,3,14.2,0,0,2026-09-22T09:00:00.088997,18.3,27.1,45.3,28.9
res-sr-03,Study Room C,STUDY_ROOM,20,9,1,0,3,14.8,0,0,2026-09-22T09:00:00.088997,17.5,33.9,34.2,38.2
res-can-01,Main Canteen,CANTEEN,250,9,1,0,27,11.0,2,0,2026-09-22T09:00:00.088997,16.0,12.5,12.7,17.1
res-sem-01,Dr. Kalam Seminar Hall,SEMINAR_HALL,180,9,1,0,9,5.0,0,0,2026-09-22T09:00:00.088997,4.8,10.6,0.0,12.4
res-cls-01,Block A Classrooms (301-305),CLASSROOM,150,9,1,0,71,47.6,3,5,2026-09-22T09:00:00.088997,43.2,47.7,60.8,40.7
res-cls-02,Block B Classrooms (201-204),CLASSROOM,120,9,1,0,35,28.9,7,1,2026-09-22T09:00:00.088997,27.8,35.1,23.9,14.9
res-sac-01,Student Activity Center,ACTIVITY_CENTER,160,9,1,0,21,13.2,1,1,2026-09-22T09:00:00.088997,12.7,25.8,7.7,9.5
res-lib-01,Central Library,LIBRARY,200,10,1,0,54,26.9,0,0,2026-09-22T10:00:00.088997,29.4,25.6,33.7,28.5
res-lib-02,Digital Reading Hall,LIBRARY,120,10,1,0,34,28.4,0,3,2026-09-22T10:00:00.088997,25.4,32.3,31.7,35.9
res-lab-01,Computer Lab 1,COMPUTER_LAB,80,10,1,0,37,46.2,6,2,2026-09-22T10:00:00.088997,53.2,40.1,52.2,66.2
res-lab-02,Computer Lab 2,COMPUTER_LAB,75,10,1,0,29,38.7,1,1,2026-09-22T10:00:00.088997,36.7,47.3,40.0,51.8
res-lab-03,Computer Lab 3,COMPUTER_LAB,60,10,1,0,10,16.1,9,2,2026-09-22T10:00:00.088997,14.8,12.3,21.6,24.6
res-lab-ai,AI & Data Science Lab,RESEARCH_LAB,50,10,1,0,11,21.2,0,3,2026-09-22T10:00:00.088997,21.0,32.0,15.1,39.3
res-lab-res,Advanced Research Lab,RESEARCH_LAB,40,10,1,0,9,23.7,5,0,2026-09-22T10:00:00.088997,26.9,24.6,19.0,28.7
res-sr-01,Study Room A,STUDY_ROOM,24,10,1,0,4,16.4,4,3,2026-09-22T10:00:00.088997,13.8,17.0,21.0,25.5
res-sr-02,Study Room B,STUDY_ROOM,20,10,1,0,4,19.0,4,2,2026-09-22T10:00:00.088997,20.0,13.4,38.7,23.7
res-sr-03,Study Room C,STUDY_ROOM,20,10,1,0,4,21.2,3,8,2026-09-22T10:00:00.088997,25.6,17.6,23.7,29.2
res-can-01,Main Canteen,CANTEEN,250,10,1,0,73,29.3,2,0,2026-09-22T10:00:00.088997,31.3,35.7,28.2,62.6
res-sem-01,Dr. Kalam Seminar Hall,SEMINAR_HALL,180,10,1,0,50,28.0,0,0,2026-09-22T10:00:00.088997,30.3,31.5,43.1,36.3
res-cls-01,Block A Classrooms (301-305),CLASSROOM,150,10,1,0,93,62.1,12,7,2026-09-22T10:00:00.088997,63.1,68.1,74.4,55.0
res-cls-02,Block B Classrooms (201-204),CLASSROOM,120,10,1,0,52,43.5,3,5,2026-09-22T10:00:00.088997,42.6,44.9,66.5,68.3
res-sac-01,Student Activity Center,ACTIVITY_CENTER,160,10,1,0,8,5.0,4,0,2026-09-22T10:00:00.088997,4.2,4.0,4.5,6.8
res-lib-01,Central Library,LIBRARY,200,11,1,0,41,20.5,0,0,2026-09-22T11:00:00.088997,23.8,25.8,33.5,29.7
res-lib-02,Digital Reading Hall,LIBRARY,120,11,1,0,57,47.7,7,1,2026-09-22T11:00:00.088997,52.2,45.7,49.5,53.3
res-lab-01,Computer Lab 1,COMPUTER_LAB,80,11,1,0,56,70.6,8,7,2026-09-22T11:00:00.088997,80.1,64.6,69.2,67.6
res-lab-02,Computer Lab 2,COMPUTER_LAB,75,11,1,0,38,50.8,3,7,2026-09-22T11:00:00.088997,50.4,53.8,43.3,51.2
res-lab-03,Computer Lab 3,COMPUTER_LAB,60,11,1,0,8,13.2,3,0,2026-09-22T11:00:00.088997,13.3,24.7,17.1,0.0
res-lab-ai,AI & Data Science Lab,RESEARCH_LAB,50,11,1,0,18,35.1,6,6,2026-09-22T11:00:00.088997,30.1,49.2,36.2,39.0
res-lab-res,Advanced Research Lab,RESEARCH_LAB,40,11,1,0,7,17.2,4,1,2026-09-22T11:00:00.088997,21.1,22.6,24.3,15.8
res-sr-01,Study Room A,STUDY_ROOM,24,11,1,0,7,27.2,0,3,2026-09-22T11:00:00.088997,30.8,39.2,47.7,35.6
res-sr-02,Study Room B,STUDY_ROOM,20,11,1,0,3,17.1,7,1,2026-09-22T11:00:00.088997,14.9,19.8,13.4,31.6
res-sr-03,Study Room C,STUDY_ROOM,20,11,1,0,4,19.3,1,0,2026-09-22T11:00:00.088997,25.3,13.6,13.3,27.1
res-can-01,Main Canteen,CANTEEN,250,11,1,0,133,53.0,7,5,2026-09-22T11:00:00.088997,62.1,58.4,70.3,72.5
res-sem-01,Dr. Kalam Seminar Hall,SEMINAR_HALL,180,11,1,0,75,41.8,4,10,2026-09-22T11:00:00.088997,41.8,42.8,51.4,46.2
res-cls-01,Block A Classrooms (301-305),CLASSROOM,150,11,1,0,108,71.8,7,11,2026-09-22T11:00:00.088997,73.3,68.9,66.2,100.0
res-cls-02,Block B Classrooms (201-204),CLASSROOM,120,11,1,0,71,59.2,8,3,2026-09-22T11:00:00.088997,62.5,72.9,61.3,74.7
res-sac-01,Student Activity Center,ACTIVITY_CENTER,160,11,1,0,15,9.4,7,1,2026-09-22T11:00:00.088997,9.7,12.6,12.8,13.9
res-lib-01,Central Library,LIBRARY,200,12,1,0,30,15.2,1,1,2026-09-22T12:00:00.088997,19.2,17.1,16.3,3.1
res-lib-02,Digital Reading Hall,LIBRARY,120,12,1,0,76,63.6,8,0,2026-09-22T12:00:00.088997,70.1,72.7,63.3,59.6
res-lab-01,Computer Lab 1,COMPUTER_LAB,80,12,1,0,68,85.5,7,2,2026-09-22T12:00:00.088997,88.8,85.8,100.0,73.7
res-lab-02,Computer Lab 2,COMPUTER_LAB,75,12,1,0,54,72.3,14,8,2026-09-22T12:00:00.088997,59.7,74.4,67.8,50.7
res-lab-03,Computer Lab 3,COMPUTER_LAB,60,12,1,0,22,37.2,5,4,2026-09-22T12:00:00.088997,43.5,46.0,50.4,27.6
res-lab-ai,AI & Data Science Lab,RESEARCH_LAB,50,12,1,0,29,57.9,6,4,2026-09-22T12:00:00.088997,52.3,69.3,65.2,81.1
res-lab-res,Advanced Research Lab,RESEARCH_LAB,40,12,1,0,7,18.4,2,3,2026-09-22T12:00:00.088997,16.0,25.5,26.7,2.7
res-sr-01,Study Room A,STUDY_ROOM,24,12,1,0,6,24.7,0,3,2026-09-22T12:00:00.088997,32.5,25.5,30.0,40.8
res-sr-02,Study Room B,STUDY_ROOM,20,12,1,0,3,16.9,0,4,2026-09-22T12:00:00.088997,16.6,12.5,37.2,0.0
res-sr-03,Study Room C,STUDY_ROOM,20,12,1,0,7,36.6,2,10,2026-09-22T12:00:00.088997,33.1,47.8,49.1,34.7
res-can-01,Main Canteen,CANTEEN,250,12,1,0,177,70.7,6,3,2026-09-22T12:00:00.088997,72.5,77.1,74.5,62.1
res-sem-01,Dr. Kalam Seminar Hall,SEMINAR_HALL,180,12,1,0,114,63.2,4,7,2026-09-22T12:00:00.088997,64.1,64.0,78.3,41.9
res-cls-01,Block A Classrooms (301-305),CLASSROOM,150,12,1,0,98,65.0,8,10,2026-09-22T12:00:00.088997,67.8,73.2,70.4,52.1
res-cls-02,Block B Classrooms (201-204),CLASSROOM,120,12,1,0,86,71.9,9,6,2026-09-22T12:00:00.088997,79.3,74.7,64.6,92.8
res-sac-01,Student Activity Center,ACTIVITY_CENTER,160,12,1,0,22,13.7,5,5,2026-09-22T12:00:00.088997,19.5,17.5,24.3,0.0
res-lib-01,Central Library,LIBRARY,200,13,1,0,111,55.7,4,4,2026-09-22T13:00:00.088997,58.1,60.1,41.8,60.5
res-lib-02,Digital Reading Hall,LIBRARY,120,13,1,0,103,85.9,11,7,2026-09-22T13:00:00.088997,92.2,88.1,92.1,75.3
res-lab-01,Computer Lab 1,COMPUTER_LAB,80,13,1,0,76,95.0,11,9,2026-09-22T13:00:00.088997,100.0,100.0,100.0,93.5
res-lab-02,Computer Lab 2,COMPUTER_LAB,75,13,1,0,67,89.5,9,9,2026-09-22T13:00:00.088997,87.8,96.7,85.4,54.0
res-lab-03,Computer Lab 3,COMPUTER_LAB,60,13,1,0,34,57.2,8,5,2026-09-22T13:00:00.088997,60.6,54.1,42.2,57.6
res-lab-ai,AI & Data Science Lab,RESEARCH_LAB,50,13,1,0,36,72.0,9,5,2026-09-22T13:00:00.088997,74.1,63.2,71.6,81.7
res-lab-res,Advanced Research Lab,RESEARCH_LAB,40,13,1,0,6,15.7,0,2,2026-09-22T13:00:00.088997,23.6,20.7,0.0,1.2
res-sr-01,Study Room A,STUDY_ROOM,24,13,1,0,7,27.7,1,1,2026-09-22T13:00:00.088997,26.0,28.0,20.3,18.3
res-sr-02,Study Room B,STUDY_ROOM,20,13,1,0,2,9.3,2,0,2026-09-22T13:00:00.088997,14.2,19.0,0.0,4.7
res-sr-03,Study Room C,STUDY_ROOM,20,13,1,0,9,44.5,9,2,2026-09-22T13:00:00.088997,47.9,48.4,27.4,43.3
res-can-01,Main Canteen,CANTEEN,250,13,1,0,181,72.5,3,0,2026-09-22T13:00:00.088997,71.0,85.8,75.9,51.9
res-sem-01,Dr. Kalam Seminar Hall,SEMINAR_HALL,180,13,1,0,123,68.5,6,2,2026-09-22T13:00:00.088997,66.7,79.4,65.0,59.8
res-cls-01,Block A Classrooms (301-305),CLASSROOM,150,13,1,0,70,46.7,5,0,2026-09-22T13:00:00.088997,52.0,53.2,26.6,54.1
res-cls-02,Block B Classrooms (201-204),CLASSROOM,120,13,1,0,78,64.9,9,8,2026-09-22T13:00:00.088997,62.0,69.7,42.2,18.8
res-sac-01,Student Activity Center,ACTIVITY_CENTER,160,13,1,0,17,10.7,0,3,2026-09-22T13:00:00.088997,13.0,16.3,0.0,0.0
res-lib-01,Central Library,LIBRARY,200,14,1,0,127,63.3,3,4,2026-09-22T14:00:00.088997,61.6,54.9,52.4,59.6
res-lib-02,Digital Reading Hall,LIBRARY,120,14,1,0,96,80.1,5,9,2026-09-22T14:00:00.088997,79.2,77.1,77.8,73.6
res-lab-01,Computer Lab 1,COMPUTER_LAB,80,14,1,0,76,95.0,18,5,2026-09-22T14:00:00.088997,90.7,95.8,88.3,92.1
res-lab-02,Computer Lab 2,COMPUTER_LAB,75,14,1,0,66,87.8,14,5,2026-09-22T14:00:00.088997,91.2,89.8,68.9,83.4
res-lab-03,Computer Lab 3,COMPUTER_LAB,60,14,1,0,43,71.7,6,1,2026-09-22T14:00:00.088997,65.7,71.0,71.0,57.2
res-lab-ai,AI & Data Science Lab,RESEARCH_LAB,50,14,1,0,45,90.1,13,9,2026-09-22T14:00:00.088997,85.3,87.8,86.5,86.2
res-lab-res,Advanced Research Lab,RESEARCH_LAB,40,14,1,0,18,46.2,1,3,2026-09-22T14:00:00.088997,36.6,45.7,36.3,39.4
res-sr-01,Study Room A,STUDY_ROOM,24,14,1,0,11,47.0,9,1,2026-09-22T14:00:00.088997,48.1,42.7,37.3,31.7
res-sr-02,Study Room B,STUDY_ROOM,20,14,1,0,5,24.2,6,2,2026-09-22T14:00:00.088997,17.2,16.9,17.4,23.0
res-sr-03,Study Room C,STUDY_ROOM,20,14,1,0,13,62.7,5,6,2026-09-22T14:00:00.088997,64.1,49.4,59.2,45.1
res-can-01,Main Canteen,CANTEEN,250,14,1,0,164,65.6,13,5,2026-09-22T14:00:00.088997,66.6,64.9,47.0,31.4
res-sem-01,Dr. Kalam Seminar Hall,SEMINAR_HALL,180,14,1,0,117,65.2,4,1,2026-09-22T14:00:00.088997,67.3,54.0,50.2,76.9
res-cls-01,Block A Classrooms (301-305),CLASSROOM,150,14,1,0,39,26.1,0,1,2026-09-22T14:00:00.088997,23.2,15.8,7.7,32.3
res-cls-02,Block B Classrooms (201-204),CLASSROOM,120,14,1,0,73,61.1,9,5,2026-09-22T14:00:00.088997,60.3,61.7,44.2,52.3
res-sac-01,Student Activity Center,ACTIVITY_CENTER,160,14,1,0,28,17.8,6,7,2026-09-22T14:00:00.088997,16.1,19.6,0.0,24.4
res-lib-01,Central Library,LIBRARY,200,15,1,0,158,79.0,8,9,2026-09-22T15:00:00.088997,76.4,75.2,85.3,62.4
res-lib-02,Digital Reading Hall,LIBRARY,120,15,1,0,79,65.7,13,8,2026-09-22T15:00:00.088997,71.4,65.9,45.8,61.5
res-lab-01,Computer Lab 1,COMPUTER_LAB,80,15,1,0,65,81.1,9,7,2026-09-22T15:00:00.088997,72.7,71.3,93.0,72.0
res-lab-02,Computer Lab 2,COMPUTER_LAB,75,15,1,0,56,74.4,14,6,2026-09-22T15:00:00.088997,72.0,75.3,62.8,53.4
res-lab-03,Computer Lab 3,COMPUTER_LAB,60,15,1,0,43,71.0,5,4,2026-09-22T15:00:00.088997,69.6,62.3,82.4,46.3
res-lab-ai,AI & Data Science Lab,RESEARCH_LAB,50,15,1,0,48,95.0,12,11,2026-09-22T15:00:00.088997,96.0,76.7,86.9,79.9
res-lab-res,Advanced Research Lab,RESEARCH_LAB,40,15,1,0,23,57.5,8,10,2026-09-22T15:00:00.088997,44.8,49.3,38.3,46.3
res-sr-01,Study Room A,STUDY_ROOM,24,15,1,0,17,68.8,6,8,2026-09-22T15:00:00.088997,73.3,79.7,54.1,34.9
res-sr-02,Study Room B,STUDY_ROOM,20,15,1,0,10,50.1,10,7,2026-09-22T15:00:00.088997,54.5,43.8,36.6,39.5
res-sr-03,Study Room C,STUDY_ROOM,20,15,1,0,15,75.8,11,10,2026-09-22T15:00:00.088997,78.0,73.9,70.0,73.3
res-can-01,Main Canteen,CANTEEN,250,15,1,0,110,44.2,5,4,2026-09-22T15:00:00.088997,43.0,38.6,40.1,25.3
res-sem-01,Dr. Kalam Seminar Hall,SEMINAR_HALL,180,15,1,0,93,51.5,7,5,2026-09-22T15:00:00.088997,46.7,51.4,45.4,30.5
res-cls-01,Block A Classrooms (301-305),CLASSROOM,150,15,1,0,15,9.8,3,2,2026-09-22T15:00:00.088997,9.7,5.3,11.0,12.6
res-cls-02,Block B Classrooms (201-204),CLASSROOM,120,15,1,0,55,45.8,3,1,2026-09-22T15:00:00.088997,41.7,52.6,40.4,59.3
res-sac-01,Student Activity Center,ACTIVITY_CENTER,160,15,1,0,60,37.3,3,3,2026-09-22T15:00:00.088997,34.9,27.7,19.0,31.3
res-lib-01,Central Library,LIBRARY,200,16,1,0,188,94.2,18,8,2026-09-22T16:00:00.088997,90.8,84.6,96.4,92.0
res-lib-02,Digital Reading Hall,LIBRARY,120,16,1,0,59,49.4,3,7,2026-09-22T16:00:00.088997,48.9,48.9,33.4,14.8
res-lab-01,Computer Lab 1,COMPUTER_LAB,80,16,1,0,52,64.4,9,12,2026-09-22T16:00:00.088997,60.7,73.0,63.9,35.7
res-lab-02,Computer Lab 2,COMPUTER_LAB,75,16,1,0,44,58.7,9,0,2026-09-22T16:00:00.088997,59.3,60.8,54.3,46.0
res-lab-03,Computer Lab 3,COMPUTER_LAB,60,16,1,0,43,71.2,7,3,2026-09-22T16:00:00.088997,66.4,63.7,64.2,52.5
res-lab-ai,AI & Data Science Lab,RESEARCH_LAB,50,16,1,0,42,83.4,12,9,2026-09-22T16:00:00.088997,79.2,81.4,71.3,72.2
res-lab-res,Advanced Research Lab,RESEARCH_LAB,40,16,1,0,32,80.8,7,4,2026-09-22T16:00:00.088997,78.2,67.6,70.3,65.4
res-sr-01,Study Room A,STUDY_ROOM,24,16,1,0,17,72.3,10,6,2026-09-22T16:00:00.088997,75.0,68.6,70.9,74.6
res-sr-02,Study Room B,STUDY_ROOM,20,16,1,0,13,64.5,7,1,2026-09-22T16:00:00.088997,67.5,58.7,47.5,61.4
res-sr-03,Study Room C,STUDY_ROOM,20,16,1,0,14,68.4,6,9,2026-09-22T16:00:00.088997,64.7,59.1,56.7,32.3
res-can-01,Main Canteen,CANTEEN,250,16,1,0,89,35.6,3,2,2026-09-22T16:00:00.088997,32.6,30.7,33.5,23.0
res-sem-01,Dr. Kalam Seminar Hall,SEMINAR_HALL,180,16,1,0,40,22.3,4,3,2026-09-22T16:00:00.088997,21.2,23.8,14.6,23.7
res-cls-01,Block A Classrooms (301-305),CLASSROOM,150,16,1,0,23,15.6,3,0,2026-09-22T16:00:00.088997,13.1,18.1,0.0,0.0
res-cls-02,Block B Classrooms (201-204),CLASSROOM,120,16,1,0,25,20.4,0,4,2026-09-22T16:00:00.088997,19.9,11.2,17.9,6.5
res-sac-01,Student Activity Center,ACTIVITY_CENTER,160,16,1,0,86,53.5,4,6,2026-09-22T16:00:00.088997,55.2,45.5,50.4,60.4
res-lib-01,Central Library,LIBRARY,200,17,1,0,154,76.8,10,10,2026-09-22T17:00:00.088997,74.5,79.3,88.6,69.0
res-lib-02,Digital Reading Hall,LIBRARY,120,17,1,0,37,30.9,6,5,2026-09-22T17:00:00.088997,18.8,25.8,19.3,23.6
res-lab-01,Computer Lab 1,COMPUTER_LAB,80,17,1,0,37,46.0,5,2,2026-09-22T17:00:00.088997,47.0,51.0,30.4,17.3
res-lab-02,Computer Lab 2,COMPUTER_LAB,75,17,1,0,28,36.9,4,7,2026-09-22T17:00:00.088997,30.0,28.7,9.5,41.4
res-lab-03,Computer Lab 3,COMPUTER_LAB,60,17,1,0,35,58.0,5,1,2026-09-22T17:00:00.088997,51.1,55.5,40.1,47.3
res-lab-ai,AI & Data Science Lab,RESEARCH_LAB,50,17,1,0,40,80.2,8,5,2026-09-22T17:00:00.088997,79.7,67.8,87.7,85.0
res-lab-res,Advanced Research Lab,RESEARCH_LAB,40,17,1,0,34,84.3,7,7,2026-09-22T17:00:00.088997,81.2,81.6,85.7,59.9
res-sr-01,Study Room A,STUDY_ROOM,24,17,1,0,21,86.2,12,7,2026-09-22T17:00:00.088997,79.8,81.9,68.6,86.5
res-sr-02,Study Room B,STUDY_ROOM,20,17,1,0,15,72.6,10,7,2026-09-22T17:00:00.088997,68.4,67.0,74.4,46.3
res-sr-03,Study Room C,STUDY_ROOM,20,17,1,0,13,63.4,5,6,2026-09-22T17:00:00.088997,58.7,47.8,45.9,71.1
res-can-01,Main Canteen,CANTEEN,250,17,1,0,27,11.0,1,0,2026-09-22T17:00:00.088997,8.8,3.4,7.7,0.2
res-sem-01,Dr. Kalam Seminar Hall,SEMINAR_HALL,180,17,1,0,9,5.0,1,0,2026-09-22T17:00:00.088997,4.7,0.0,0.0,0.0
res-cls-01,Block A Classrooms (301-305),CLASSROOM,150,17,1,0,15,10.0,2,5,2026-09-22T17:00:00.088997,1.8,10.9,3.2,0.0
res-cls-02,Block B Classrooms (201-204),CLASSROOM,120,17,1,0,16,13.0,0,3,2026-09-22T17:00:00.088997,7.1,4.2,13.5,18.9
res-sac-01,Student Activity Center,ACTIVITY_CENTER,160,17,1,0,115,71.7,0,6,2026-09-22T17:00:00.088997,69.9,65.3,66.8,54.0
res-lib-01,Central Library,LIBRARY,200,18,1,0,141,70.4,4,10,2026-09-22T18:00:00.088997,74.6,59.9,54.2,63.3
res-lib-02,Digital Reading Hall,LIBRARY,120,18,1,0,18,15.3,0,4,2026-09-22T18:00:00.088997,16.2,22.1,8.8,0.0
res-lab-01,Computer Lab 1,COMPUTER_LAB,80,18,1,0,28,35.2,3,3,2026-09-22T18:00:00.088997,33.1,24.6,29.7,6.3
res-lab-02,Computer Lab 2,COMPUTER_LAB,75,18,1,0,17,22.1,2,0,2026-09-22T18:00:00.088997,23.2,4.8,20.2,0.0
res-lab-03,Computer Lab 3,COMPUTER_LAB,60,18,1,0,22,36.2,5,10,2026-09-22T18:00:00.088997,34.6,19.3,36.7,21.4
res-lab-ai,AI & Data Science Lab,RESEARCH_LAB,50,18,1,0,27,53.1,8,0,2026-09-22T18:00:00.088997,51.1,45.6,56.1,49.8
res-lab-res,Advanced Research Lab,RESEARCH_LAB,40,18,1,0,28,70.4,12,8,2026-09-22T18:00:00.088997,62.2,65.7,71.7,43.8
res-sr-01,Study Room A,STUDY_ROOM,24,18,1,0,18,75.6,4,5,2026-09-22T18:00:00.088997,69.8,78.8,63.2,49.6
res-sr-02,Study Room B,STUDY_ROOM,20,18,1,0,16,78.9,11,9,2026-09-22T18:00:00.088997,75.8,75.4,65.1,87.0
res-sr-03,Study Room C,STUDY_ROOM,20,18,1,0,10,52.5,9,7,2026-09-22T18:00:00.088997,52.5,40.0,50.2,41.8
res-can-01,Main Canteen,CANTEEN,250,18,1,0,38,15.1,4,3,2026-09-22T18:00:00.088997,6.3,9.5,2.0,6.1
res-sem-01,Dr. Kalam Seminar Hall,SEMINAR_HALL,180,18,1,0,9,5.0,0,1,2026-09-22T18:00:00.088997,1.3,0.7,0.0,0.0
res-cls-01,Block A Classrooms (301-305),CLASSROOM,150,18,1,0,19,12.6,0,4,2026-09-22T18:00:00.088997,14.5,6.0,31.6,15.5
res-cls-02,Block B Classrooms (201-204),CLASSROOM,120,18,1,0,7,6.2,2,0,2026-09-22T18:00:00.088997,1.1,0.0,7.2,0.0
res-sac-01,Student Activity Center,ACTIVITY_CENTER,160,18,1,0,127,79.6,6,5,2026-09-22T18:00:00.088997,77.1,76.9,48.3,67.8
res-lib-01,Central Library,LIBRARY,200,19,1,0,90,44.8,9,13,2026-09-22T19:00:00.088997,41.4,29.5,37.8,30.3
res-lib-02,Digital Reading Hall,LIBRARY,120,19,1,0,33,27.9,8,5,2026-09-22T19:00:00.088997,23.5,27.0,22.3,18.8
res-lab-01,Computer Lab 1,COMPUTER_LAB,80,19,1,0,23,28.8,6,3,2026-09-22T19:00:00.088997,26.4,20.2,13.6,20.6
res-lab-02,Computer Lab 2,COMPUTER_LAB,75,19,1,0,14,18.0,4,0,2026-09-22T19:00:00.088997,7.8,23.9,2.3,0.0
res-lab-03,Computer Lab 3,COMPUTER_LAB,60,19,1,0,12,19.5,7,0,2026-09-22T19:00:00.088997,13.7,9.2,20.0,27.2
res-lab-ai,AI & Data Science Lab,RESEARCH_LAB,50,19,1,0,13,25.7,7,0,2026-09-22T19:00:00.088997,25.0,13.1,16.6,12.3
res-lab-res,Advanced Research Lab,RESEARCH_LAB,40,19,1,0,24,60.8,8,3,2026-09-22T19:00:00.088997,55.2,58.4,64.8,48.5
res-sr-01,Study Room A,STUDY_ROOM,24,19,1,0,13,54.9,8,7,2026-09-22T19:00:00.088997,49.1,45.2,40.7,66.0
res-sr-02,Study Room B,STUDY_ROOM,20,19,1,0,13,67.1,9,7,2026-09-22T19:00:00.088997,59.8,73.7,63.4,63.8
res-sr-03,Study Room C,STUDY_ROOM,20,19,1,0,4,19.7,4,0,2026-09-22T19:00:00.088997,12.4,9.0,0.4,0.0
res-can-01,Main Canteen,CANTEEN,250,19,1,0,26,10.2,0,2,2026-09-22T19:00:00.088997,14.9,4.5,0.0,0.0
res-sem-01,Dr. Kalam Seminar Hall,SEMINAR_HALL,180,19,1,0,18,9.8,0,5,2026-09-22T19:00:00.088997,9.6,0.0,2.8,1.3
res-cls-01,Block A Classrooms (301-305),CLASSROOM,150,19,1,0,21,14.3,7,4,2026-09-22T19:00:00.088997,14.1,13.4,4.8,0.0
res-cls-02,Block B Classrooms (201-204),CLASSROOM,120,19,1,0,12,10.2,2,0,2026-09-22T19:00:00.088997,13.5,11.2,0.0,14.6
res-sac-01,Student Activity Center,ACTIVITY_CENTER,160,19,1,0,113,70.6,6,10,2026-09-22T19:00:00.088997,68.4,77.0,55.0,37.9
res-lib-01,Central Library,LIBRARY,200,20,1,0,48,23.9,5,0,2026-09-22T20:00:00.088997,16.6,20.3,2.7,15.6
res-lib-02,Digital Reading Hall,LIBRARY,120,20,1,0,22,18.6,3,0,2026-09-22T20:00:00.088997,21.8,12.5,17.5,18.2
res-lab-01,Computer Lab 1,COMPUTER_LAB,80,20,1,0,24,30.4,6,0,2026-09-22T20:00:00.088997,22.9,37.2,32.4,43.3
res-lab-02,Computer Lab 2,COMPUTER_LAB,75,20,1,0,18,23.5,3,3,2026-09-22T20:00:00.088997,21.5,14.0,7.5,14.1
res-lab-03,Computer Lab 3,COMPUTER_LAB,60,20,1,0,6,10.7,0,2,2026-09-22T20:00:00.088997,8.4,11.4,0.0,0.0
res-lab-ai,AI & Data Science Lab,RESEARCH_LAB,50,20,1,0,16,31.7,1,1,2026-09-22T20:00:00.088997,27.2,25.4,39.6,3.2
res-lab-res,Advanced Research Lab,RESEARCH_LAB,40,20,1,0,19,48.0,7,9,2026-09-22T20:00:00.088997,58.5,51.6,48.3,20.2
res-sr-01,Study Room A,STUDY_ROOM,24,20,1,0,6,27.1,4,0,2026-09-22T20:00:00.088997,27.5,9.2,29.4,11.2
res-sr-02,Study Room B,STUDY_ROOM,20,20,1,0,10,48.4,3,0,2026-09-22T20:00:00.088997,51.3,51.4,37.2,44.3
res-sr-03,Study Room C,STUDY_ROOM,20,20,1,0,3,13.4,2,3,2026-09-22T20:00:00.088997,13.7,16.5,10.1,1.8
res-can-01,Main Canteen,CANTEEN,250,20,1,0,17,7.0,0,3,2026-09-22T20:00:00.088997,0.0,8.6,0.0,0.0
res-sem-01,Dr. Kalam Seminar Hall,SEMINAR_HALL,180,20,1,0,9,5.0,2,0,2026-09-22T20:00:00.088997,9.4,0.0,0.0,0.0
res-cls-01,Block A Classrooms (301-305),CLASSROOM,150,20,1,0,10,7.0,0,1,2026-09-22T20:00:00.088997,6.9,11.0,0.0,0.0
res-cls-02,Block B Classrooms (201-204),CLASSROOM,120,20,1,0,9,7.4,2,2,2026-09-22T20:00:00.088997,1.5,0.0,4.0,0.0
res-sac-01,Student Activity Center,ACTIVITY_CENTER,160,20,1,0,90,56.1,8,7,2026-09-22T20:00:00.088997,52.0,46.0,36.8,44.5
res-lib-01,Central Library,LIBRARY,200,21,1,0,39,19.3,2,5,2026-09-22T21:00:00.088997,15.9,11.1,29.3,25.4
res-lib-02,Digital Reading Hall,LIBRARY,120,21,1,0,20,16.9,2,2,2026-09-22T21:00:00.088997,15.8,22.8,9.7,7.8
res-lab-01,Computer Lab 1,COMPUTER_LAB,80,21,1,0,30,37.8,8,6,2026-09-22T21:00:00.088997,37.9,23.4,25.4,35.6
res-lab-02,Computer Lab 2,COMPUTER_LAB,75,21,1,0,20,26.0,5,8,2026-09-22T21:00:00.088997,19.3,27.8,15.0,25.2
res-lab-03,Computer Lab 3,COMPUTER_LAB,60,21,1,0,9,14.8,8,1,2026-09-22T21:00:00.088997,10.3,12.4,9.8,16.5
res-lab-ai,AI & Data Science Lab,RESEARCH_LAB,50,21,1,0,16,31.8,11,2,2026-09-22T21:00:00.088997,29.4,23.2,24.6,22.6
res-lab-res,Advanced Research Lab,RESEARCH_LAB,40,21,1,0,8,21.1,2,0,2026-09-22T21:00:00.088997,15.6,13.9,23.4,25.4
res-sr-01,Study Room A,STUDY_ROOM,24,21,1,0,5,19.7,0,1,2026-09-22T21:00:00.088997,26.1,20.7,16.6,19.2
res-sr-02,Study Room B,STUDY_ROOM,20,21,1,0,7,33.0,0,2,2026-09-22T21:00:00.088997,28.8,31.5,26.4,30.0
res-sr-03,Study Room C,STUDY_ROOM,20,21,1,0,3,13.0,5,1,2026-09-22T21:00:00.088997,13.8,15.1,15.0,5.3
res-can-01,Main Canteen,CANTEEN,250,21,1,0,33,13.3,6,2,2026-09-22T21:00:00.088997,8.4,11.8,4.9,0.0
res-sem-01,Dr. Kalam Seminar Hall,SEMINAR_HALL,180,21,1,0,12,6.8,1,4,2026-09-22T21:00:00.088997,1.8,0.0,0.4,0.0
res-cls-01,Block A Classrooms (301-305),CLASSROOM,150,21,1,0,16,10.4,1,0,2026-09-22T21:00:00.088997,7.8,3.3,12.0,2.9
res-cls-02,Block B Classrooms (201-204),CLASSROOM,120,21,1,0,11,8.9,6,0,2026-09-22T21:00:00.088997,9.1,2.9,15.6,0.0
res-sac-01,Student Activity Center,ACTIVITY_CENTER,160,21,1,0,61,38.2,4,4,2026-09-22T21:00:00.088997,41.0,38.3,30.5,46.7
res-lib-01,Central Library,LIBRARY,200,8,2,0,57,28.5,2,0,2026-09-23T08:00:00.088997,28.8,36.0,41.9,54.8
res-lib-02,Digital Reading Hall,LIBRARY,120,8,2,0,19,15.6,0,0,2026-09-23T08:00:00.088997,12.3,16.9,26.9,34.9
res-lab-01,Computer Lab 1,COMPUTER_LAB,80,8,2,0,25,31.2,1,0,2026-09-23T08:00:00.088997,34.1,31.8,54.2,46.1
res-lab-02,Computer Lab 2,COMPUTER_LAB,75,8,2,0,18,24.3,0,0,2026-09-23T08:00:00.088997,20.8,25.6,26.0,22.3
res-lab-03,Computer Lab 3,COMPUTER_LAB,60,8,2,0,10,16.5,3,0,2026-09-23T08:00:00.088997,26.2,11.0,25.0,23.9
res-lab-ai,AI & Data Science Lab,RESEARCH_LAB,50,8,2,0,14,27.8,1,2,2026-09-23T08:00:00.088997,28.9,30.4,24.1,18.4
res-lab-res,Advanced Research Lab,RESEARCH_LAB,40,8,2,0,8,18.8,1,1,2026-09-23T08:00:00.088997,20.4,20.7,24.9,18.6
res-sr-01,Study Room A,STUDY_ROOM,24,8,2,0,6,26.1,0,1,2026-09-23T08:00:00.088997,25.2,26.7,34.3,34.9
res-sr-02,Study Room B,STUDY_ROOM,20,8,2,0,3,13.2,0,0,2026-09-23T08:00:00.088997,16.8,30.5,13.3,27.9
res-sr-03,Study Room C,STUDY_ROOM,20,8,2,0,3,15.2,3,3,2026-09-23T08:00:00.088997,18.0,19.9,19.3,16.0
res-can-01,Main Canteen,CANTEEN,250,8,2,0,24,9.6,0,0,2026-09-23T08:00:00.088997,16.0,15.2,25.6,37.2
res-sem-01,Dr. Kalam Seminar Hall,SEMINAR_HALL,180,8,2,0,9,5.0,1,0,2026-09-23T08:00:00.088997,3.7,4.3,20.6,17.5
res-cls-01,Block A Classrooms (301-305),CLASSROOM,150,8,2,0,60,40.2,7,1,2026-09-23T08:00:00.088997,45.5,43.3,59.1,44.3
res-cls-02,Block B Classrooms (201-204),CLASSROOM,120,8,2,0,7,5.8,0,0,2026-09-23T08:00:00.088997,4.4,7.4,21.5,37.3
res-sac-01,Student Activity Center,ACTIVITY_CENTER,160,8,2,0,15,9.7,4,0,2026-09-23T08:00:00.088997,13.1,4.8,22.4,0.0
res-lib-01,Central Library,LIBRARY,200,9,2,0,53,26.3,3,3,2026-09-23T09:00:00.088997,25.3,34.6,37.8,33.7
res-lib-02,Digital Reading Hall,LIBRARY,120,9,2,0,27,22.7,2,3,2026-09-23T09:00:00.088997,24.2,29.0,35.9,27.9
res-lab-01,Computer Lab 1,COMPUTER_LAB,80,9,2,0,24,30.1,4,6,2026-09-23T09:00:00.088997,33.3,37.0,37.7,48.9
res-lab-02,Computer Lab 2,COMPUTER_LAB,75,9,2,0,18,24.3,1,5,2026-09-23T09:00:00.088997,24.1,34.6,42.2,41.1
res-lab-03,Computer Lab 3,COMPUTER_LAB,60,9,2,0,6,10.0,1,0,2026-09-23T09:00:00.088997,10.0,15.9,24.9,14.5
res-lab-ai,AI & Data Science Lab,RESEARCH_LAB,50,9,2,0,15,29.3,2,6,2026-09-23T09:00:00.088997,30.3,26.9,23.2,43.7
res-lab-res,Advanced Research Lab,RESEARCH_LAB,40,9,2,0,7,17.0,4,0,2026-09-23T09:00:00.088997,16.8,14.0,28.9,34.7
res-sr-01,Study Room A,STUDY_ROOM,24,9,2,0,5,21.4,0,0,2026-09-23T09:00:00.088997,24.3,16.2,27.2,49.6
res-sr-02,Study Room B,STUDY_ROOM,20,9,2,0,3,14.3,0,0,2026-09-23T09:00:00.088997,13.8,32.1,37.3,33.1
res-sr-03,Study Room C,STUDY_ROOM,20,9,2,0,3,13.6,5,0,2026-09-23T09:00:00.088997,19.9,24.2,20.3,37.3
res-can-01,Main Canteen,CANTEEN,250,9,2,0,21,8.2,0,3,2026-09-23T09:00:00.088997,9.9,16.8,32.6,9.5
res-sem-01,Dr. Kalam Seminar Hall,SEMINAR_HALL,180,9,2,0,9,5.0,5,2,2026-09-23T09:00:00.088997,4.2,4.3,8.2,6.1
res-cls-01,Block A Classrooms (301-305),CLASSROOM,150,9,2,0,79,53.0,6,6,2026-09-23T09:00:00.088997,51.6,57.5,42.5,64.7
res-cls-02,Block B Classrooms (201-204),CLASSROOM,120,9,2,0,32,26.5,0,4,2026-09-23T09:00:00.088997,26.1,36.3,35.9,41.4
res-sac-01,Student Activity Center,ACTIVITY_CENTER,160,9,2,0,24,15.3,5,2,2026-09-23T09:00:00.088997,14.4,20.9,19.9,27.2
res-lib-01,Central Library,LIBRARY,200,10,2,0,47,23.3,0,2,2026-09-23T10:00:00.088997,25.5,34.7,27.6,9.6
res-lib-02,Digital Reading Hall,LIBRARY,120,10,2,0,36,30.3,0,4,2026-09-23T10:00:00.088997,25.6,29.4,35.1,58.9
res-lab-01,Computer Lab 1,COMPUTER_LAB,80,10,2,0,34,42.5,5,5,2026-09-23T10:00:00.088997,50.4,52.2,60.4,62.9
res-lab-02,Computer Lab 2,COMPUTER_LAB,75,10,2,0,24,32.0,4,5,2026-09-23T10:00:00.088997,30.1,33.5,32.7,51.2
res-lab-03,Computer Lab 3,COMPUTER_LAB,60,10,2,0,9,14.7,0,0,2026-09-23T10:00:00.088997,16.5,16.3,24.9,11.0
res-lab-ai,AI & Data Science Lab,RESEARCH_LAB,50,10,2,0,15,30.7,2,0,2026-09-23T10:00:00.088997,27.4,28.6,36.9,42.2
res-lab-res,Advanced Research Lab,RESEARCH_LAB,40,10,2,0,8,21.1,3,0,2026-09-23T10:00:00.088997,27.3,23.4,33.1,29.1
res-sr-01,Study Room A,STUDY_ROOM,24,10,2,0,5,21.5,1,3,2026-09-23T10:00:00.088997,23.5,31.4,22.1,10.3
res-sr-02,Study Room B,STUDY_ROOM,20,10,2,0,2,11.1,4,0,2026-09-23T10:00:00.088997,13.5,9.8,19.7,8.8
res-sr-03,Study Room C,STUDY_ROOM,20,10,2,0,2,11.5,0,2,2026-09-23T10:00:00.088997,15.7,20.0,5.2,21.4
res-can-01,Main Canteen,CANTEEN,250,10,2,0,80,32.0,0,3,2026-09-23T10:00:00.088997,33.0,40.1,40.7,35.4
res-sem-01,Dr. Kalam Seminar Hall,SEMINAR_HALL,180,10,2,0,57,31.5,0,2,2026-09-23T10:00:00.088997,26.4,31.0,44.2,26.2
res-cls-01,Block A Classrooms (301-305),CLASSROOM,150,10,2,0,92,61.2,14,2,2026-09-23T10:00:00.088997,69.8,65.1,64.5,78.0
res-cls-02,Block B Classrooms (201-204),CLASSROOM,120,10,2,0,58,48.2,2,3,2026-09-23T10:00:00.088997,53.6,55.0,66.1,64.4
res-sac-01,Student Activity Center,ACTIVITY_CENTER,160,10,2,0,36,22.2,3,2,2026-09-23T10:00:00.088997,25.5,26.4,37.9,35.1
res-lib-01,Central Library,LIBRARY,200,11,2,0,56,28.2,6,4,2026-09-23T11:00:00.088997,32.2,27.1,31.2,48.3
res-lib-02,Digital Reading Hall,LIBRARY,120,11,2,0,70,58.6,1,4,2026-09-23T11:00:00.088997,60.7,58.3,59.2,74.3
res-lab-01,Computer Lab 1,COMPUTER_LAB,80,11,2,0,59,74.2,2,6,2026-09-23T11:00:00.088997,78.1,83.9,85.1,100.0
res-lab-02,Computer Lab 2,COMPUTER_LAB,75,11,2,0,43,58.0,10,3,2026-09-23T11:00:00.088997,60.2,55.7,74.1,66.6
res-lab-03,Computer Lab 3,COMPUTER_LAB,60,11,2,0,10,16.4,1,3,2026-09-23T11:00:00.088997,20.0,15.5,16.0,26.1
res-lab-ai,AI & Data Science Lab,RESEARCH_LAB,50,11,2,0,16,32.6,9,4,2026-09-23T11:00:00.088997,38.7,28.0,58.8,49.9
res-lab-res,Advanced Research Lab,RESEARCH_LAB,40,11,2,0,8,19.8,1,0,2026-09-23T11:00:00.088997,18.5,36.3,18.9,17.7
res-sr-01,Study Room A,STUDY_ROOM,24,11,2,0,4,17.2,0,1,2026-09-23T11:00:00.088997,23.5,18.5,12.8,30.7
res-sr-02,Study Room B,STUDY_ROOM,20,11,2,0,3,14.8,4,0,2026-09-23T11:00:00.088997,15.7,18.9,23.6,20.1
res-sr-03,Study Room C,STUDY_ROOM,20,11,2,0,3,12.8,0,0,2026-09-23T11:00:00.088997,17.6,22.9,16.5,38.4
res-can-01,Main Canteen,CANTEEN,250,11,2,0,130,51.9,2,0,2026-09-23T11:00:00.088997,58.8,54.7,49.0,34.8
res-sem-01,Dr. Kalam Seminar Hall,SEMINAR_HALL,180,11,2,0,82,45.4,6,2,2026-09-23T11:00:00.088997,43.2,47.1,64.6,38.7
res-cls-01,Block A Classrooms (301-305),CLASSROOM,150,11,2,0,109,72.4,12,8,2026-09-23T11:00:00.088997,75.1,73.5,80.7,76.0
res-cls-02,Block B Classrooms (201-204),CLASSROOM,120,11,2,0,68,56.6,3,8,2026-09-23T11:00:00.088997,58.4,63.5,66.0,71.9
res-sac-01,Student Activity Center,ACTIVITY_CENTER,160,11,2,0,22,14.0,0,0,2026-09-23T11:00:00.088997,10.3,12.2,18.7,4.7
res-lib-01,Central Library,LIBRARY,200,12,2,0,39,19.5,5,2,2026-09-23T12:00:00.088997,19.7,38.1,12.6,19.2
res-lib-02,Digital Reading Hall,LIBRARY,120,12,2,0,84,69.6,10,7,2026-09-23T12:00:00.088997,64.1,75.2,80.6,31.3
res-lab-01,Computer Lab 1,COMPUTER_LAB,80,12,2,0,74,92.8,12,11,2026-09-23T12:00:00.088997,90.2,100.0,100.0,83.9
res-lab-02,Computer Lab 2,COMPUTER_LAB,75,12,2,0,56,75.0,6,6,2026-09-23T12:00:00.088997,75.0,83.5,75.4,69.8
res-lab-03,Computer Lab 3,COMPUTER_LAB,60,12,2,0,21,34.4,3,5,2026-09-23T12:00:00.088997,33.6,43.3,47.4,19.2
res-lab-ai,AI & Data Science Lab,RESEARCH_LAB,50,12,2,0,29,57.4,7,9,2026-09-23T12:00:00.088997,66.6,61.0,71.2,37.8
res-lab-res,Advanced Research Lab,RESEARCH_LAB,40,12,2,0,6,15.9,1,0,2026-09-23T12:00:00.088997,14.1,24.4,19.2,12.4
res-sr-01,Study Room A,STUDY_ROOM,24,12,2,0,5,21.2,8,3,2026-09-23T12:00:00.088997,27.7,28.6,32.0,23.2
res-sr-02,Study Room B,STUDY_ROOM,20,12,2,0,4,17.7,2,2,2026-09-23T12:00:00.088997,21.8,18.6,19.3,22.8
res-sr-03,Study Room C,STUDY_ROOM,20,12,2,0,7,34.3,1,1,2026-09-23T12:00:00.088997,40.8,42.5,48.3,33.0
res-can-01,Main Canteen,CANTEEN,250,12,2,0,165,65.9,8,7,2026-09-23T12:00:00.088997,64.5,72.8,85.1,49.9
res-sem-01,Dr. Kalam Seminar Hall,SEMINAR_HALL,180,12,2,0,112,62.5,8,5,2026-09-23T12:00:00.088997,67.2,63.4,82.5,58.0
res-cls-01,Block A Classrooms (301-305),CLASSROOM,150,12,2,0,95,63.1,12,6,2026-09-23T12:00:00.088997,62.2,74.8,75.6,29.9
res-cls-02,Block B Classrooms (201-204),CLASSROOM,120,12,2,0,84,70.0,9,0,2026-09-23T12:00:00.088997,72.4,76.0,67.4,61.3
res-sac-01,Student Activity Center,ACTIVITY_CENTER,160,12,2,0,24,15.0,0,4,2026-09-23T12:00:00.088997,20.4,18.3,21.2,11.7
res-lib-01,Central Library,LIBRARY,200,13,2,0,94,47.0,0,6,2026-09-23T13:00:00.088997,45.7,49.6,52.1,33.4
res-lib-02,Digital Reading Hall,LIBRARY,120,13,2,0,99,82.1,11,9,2026-09-23T13:00:00.088997,80.5,86.8,74.5,73.4
res-lab-01,Computer Lab 1,COMPUTER_LAB,80,13,2,0,76,95.0,19,5,2026-09-23T13:00:00.088997,100.0,100.0,91.4,75.2
res-lab-02,Computer Lab 2,COMPUTER_LAB,75,13,2,0,70,93.8,4,7,2026-09-23T13:00:00.088997,100.0,96.6,100.0,63.6
res-lab-03,Computer Lab 3,COMPUTER_LAB,60,13,2,0,32,52.6,4,6,2026-09-23T13:00:00.088997,53.7,54.6,57.4,58.7
res-lab-ai,AI & Data Science Lab,RESEARCH_LAB,50,13,2,0,35,70.4,3,0,2026-09-23T13:00:00.088997,73.3,79.3,62.9,57.5
res-lab-res,Advanced Research Lab,RESEARCH_LAB,40,13,2,0,7,16.8,3,6,2026-09-23T13:00:00.088997,9.9,21.3,0.0,0.0
res-sr-01,Study Room A,STUDY_ROOM,24,13,2,0,7,27.3,4,3,2026-09-23T13:00:00.088997,35.1,32.3,3.5,12.4
res-sr-02,Study Room B,STUDY_ROOM,20,13,2,0,2,9.5,0,2,2026-09-23T13:00:00.088997,12.2,18.0,0.0,6.9
res-sr-03,Study Room C,STUDY_ROOM,20,13,2,0,9,46.2,8,5,2026-09-23T13:00:00.088997,47.4,52.5,38.1,53.4
res-can-01,Main Canteen,CANTEEN,250,13,2,0,190,76.0,9,6,2026-09-23T13:00:00.088997,81.4,85.2,65.5,50.1
res-sem-01,Dr. Kalam Seminar Hall,SEMINAR_HALL,180,13,2,0,120,66.4,7,10,2026-09-23T13:00:00.088997,67.4,67.8,42.5,72.6
res-cls-01,Block A Classrooms (301-305),CLASSROOM,150,13,2,0,81,54.3,8,8,2026-09-23T13:00:00.088997,55.6,59.8,59.7,44.5
res-cls-02,Block B Classrooms (201-204),CLASSROOM,120,13,2,0,89,74.5,11,9,2026-09-23T13:00:00.088997,76.0,79.3,73.5,71.8
res-sac-01,Student Activity Center,ACTIVITY_CENTER,160,13,2,0,31,19.7,4,3,2026-09-23T13:00:00.088997,19.9,21.2,18.7,0.8
res-lib-01,Central Library,LIBRARY,200,14,2,0,134,66.9,12,10,2026-09-23T14:00:00.088997,66.1,60.2,57.8,65.3
res-lib-02,Digital Reading Hall,LIBRARY,120,14,2,0,98,82.0,8,11,2026-09-23T14:00:00.088997,80.7,73.5,78.3,81.6
res-lab-01,Computer Lab 1,COMPUTER_LAB,80,14,2,0,74,93.1,10,8,2026-09-23T14:00:00.088997,92.9,91.9,80.1,63.2
res-lab-02,Computer Lab 2,COMPUTER_LAB,75,14,2,0,68,91.3,7,9,2026-09-23T14:00:00.088997,88.7,87.2,98.1,100.0
res-lab-03,Computer Lab 3,COMPUTER_LAB,60,14,2,0,39,65.3,10,6,2026-09-23T14:00:00.088997,67.5,66.1,70.0,56.8
res-lab-ai,AI & Data Science Lab,RESEARCH_LAB,50,14,2,0,42,83.3,12,8,2026-09-23T14:00:00.088997,80.4,75.5,84.4,90.6
res-lab-res,Advanced Research Lab,RESEARCH_LAB,40,14,2,0,15,38.0,6,2,2026-09-23T14:00:00.088997,30.1,33.9,22.5,7.1
res-sr-01,Study Room A,STUDY_ROOM,24,14,2,0,12,49.8,2,3,2026-09-23T14:00:00.088997,42.5,42.4,35.3,42.3
res-sr-02,Study Room B,STUDY_ROOM,20,14,2,0,6,29.2,4,2,2026-09-23T14:00:00.088997,26.1,19.2,13.9,25.6
res-sr-03,Study Room C,STUDY_ROOM,20,14,2,0,12,58.0,6,4,2026-09-23T14:00:00.088997,58.4,44.5,50.1,50.2
res-can-01,Main Canteen,CANTEEN,250,14,2,0,148,59.3,3,5,2026-09-23T14:00:00.088997,59.3,55.4,56.3,34.3
res-sem-01,Dr. Kalam Seminar Hall,SEMINAR_HALL,180,14,2,0,100,55.5,6,1,2026-09-23T14:00:00.088997,50.1,56.1,49.2,36.7
res-cls-01,Block A Classrooms (301-305),CLASSROOM,150,14,2,0,45,30.0,5,3,2026-09-23T14:00:00.088997,23.1,13.3,38.9,3.3
res-cls-02,Block B Classrooms (201-204),CLASSROOM,120,14,2,0,75,62.2,11,6,2026-09-23T14:00:00.088997,57.8,48.6,41.2,54.7
res-sac-01,Student Activity Center,ACTIVITY_CENTER,160,14,2,0,33,20.8,1,0,2026-09-23T14:00:00.088997,21.6,11.7,15.3,9.3
res-lib-01,Central Library,LIBRARY,200,15,2,0,160,80.2,9,13,2026-09-23T15:00:00.088997,80.7,81.8,64.0,81.4
res-lib-02,Digital Reading Hall,LIBRARY,120,15,2,0,87,72.6,4,8,2026-09-23T15:00:00.088997,68.6,58.4,65.8,67.1
res-lab-01,Computer Lab 1,COMPUTER_LAB,80,15,2,0,69,85.7,9,7,2026-09-23T15:00:00.088997,93.5,73.6,85.5,73.9
res-lab-02,Computer Lab 2,COMPUTER_LAB,75,15,2,0,54,71.7,8,2,2026-09-23T15:00:00.088997,67.3,66.4,49.7,65.7
res-lab-03,Computer Lab 3,COMPUTER_LAB,60,15,2,0,46,76.1,4,4,2026-09-23T15:00:00.088997,82.8,59.3,72.1,55.1
res-lab-ai,AI & Data Science Lab,RESEARCH_LAB,50,15,2,0,47,93.6,13,11,2026-09-23T15:00:00.088997,88.9,80.5,91.2,88.2
res-lab-res,Advanced Research Lab,RESEARCH_LAB,40,15,2,0,24,60.9,8,4,2026-09-23T15:00:00.088997,55.6,55.9,57.6,52.6
res-sr-01,Study Room A,STUDY_ROOM,24,15,2,0,17,72.1,6,11,2026-09-23T15:00:00.088997,68.7,66.4,52.2,57.8
res-sr-02,Study Room B,STUDY_ROOM,20,15,2,0,10,50.0,8,9,2026-09-23T15:00:00.088997,50.1,46.7,38.0,30.1
res-sr-03,Study Room C,STUDY_ROOM,20,15,2,0,16,81.0,12,4,2026-09-23T15:00:00.088997,81.9,79.9,63.0,75.5
res-can-01,Main Canteen,CANTEEN,250,15,2,0,120,47.8,0,4,2026-09-23T15:00:00.088997,46.9,42.1,65.6,40.4
res-sem-01,Dr. Kalam Seminar Hall,SEMINAR_HALL,180,15,2,0,86,47.6,7,3,2026-09-23T15:00:00.088997,49.3,44.8,42.4,28.1
res-cls-01,Block A Classrooms (301-305),CLASSROOM,150,15,2,0,8,5.0,0,1,2026-09-23T15:00:00.088997,1.2,1.8,0.0,0.0
res-cls-02,Block B Classrooms (201-204),CLASSROOM,120,15,2,0,47,39.0,5,1,2026-09-23T15:00:00.088997,30.8,33.0,44.8,9.5
res-sac-01,Student Activity Center,ACTIVITY_CENTER,160,15,2,0,61,38.3,6,10,2026-09-23T15:00:00.088997,34.3,29.5,19.8,39.9
res-lib-01,Central Library,LIBRARY,200,16,2,0,173,86.5,9,3,2026-09-23T16:00:00.088997,88.1,88.5,86.1,55.3
res-lib-02,Digital Reading Hall,LIBRARY,120,16,2,0,66,55.3,1,5,2026-09-23T16:00:00.088997,54.1,52.2,52.1,43.2
res-lab-01,Computer Lab 1,COMPUTER_LAB,80,16,2,0,48,60.0,8,6,2026-09-23T16:00:00.088997,54.4,45.6,65.9,62.8
res-lab-02,Computer Lab 2,COMPUTER_LAB,75,16,2,0,46,60.7,5,0,2026-09-23T16:00:00.088997,61.8,57.9,49.3,62.2
res-lab-03,Computer Lab 3,COMPUTER_LAB,60,16,2,0,45,75.3,9,7,2026-09-23T16:00:00.088997,73.5,74.3,59.5,68.4
res-lab-ai,AI & Data Science Lab,RESEARCH_LAB,50,16,2,0,42,83.2,13,9,2026-09-23T16:00:00.088997,78.4,78.7,67.5,89.2
res-lab-res,Advanced Research Lab,RESEARCH_LAB,40,16,2,0,33,83.4,12,13,2026-09-23T16:00:00.088997,82.0,82.9,86.4,71.3
res-sr-01,Study Room A,STUDY_ROOM,24,16,2,0,20,82.4,12,10,2026-09-23T16:00:00.088997,77.4,64.3,72.8,45.2
res-sr-02,Study Room B,STUDY_ROOM,20,16,2,0,12,61.1,4,4,2026-09-23T16:00:00.088997,62.4,62.3,57.7,56.7
res-sr-03,Study Room C,STUDY_ROOM,20,16,2,0,16,79.8,2,8,2026-09-23T16:00:00.088997,70.6,77.8,52.9,65.6
res-can-01,Main Canteen,CANTEEN,250,16,2,0,87,35.0,0,6,2026-09-23T16:00:00.088997,35.0,32.3,33.3,18.7
res-sem-01,Dr. Kalam Seminar Hall,SEMINAR_HALL,180,16,2,0,51,28.4,3,2,2026-09-23T16:00:00.088997,23.7,15.9,17.4,11.7
res-cls-01,Block A Classrooms (301-305),CLASSROOM,150,16,2,0,11,7.1,3,0,2026-09-23T16:00:00.088997,4.4,9.1,7.2,9.6
res-cls-02,Block B Classrooms (201-204),CLASSROOM,120,16,2,0,23,19.4,4,0,2026-09-23T16:00:00.088997,16.3,13.3,6.3,3.1
res-sac-01,Student Activity Center,ACTIVITY_CENTER,160,16,2,0,88,55.0,3,8,2026-09-23T16:00:00.088997,52.3,51.3,48.5,43.7
res-lib-01,Central Library,LIBRARY,200,17,2,0,164,82.2,8,12,2026-09-23T17:00:00.088997,83.3,77.4,70.2,68.8
res-lib-02,Digital Reading Hall,LIBRARY,120,17,2,0,40,33.5,8,0,2026-09-23T17:00:00.088997,34.1,35.2,12.1,19.3
res-lab-01,Computer Lab 1,COMPUTER_LAB,80,17,2,0,34,42.5,6,3,2026-09-23T17:00:00.088997,40.0,35.1,41.0,33.3
res-lab-02,Computer Lab 2,COMPUTER_LAB,75,17,2,0,28,37.7,5,5,2026-09-23T17:00:00.088997,34.7,42.9,18.6,5.0
res-lab-03,Computer Lab 3,COMPUTER_LAB,60,17,2,0,30,49.8,0,6,2026-09-23T17:00:00.088997,50.0,52.0,32.3,46.7
res-lab-ai,AI & Data Science Lab,RESEARCH_LAB,50,17,2,0,36,72.2,9,9,2026-09-23T17:00:00.088997,67.2,82.8,76.2,53.9
res-lab-res,Advanced Research Lab,RESEARCH_LAB,40,17,2,0,32,80.6,9,8,2026-09-23T17:00:00.088997,82.9,68.6,75.2,50.3
res-sr-01,Study Room A,STUDY_ROOM,24,17,2,0,20,83.9,9,14,2026-09-23T17:00:00.088997,75.7,87.1,60.5,55.9
res-sr-02,Study Room B,STUDY_ROOM,20,17,2,0,14,70.4,9,3,2026-09-23T17:00:00.088997,63.0,66.6,66.5,58.9
res-sr-03,Study Room C,STUDY_ROOM,20,17,2,0,13,64.4,13,6,2026-09-23T17:00:00.088997,65.6,60.3,46.5,59.0
res-can-01,Main Canteen,CANTEEN,250,17,2,0,18,7.4,0,1,2026-09-23T17:00:00.088997,0.0,0.0,7.6,0.0
res-sem-01,Dr. Kalam Seminar Hall,SEMINAR_HALL,180,17,2,0,9,5.0,1,0,2026-09-23T17:00:00.088997,4.7,0.0,0.0,0.0
res-cls-01,Block A Classrooms (301-305),CLASSROOM,150,17,2,0,16,10.8,4,0,2026-09-23T17:00:00.088997,12.4,5.5,9.4,0.3
res-cls-02,Block B Classrooms (201-204),CLASSROOM,120,17,2,0,12,9.9,2,4,2026-09-23T17:00:00.088997,8.8,7.7,0.0,16.7
res-sac-01,Student Activity Center,ACTIVITY_CENTER,160,17,2,0,119,74.4,9,7,2026-09-23T17:00:00.088997,76.3,65.8,50.4,63.3
res-lib-01,Central Library,LIBRARY,200,18,2,0,144,71.8,13,6,2026-09-23T18:00:00.088997,70.0,69.9,61.4,66.0
res-lib-02,Digital Reading Hall,LIBRARY,120,18,2,0,24,19.7,5,4,2026-09-23T18:00:00.088997,20.9,13.4,29.0,13.5
res-lab-01,Computer Lab 1,COMPUTER_LAB,80,18,2,0,29,36.0,2,3,2026-09-23T18:00:00.088997,34.4,26.3,25.4,22.0
res-lab-02,Computer Lab 2,COMPUTER_LAB,75,18,2,0,19,25.2,0,2,2026-09-23T18:00:00.088997,21.7,20.1,26.5,37.9
res-lab-03,Computer Lab 3,COMPUTER_LAB,60,18,2,0,24,40.5,1,3,2026-09-23T18:00:00.088997,40.9,38.4,41.4,27.3
res-lab-ai,AI & Data Science Lab,RESEARCH_LAB,50,18,2,0,26,51.3,11,5,2026-09-23T18:00:00.088997,45.3,55.2,29.9,0.0
res-lab-res,Advanced Research Lab,RESEARCH_LAB,40,18,2,0,32,80.0,12,9,2026-09-23T18:00:00.088997,72.7,74.6,69.4,61.5
res-sr-01,Study Room A,STUDY_ROOM,24,18,2,0,18,75.7,5,8,2026-09-23T18:00:00.088997,78.5,73.0,78.9,70.5
res-sr-02,Study Room B,STUDY_ROOM,20,18,2,0,16,78.8,10,9,2026-09-23T18:00:00.088997,75.3,66.0,79.4,80.8
res-sr-03,Study Room C,STUDY_ROOM,20,18,2,0,10,48.9,4,0,2026-09-23T18:00:00.088997,47.2,35.8,27.5,36.6
res-can-01,Main Canteen,CANTEEN,250,18,2,0,17,6.9,1,0,2026-09-23T18:00:00.088997,2.5,0.0,0.0,0.0
res-sem-01,Dr. Kalam Seminar Hall,SEMINAR_HALL,180,18,2,0,9,5.0,0,0,2026-09-23T18:00:00.088997,2.3,1.4,0.0,0.0
res-cls-01,Block A Classrooms (301-305),CLASSROOM,150,18,2,0,8,5.0,0,0,2026-09-23T18:00:00.088997,5.7,5.2,11.5,0.0
res-cls-02,Block B Classrooms (201-204),CLASSROOM,120,18,2,0,11,9.5,0,0,2026-09-23T18:00:00.088997,8.4,0.0,12.6,0.0
res-sac-01,Student Activity Center,ACTIVITY_CENTER,160,18,2,0,131,81.9,6,5,2026-09-23T18:00:00.088997,82.1,72.9,69.3,60.2
res-lib-01,Central Library,LIBRARY,200,19,2,0,110,54.9,4,5,2026-09-23T19:00:00.088997,52.1,51.2,41.4,40.5
res-lib-02,Digital Reading Hall,LIBRARY,120,19,2,0,26,21.6,0,5,2026-09-23T19:00:00.088997,24.3,20.2,14.2,0.0
res-lab-01,Computer Lab 1,COMPUTER_LAB,80,19,2,0,29,36.7,3,2,2026-09-23T19:00:00.088997,27.1,34.7,15.7,26.1
res-lab-02,Computer Lab 2,COMPUTER_LAB,75,19,2,0,21,28.6,2,6,2026-09-23T19:00:00.088997,23.6,27.2,8.9,29.0
res-lab-03,Computer Lab 3,COMPUTER_LAB,60,19,2,0,11,18.5,3,0,2026-09-23T19:00:00.088997,10.9,11.2,20.5,8.1
res-lab-ai,AI & Data Science Lab,RESEARCH_LAB,50,19,2,0,12,23.8,0,6,2026-09-23T19:00:00.088997,23.7,11.4,0.0,4.3
res-lab-res,Advanced Research Lab,RESEARCH_LAB,40,19,2,0,22,54.6,6,12,2026-09-23T19:00:00.088997,46.2,48.5,58.4,51.6
res-sr-01,Study Room A,STUDY_ROOM,24,19,2,0,13,52.3,5,1,2026-09-23T19:00:00.088997,49.2,48.7,54.2,32.8
res-sr-02,Study Room B,STUDY_ROOM,20,19,2,0,13,64.3,4,7,2026-09-23T19:00:00.088997,65.4,63.1,45.8,54.1
res-sr-03,Study Room C,STUDY_ROOM,20,19,2,0,5,24.1,5,1,2026-09-23T19:00:00.088997,16.0,17.8,20.2,15.0
res-can-01,Main Canteen,CANTEEN,250,19,2,0,20,8.0,0,0,2026-09-23T19:00:00.088997,4.4,0.0,8.7,0.0
res-sem-01,Dr. Kalam Seminar Hall,SEMINAR_HALL,180,19,2,0,10,5.5,0,3,2026-09-23T19:00:00.088997,7.8,4.7,0.7,0.0
res-cls-01,Block A Classrooms (301-305),CLASSROOM,150,19,2,0,9,5.7,0,2,2026-09-23T19:00:00.088997,4.0,5.9,6.7,0.0
res-cls-02,Block B Classrooms (201-204),CLASSROOM,120,19,2,0,12,10.1,1,0,2026-09-23T19:00:00.088997,6.0,12.2,2.6,0.0
res-sac-01,Student Activity Center,ACTIVITY_CENTER,160,19,2,0,110,68.7,10,3,2026-09-23T19:00:00.088997,68.5,66.6,57.0,60.5
res-lib-01,Central Library,LIBRARY,200,20,2,0,51,25.7,2,2,2026-09-23T20:00:00.088997,24.0,21.5,18.3,0.5
res-lib-02,Digital Reading Hall,LIBRARY,120,20,2,0,23,19.4,3,2,2026-09-23T20:00:00.088997,21.2,18.1,3.6,5.4
res-lab-01,Computer Lab 1,COMPUTER_LAB,80,20,2,0,27,33.8,4,3,2026-09-23T20:00:00.088997,34.2,29.8,36.8,24.6
res-lab-02,Computer Lab 2,COMPUTER_LAB,75,20,2,0,16,21.7,1,3,2026-09-23T20:00:00.088997,13.2,8.6,13.8,21.1
res-lab-03,Computer Lab 3,COMPUTER_LAB,60,20,2,0,12,20.2,1,5,2026-09-23T20:00:00.088997,18.5,6.0,12.2,0.8
res-lab-ai,AI & Data Science Lab,RESEARCH_LAB,50,20,2,0,17,33.7,3,0,2026-09-23T20:00:00.088997,25.7,28.5,3.9,15.5
res-lab-res,Advanced Research Lab,RESEARCH_LAB,40,20,2,0,17,43.7,2,7,2026-09-23T20:00:00.088997,46.5,32.6,33.0,43.6
res-sr-01,Study Room A,STUDY_ROOM,24,20,2,0,8,31.8,0,2,2026-09-23T20:00:00.088997,26.4,33.4,29.2,16.0
res-sr-02,Study Room B,STUDY_ROOM,20,20,2,0,10,48.5,1,2,2026-09-23T20:00:00.088997,52.7,43.8,48.8,39.2
res-sr-03,Study Room C,STUDY_ROOM,20,20,2,0,4,20.3,0,1,2026-09-23T20:00:00.088997,24.8,21.0,24.2,8.2
res-can-01,Main Canteen,CANTEEN,250,20,2,0,20,7.9,0,0,2026-09-23T20:00:00.088997,9.1,5.9,0.0,1.9
res-sem-01,Dr. Kalam Seminar Hall,SEMINAR_HALL,180,20,2,0,10,5.6,3,3,2026-09-23T20:00:00.088997,0.0,2.2,0.0,0.0
res-cls-01,Block A Classrooms (301-305),CLASSROOM,150,20,2,0,19,12.4,0,0,2026-09-23T20:00:00.088997,10.5,8.8,1.9,0.0
res-cls-02,Block B Classrooms (201-204),CLASSROOM,120,20,2,0,12,9.8,0,0,2026-09-23T20:00:00.088997,6.0,4.0,0.0,0.0
res-sac-01,Student Activity Center,ACTIVITY_CENTER,160,20,2,0,89,55.6,9,9,2026-09-23T20:00:00.088997,63.3,60.7,36.8,38.7
res-lib-01,Central Library,LIBRARY,200,21,2,0,50,24.9,2,2,2026-09-23T21:00:00.088997,32.5,13.4,10.5,32.6
res-lib-02,Digital Reading Hall,LIBRARY,120,21,2,0,21,17.5,3,4,2026-09-23T21:00:00.088997,17.5,13.7,18.0,0.0
res-lab-01,Computer Lab 1,COMPUTER_LAB,80,21,2,0,26,33.0,5,0,2026-09-23T21:00:00.088997,36.7,29.8,26.4,1.4
res-lab-02,Computer Lab 2,COMPUTER_LAB,75,21,2,0,15,19.9,1,4,2026-09-23T21:00:00.088997,9.5,19.6,8.6,5.2
res-lab-03,Computer Lab 3,COMPUTER_LAB,60,21,2,0,10,16.0,2,0,2026-09-23T21:00:00.088997,16.5,0.0,4.0,5.9
res-lab-ai,AI & Data Science Lab,RESEARCH_LAB,50,21,2,0,14,28.6,0,5,2026-09-23T21:00:00.088997,21.6,23.2,22.0,16.9
res-lab-res,Advanced Research Lab,RESEARCH_LAB,40,21,2,0,10,24.7,2,3,2026-09-23T21:00:00.088997,22.5,23.4,29.2,14.3
res-sr-01,Study Room A,STUDY_ROOM,24,21,2,0,6,23.1,7,6,2026-09-23T21:00:00.088997,19.6,24.3,17.4,24.5
res-sr-02,Study Room B,STUDY_ROOM,20,21,2,0,6,29.1,4,4,2026-09-23T21:00:00.088997,28.1,25.8,19.6,14.1
res-sr-03,Study Room C,STUDY_ROOM,20,21,2,0,4,22.1,4,0,2026-09-23T21:00:00.088997,18.9,23.4,7.4,0.0
res-can-01,Main Canteen,CANTEEN,250,21,2,0,12,5.0,0,0,2026-09-23T21:00:00.088997,0.0,8.3,0.0,0.0
res-sem-01,Dr. Kalam Seminar Hall,SEMINAR_HALL,180,21,2,0,9,5.0,0,0,2026-09-23T21:00:00.088997,1.5,12.4,3.0,0.0
res-cls-01,Block A Classrooms (301-305),CLASSROOM,150,21,2,0,19,12.8,0,0,2026-09-23T21:00:00.088997,17.6,0.9,1.6,4.5
res-cls-02,Block B Classrooms (201-204),CLASSROOM,120,21,2,0,8,6.3,2,0,2026-09-23T21:00:00.088997,6.9,4.8,0.0,14.8
res-sac-01,Student Activity Center,ACTIVITY_CENTER,160,21,2,0,56,35.1,8,7,2026-09-23T21:00:00.088997,40.2,31.2,20.0,48.0
res-lib-01,Central Library,LIBRARY,200,8,3,0,47,23.7,0,1,2026-09-24T08:00:00.088997,21.7,31.8,26.2,30.2
res-lib-02,Digital Reading Hall,LIBRARY,120,8,3,0,29,23.9,4,2,2026-09-24T08:00:00.088997,26.6,28.9,28.0,33.8
res-lab-01,Computer Lab 1,COMPUTER_LAB,80,8,3,0,30,37.0,4,4,2026-09-24T08:00:00.088997,35.6,38.3,38.4,40.2
res-lab-02,Computer Lab 2,COMPUTER_LAB,75,8,3,0,23,30.1,5,0,2026-09-24T08:00:00.088997,33.9,32.8,32.0,22.3
res-lab-03,Computer Lab 3,COMPUTER_LAB,60,8,3,0,11,18.9,0,1,2026-09-24T08:00:00.088997,17.1,28.5,23.9,27.3
res-lab-ai,AI & Data Science Lab,RESEARCH_LAB,50,8,3,0,15,29.6,4,2,2026-09-24T08:00:00.088997,31.4,31.5,23.4,26.2
res-lab-res,Advanced Research Lab,RESEARCH_LAB,40,8,3,0,9,22.9,1,0,2026-09-24T08:00:00.088997,19.3,17.6,24.5,43.5
res-sr-01,Study Room A,STUDY_ROOM,24,8,3,0,4,17.8,3,0,2026-09-24T08:00:00.088997,22.3,20.7,14.7,24.5
res-sr-02,Study Room B,STUDY_ROOM,20,8,3,0,4,22.3,8,3,2026-09-24T08:00:00.088997,23.8,29.2,33.2,31.9
res-sr-03,Study Room C,STUDY_ROOM,20,8,3,0,3,16.8,2,0,2026-09-24T08:00:00.088997,14.0,19.0,32.0,26.4
res-can-01,Main Canteen,CANTEEN,250,8,3,0,28,11.2,0,0,2026-09-24T08:00:00.088997,12.2,10.1,9.4,35.7
res-sem-01,Dr. Kalam Seminar Hall,SEMINAR_HALL,180,8,3,0,9,5.0,0,5,2026-09-24T08:00:00.088997,10.3,7.8,16.8,12.2
res-cls-01,Block A Classrooms (301-305),CLASSROOM,150,8,3,0,45,30.0,5,2,2026-09-24T08:00:00.088997,32.3,41.1,46.2,33.4
res-cls-02,Block B Classrooms (201-204),CLASSROOM,120,8,3,0,14,11.9,0,2,2026-09-24T08:00:00.088997,14.5,19.2,17.3,47.0
res-sac-01,Student Activity Center,ACTIVITY_CENTER,160,8,3,0,18,11.4,4,0,2026-09-24T08:00:00.088997,15.4,19.8,19.9,15.5
res-lib-01,Central Library,LIBRARY,200,9,3,0,51,25.6,3,7,2026-09-24T09:00:00.088997,24.1,27.2,36.1,32.5
res-lib-02,Digital Reading Hall,LIBRARY,120,9,3,0,24,19.6,5,0,2026-09-24T09:00:00.088997,19.2,14.1,16.8,58.5
res-lab-01,Computer Lab 1,COMPUTER_LAB,80,9,3,0,30,37.4,7,3,2026-09-24T09:00:00.088997,42.4,31.8,54.7,37.6
res-lab-02,Computer Lab 2,COMPUTER_LAB,75,9,3,0,17,22.9,4,3,2026-09-24T09:00:00.088997,25.2,19.7,31.8,44.4
res-lab-03,Computer Lab 3,COMPUTER_LAB,60,9,3,0,8,12.9,5,0,2026-09-24T09:00:00.088997,14.9,27.1,14.7,35.5
res-lab-ai,AI & Data Science Lab,RESEARCH_LAB,50,9,3,0,19,37.9,5,2,2026-09-24T09:00:00.088997,36.8,50.7,57.4,65.3
res-lab-res,Advanced Research Lab,RESEARCH_LAB,40,9,3,0,8,19.9,5,1,2026-09-24T09:00:00.088997,18.3,31.6,42.6,17.6
res-sr-01,Study Room A,STUDY_ROOM,24,9,3,0,4,15.8,2,4,2026-09-24T09:00:00.088997,13.3,22.2,18.5,34.3
res-sr-02,Study Room B,STUDY_ROOM,20,9,3,0,2,11.8,3,0,2026-09-24T09:00:00.088997,10.1,17.2,2.4,15.1
res-sr-03,Study Room C,STUDY_ROOM,20,9,3,0,3,16.3,0,0,2026-09-24T09:00:00.088997,9.0,29.3,23.7,20.0
res-can-01,Main Canteen,CANTEEN,250,9,3,0,34,13.8,0,2,2026-09-24T09:00:00.088997,15.9,16.0,24.4,33.1
res-sem-01,Dr. Kalam Seminar Hall,SEMINAR_HALL,180,9,3,0,9,5.0,0,0,2026-09-24T09:00:00.088997,0.0,11.7,2.1,22.6
res-cls-01,Block A Classrooms (301-305),CLASSROOM,150,9,3,0,77,51.7,6,7,2026-09-24T09:00:00.088997,50.0,58.9,62.1,59.4
res-cls-02,Block B Classrooms (201-204),CLASSROOM,120,9,3,0,22,18.1,3,3,2026-09-24T09:00:00.088997,20.5,16.7,21.3,27.4
res-sac-01,Student Activity Center,ACTIVITY_CENTER,160,9,3,0,28,17.8,0,0,2026-09-24T09:00:00.088997,18.1,22.3,14.0,25.1
res-lib-01,Central Library,LIBRARY,200,10,3,0,48,23.8,0,2,2026-09-24T10:00:00.088997,23.6,31.7,23.8,34.8
res-lib-02,Digital Reading Hall,LIBRARY,120,10,3,0,34,28.6,1,3,2026-09-24T10:00:00.088997,31.5,31.1,34.1,21.1
res-lab-01,Computer Lab 1,COMPUTER_LAB,80,10,3,0,42,52.4,8,7,2026-09-24T10:00:00.088997,48.0,53.8,57.4,39.2
res-lab-02,Computer Lab 2,COMPUTER_LAB,75,10,3,0,30,40.4,9,10,2026-09-24T10:00:00.088997,38.2,46.1,60.3,47.3
res-lab-03,Computer Lab 3,COMPUTER_LAB,60,10,3,0,8,12.7,0,4,2026-09-24T10:00:00.088997,14.7,13.4,23.3,24.6
res-lab-ai,AI & Data Science Lab,RESEARCH_LAB,50,10,3,0,15,30.7,3,7,2026-09-24T10:00:00.088997,32.1,45.4,43.8,44.9
res-lab-res,Advanced Research Lab,RESEARCH_LAB,40,10,3,0,8,19.5,5,2,2026-09-24T10:00:00.088997,17.8,18.8,31.3,18.7
res-sr-01,Study Room A,STUDY_ROOM,24,10,3,0,5,19.8,5,2,2026-09-24T10:00:00.088997,18.9,33.2,32.7,42.0
res-sr-02,Study Room B,STUDY_ROOM,20,10,3,0,1,5.9,1,3,2026-09-24T10:00:00.088997,14.7,2.1,24.8,35.7
res-sr-03,Study Room C,STUDY_ROOM,20,10,3,0,1,6.9,2,2,2026-09-24T10:00:00.088997,7.6,9.0,20.9,9.6
res-can-01,Main Canteen,CANTEEN,250,10,3,0,80,31.9,6,8,2026-09-24T10:00:00.088997,36.1,37.7,35.3,29.8
res-sem-01,Dr. Kalam Seminar Hall,SEMINAR_HALL,180,10,3,0,58,32.2,3,6,2026-09-24T10:00:00.088997,32.9,33.3,44.0,41.3
res-cls-01,Block A Classrooms (301-305),CLASSROOM,150,10,3,0,93,62.1,12,4,2026-09-24T10:00:00.088997,67.8,72.1,58.7,60.0
res-cls-02,Block B Classrooms (201-204),CLASSROOM,120,10,3,0,50,41.7,2,9,2026-09-24T10:00:00.088997,42.9,52.0,54.3,54.8
res-sac-01,Student Activity Center,ACTIVITY_CENTER,160,10,3,0,24,15.2,5,0,2026-09-24T10:00:00.088997,24.1,12.4,30.2,8.3
res-lib-01,Central Library,LIBRARY,200,11,3,0,47,23.7,3,0,2026-09-24T11:00:00.088997,25.0,20.4,22.9,39.7
res-lib-02,Digital Reading Hall,LIBRARY,120,11,3,0,64,53.0,4,9,2026-09-24T11:00:00.088997,50.1,55.8,56.5,70.4
res-lab-01,Computer Lab 1,COMPUTER_LAB,80,11,3,0,54,68.1,7,1,2026-09-24T11:00:00.088997,73.5,71.8,77.1,69.1
res-lab-02,Computer Lab 2,COMPUTER_LAB,75,11,3,0,41,54.3,11,0,2026-09-24T11:00:00.088997,52.0,68.1,68.0,60.4
res-lab-03,Computer Lab 3,COMPUTER_LAB,60,11,3,0,12,20.0,3,2,2026-09-24T11:00:00.088997,22.9,27.8,32.5,56.3
res-lab-ai,AI & Data Science Lab,RESEARCH_LAB,50,11,3,0,15,29.2,3,0,2026-09-24T11:00:00.088997,31.0,45.4,46.1,32.7
res-lab-res,Advanced Research Lab,RESEARCH_LAB,40,11,3,0,8,20.1,0,0,2026-09-24T11:00:00.088997,22.7,22.2,18.7,36.0
res-sr-01,Study Room A,STUDY_ROOM,24,11,3,0,5,19.7,0,0,2026-09-24T11:00:00.088997,19.4,15.1,10.9,43.2
res-sr-02,Study Room B,STUDY_ROOM,20,11,3,0,3,14.6,0,0,2026-09-24T11:00:00.088997,12.1,22.1,21.4,15.5
res-sr-03,Study Room C,STUDY_ROOM,20,11,3,0,3,12.6,0,0,2026-09-24T11:00:00.088997,13.6,15.0,21.1,21.6
res-can-01,Main Canteen,CANTEEN,250,11,3,0,132,52.9,9,7,2026-09-24T11:00:00.088997,58.8,52.9,56.4,70.8
res-sem-01,Dr. Kalam Seminar Hall,SEMINAR_HALL,180,11,3,0,89,49.7,3,6,2026-09-24T11:00:00.088997,47.9,57.6,57.5,43.1
res-cls-01,Block A Classrooms (301-305),CLASSROOM,150,11,3,0,110,73.3,15,7,2026-09-24T11:00:00.088997,84.5,69.6,88.0,52.9
res-cls-02,Block B Classrooms (201-204),CLASSROOM,120,11,3,0,72,60.1,9,8,2026-09-24T11:00:00.088997,58.9,71.3,63.3,68.1
res-sac-01,Student Activity Center,ACTIVITY_CENTER,160,11,3,0,21,13.3,0,6,2026-09-24T11:00:00.088997,15.5,24.8,30.7,11.7
res-lib-01,Central Library,LIBRARY,200,12,3,0,60,29.9,5,0,2026-09-24T12:00:00.088997,33.7,28.7,52.3,27.6
res-lib-02,Digital Reading Hall,LIBRARY,120,12,3,0,84,69.8,12,2,2026-09-24T12:00:00.088997,68.8,73.3,97.9,44.9
res-lab-01,Computer Lab 1,COMPUTER_LAB,80,12,3,0,63,78.2,5,10,2026-09-24T12:00:00.088997,77.9,82.3,93.1,64.3
res-lab-02,Computer Lab 2,COMPUTER_LAB,75,12,3,0,57,75.9,10,6,2026-09-24T12:00:00.088997,77.2,82.3,91.7,54.4
res-lab-03,Computer Lab 3,COMPUTER_LAB,60,12,3,0,15,25.7,5,5,2026-09-24T12:00:00.088997,28.5,32.3,28.6,19.7
res-lab-ai,AI & Data Science Lab,RESEARCH_LAB,50,12,3,0,28,56.2,6,13,2026-09-24T12:00:00.088997,51.9,62.2,53.6,54.8
res-lab-res,Advanced Research Lab,RESEARCH_LAB,40,12,3,0,5,13.7,0,0,2026-09-24T12:00:00.088997,16.7,15.1,16.4,0.0
res-sr-01,Study Room A,STUDY_ROOM,24,12,3,0,5,19.0,6,3,2026-09-24T12:00:00.088997,19.7,36.6,31.5,0.0
res-sr-02,Study Room B,STUDY_ROOM,20,12,3,0,3,16.0,3,0,2026-09-24T12:00:00.088997,13.8,21.5,20.8,21.8
res-sr-03,Study Room C,STUDY_ROOM,20,12,3,0,6,29.8,1,4,2026-09-24T12:00:00.088997,36.8,26.4,28.6,17.6
res-can-01,Main Canteen,CANTEEN,250,12,3,0,168,67.0,7,5,2026-09-24T12:00:00.088997,67.7,74.3,85.2,49.2
res-sem-01,Dr. Kalam Seminar Hall,SEMINAR_HALL,180,12,3,0,129,71.6,14,11,2026-09-24T12:00:00.088997,76.1,88.7,77.0,49.6
res-cls-01,Block A Classrooms (301-305),CLASSROOM,150,12,3,0,97,64.8,4,6,2026-09-24T12:00:00.088997,68.0,71.0,72.7,54.4
res-cls-02,Block B Classrooms (201-204),CLASSROOM,120,12,3,0,95,79.1,11,10,2026-09-24T12:00:00.088997,81.8,74.4,70.7,92.1
res-sac-01,Student Activity Center,ACTIVITY_CENTER,160,12,3,0,21,12.9,0,2,2026-09-24T12:00:00.088997,17.1,21.9,36.8,18.9
res-lib-01,Central Library,LIBRARY,200,13,3,0,89,44.5,8,3,2026-09-24T13:00:00.088997,46.0,43.0,21.3,32.2
res-lib-02,Digital Reading Hall,LIBRARY,120,13,3,0,94,78.3,12,6,2026-09-24T13:00:00.088997,81.5,91.5,56.9,57.6
res-lab-01,Computer Lab 1,COMPUTER_LAB,80,13,3,0,76,95.0,12,12,2026-09-24T13:00:00.088997,100.0,100.0,89.7,87.0
res-lab-02,Computer Lab 2,COMPUTER_LAB,75,13,3,0,61,81.2,9,8,2026-09-24T13:00:00.088997,85.1,80.7,61.8,66.4
res-lab-03,Computer Lab 3,COMPUTER_LAB,60,13,3,0,39,64.9,5,10,2026-09-24T13:00:00.088997,73.2,70.2,50.8,59.0
res-lab-ai,AI & Data Science Lab,RESEARCH_LAB,50,13,3,0,36,72.8,6,5,2026-09-24T13:00:00.088997,76.6,83.4,61.9,60.0
res-lab-res,Advanced Research Lab,RESEARCH_LAB,40,13,3,0,9,22.7,2,1,2026-09-24T13:00:00.088997,21.7,23.0,38.7,8.3
res-sr-01,Study Room A,STUDY_ROOM,24,13,3,0,9,37.3,9,3,2026-09-24T13:00:00.088997,40.7,42.9,14.7,6.6
res-sr-02,Study Room B,STUDY_ROOM,20,13,3,0,3,15.2,0,7,2026-09-24T13:00:00.088997,16.2,31.9,2.9,26.1
res-sr-03,Study Room C,STUDY_ROOM,20,13,3,0,10,49.9,7,3,2026-09-24T13:00:00.088997,54.2,65.1,40.6,33.8
res-can-01,Main Canteen,CANTEEN,250,13,3,0,185,74.0,13,9,2026-09-24T13:00:00.088997,81.8,80.9,66.4,67.1
res-sem-01,Dr. Kalam Seminar Hall,SEMINAR_HALL,180,13,3,0,134,74.3,8,11,2026-09-24T13:00:00.088997,77.7,64.8,74.2,47.0
res-cls-01,Block A Classrooms (301-305),CLASSROOM,150,13,3,0,83,55.5,9,6,2026-09-24T13:00:00.088997,59.6,67.0,43.0,53.0
res-cls-02,Block B Classrooms (201-204),CLASSROOM,120,13,3,0,92,76.8,14,4,2026-09-24T13:00:00.088997,80.4,76.0,59.7,69.1
res-sac-01,Student Activity Center,ACTIVITY_CENTER,160,13,3,0,24,15.3,5,0,2026-09-24T13:00:00.088997,16.8,21.6,0.0,0.0
res-lib-01,Central Library,LIBRARY,200,14,3,0,143,71.5,6,10,2026-09-24T14:00:00.088997,71.9,57.2,68.3,65.8
res-lib-02,Digital Reading Hall,LIBRARY,120,14,3,0,101,83.8,9,5,2026-09-24T14:00:00.088997,87.2,78.2,67.9,77.3
res-lab-01,Computer Lab 1,COMPUTER_LAB,80,14,3,0,75,94.2,8,8,2026-09-24T14:00:00.088997,89.5,83.7,93.4,80.8
res-lab-02,Computer Lab 2,COMPUTER_LAB,75,14,3,0,69,92.1,8,4,2026-09-24T14:00:00.088997,90.7,98.3,88.9,100.0
res-lab-03,Computer Lab 3,COMPUTER_LAB,60,14,3,0,44,73.2,9,0,2026-09-24T14:00:00.088997,72.9,69.2,61.5,59.6
res-lab-ai,AI & Data Science Lab,RESEARCH_LAB,50,14,3,0,43,86.6,9,14,2026-09-24T14:00:00.088997,83.1,82.6,75.0,84.0
res-lab-res,Advanced Research Lab,RESEARCH_LAB,40,14,3,0,17,43.5,4,0,2026-09-24T14:00:00.088997,42.5,36.6,34.9,17.3
res-sr-01,Study Room A,STUDY_ROOM,24,14,3,0,14,58.6,9,10,2026-09-24T14:00:00.088997,61.2,57.2,40.3,68.7
res-sr-02,Study Room B,STUDY_ROOM,20,14,3,0,5,23.1,1,4,2026-09-24T14:00:00.088997,24.1,21.5,11.5,3.8
res-sr-03,Study Room C,STUDY_ROOM,20,14,3,0,15,75.2,8,7,2026-09-24T14:00:00.088997,70.4,71.7,69.0,63.0
res-can-01,Main Canteen,CANTEEN,250,14,3,0,171,68.4,13,5,2026-09-24T14:00:00.088997,66.6,59.5,63.1,49.6
res-sem-01,Dr. Kalam Seminar Hall,SEMINAR_HALL,180,14,3,0,108,59.8,2,6,2026-09-24T14:00:00.088997,59.5,65.9,56.0,42.4
res-cls-01,Block A Classrooms (301-305),CLASSROOM,150,14,3,0,41,27.3,0,0,2026-09-24T14:00:00.088997,32.9,24.1,14.1,3.8
res-cls-02,Block B Classrooms (201-204),CLASSROOM,120,14,3,0,68,56.6,4,9,2026-09-24T14:00:00.088997,54.5,43.0,69.4,31.0
res-sac-01,Student Activity Center,ACTIVITY_CENTER,160,14,3,0,20,12.6,5,2,2026-09-24T14:00:00.088997,8.8,0.2,0.0,0.0
res-lib-01,Central Library,LIBRARY,200,15,3,0,164,81.9,10,7,2026-09-24T15:00:00.088997,79.7,70.6,76.5,85.3
res-lib-02,Digital Reading Hall,LIBRARY,120,15,3,0,83,69.4,7,7,2026-09-24T15:00:00.088997,71.9,59.1,74.5,62.5
res-lab-01,Computer Lab 1,COMPUTER_LAB,80,15,3,0,68,85.2,13,4,2026-09-24T15:00:00.088997,85.3,82.8,68.8,78.7
res-lab-02,Computer Lab 2,COMPUTER_LAB,75,15,3,0,57,76.2,8,10,2026-09-24T15:00:00.088997,71.9,72.8,67.0,56.8
res-lab-03,Computer Lab 3,COMPUTER_LAB,60,15,3,0,49,82.0,9,3,2026-09-24T15:00:00.088997,72.8,81.7,63.0,73.4
res-lab-ai,AI & Data Science Lab,RESEARCH_LAB,50,15,3,0,48,95.0,10,15,2026-09-24T15:00:00.088997,93.7,94.5,89.6,80.2
res-lab-res,Advanced Research Lab,RESEARCH_LAB,40,15,3,0,25,61.9,11,9,2026-09-24T15:00:00.088997,67.8,58.3,46.1,44.7
res-sr-01,Study Room A,STUDY_ROOM,24,15,3,0,16,65.3,10,4,2026-09-24T15:00:00.088997,51.1,75.1,52.2,46.4
res-sr-02,Study Room B,STUDY_ROOM,20,15,3,0,11,54.6,2,8,2026-09-24T15:00:00.088997,50.2,41.6,61.9,53.6
res-sr-03,Study Room C,STUDY_ROOM,20,15,3,0,16,80.8,10,9,2026-09-24T15:00:00.088997,73.9,76.5,64.4,52.1
res-can-01,Main Canteen,CANTEEN,250,15,3,0,134,53.7,9,4,2026-09-24T15:00:00.088997,50.8,41.8,45.7,50.8
res-sem-01,Dr. Kalam Seminar Hall,SEMINAR_HALL,180,15,3,0,90,50.2,7,3,2026-09-24T15:00:00.088997,45.6,50.0,49.5,36.1
res-cls-01,Block A Classrooms (301-305),CLASSROOM,150,15,3,0,12,8.3,4,0,2026-09-24T15:00:00.088997,9.3,2.5,0.0,15.6
res-cls-02,Block B Classrooms (201-204),CLASSROOM,120,15,3,0,52,43.4,3,0,2026-09-24T15:00:00.088997,36.2,36.1,52.7,24.3
res-sac-01,Student Activity Center,ACTIVITY_CENTER,160,15,3,0,70,43.6,4,0,2026-09-24T15:00:00.088997,39.7,30.9,27.9,20.9
res-lib-01,Central Library,LIBRARY,200,16,3,0,165,82.4,14,8,2026-09-24T16:00:00.088997,77.6,78.7,66.9,38.3
res-lib-02,Digital Reading Hall,LIBRARY,120,16,3,0,78,64.7,8,4,2026-09-24T16:00:00.088997,55.0,50.7,71.6,70.7
res-lab-01,Computer Lab 1,COMPUTER_LAB,80,16,3,0,57,70.9,5,11,2026-09-24T16:00:00.088997,70.7,69.8,66.9,40.8
res-lab-02,Computer Lab 2,COMPUTER_LAB,75,16,3,0,40,53.1,4,7,2026-09-24T16:00:00.088997,45.6,47.0,43.5,50.6
res-lab-03,Computer Lab 3,COMPUTER_LAB,60,16,3,0,45,74.6,5,11,2026-09-24T16:00:00.088997,67.9,76.1,61.6,64.5
res-lab-ai,AI & Data Science Lab,RESEARCH_LAB,50,16,3,0,44,87.8,11,10,2026-09-24T16:00:00.088997,87.3,87.5,84.0,60.6
res-lab-res,Advanced Research Lab,RESEARCH_LAB,40,16,3,0,31,78.0,7,4,2026-09-24T16:00:00.088997,74.8,74.1,72.2,78.6
res-sr-01,Study Room A,STUDY_ROOM,24,16,3,0,21,87.4,11,10,2026-09-24T16:00:00.088997,85.7,87.0,83.7,74.7
res-sr-02,Study Room B,STUDY_ROOM,20,16,3,0,15,73.7,7,11,2026-09-24T16:00:00.088997,66.3,73.6,78.6,38.8
res-sr-03,Study Room C,STUDY_ROOM,20,16,3,0,16,77.7,11,8,2026-09-24T16:00:00.088997,77.2,73.5,59.8,94.1
res-can-01,Main Canteen,CANTEEN,250,16,3,0,77,30.8,4,1,2026-09-24T16:00:00.088997,19.7,20.2,9.7,31.9
res-sem-01,Dr. Kalam Seminar Hall,SEMINAR_HALL,180,16,3,0,46,25.4,1,0,2026-09-24T16:00:00.088997,23.7,16.1,26.3,17.0
res-cls-01,Block A Classrooms (301-305),CLASSROOM,150,16,3,0,12,7.7,3,0,2026-09-24T16:00:00.088997,5.8,0.0,0.0,0.0
res-cls-02,Block B Classrooms (201-204),CLASSROOM,120,16,3,0,33,27.1,1,9,2026-09-24T16:00:00.088997,27.4,13.0,11.5,32.2
res-sac-01,Student Activity Center,ACTIVITY_CENTER,160,16,3,0,99,62.0,7,6,2026-09-24T16:00:00.088997,55.3,64.9,45.1,60.1
res-lib-01,Central Library,LIBRARY,200,17,3,0,175,87.3,10,11,2026-09-24T17:00:00.088997,92.7,83.9,77.7,74.5
res-lib-02,Digital Reading Hall,LIBRARY,120,17,3,0,35,28.8,1,4,2026-09-24T17:00:00.088997,26.2,25.8,7.4,15.7
res-lab-01,Computer Lab 1,COMPUTER_LAB,80,17,3,0,41,50.9,2,5,2026-09-24T17:00:00.088997,41.5,38.1,50.2,35.2
res-lab-02,Computer Lab 2,COMPUTER_LAB,75,17,3,0,33,44.1,6,6,2026-09-24T17:00:00.088997,37.8,36.8,29.5,19.3
res-lab-03,Computer Lab 3,COMPUTER_LAB,60,17,3,0,36,59.7,9,7,2026-09-24T17:00:00.088997,54.4,56.7,34.5,63.6
res-lab-ai,AI & Data Science Lab,RESEARCH_LAB,50,17,3,0,33,66.8,4,7,2026-09-24T17:00:00.088997,65.6,61.4,48.8,68.4
res-lab-res,Advanced Research Lab,RESEARCH_LAB,40,17,3,0,31,78.3,4,7,2026-09-24T17:00:00.088997,71.2,80.6,59.7,84.9
res-sr-01,Study Room A,STUDY_ROOM,24,17,3,0,21,86.3,14,14,2026-09-24T17:00:00.088997,84.6,75.2,77.3,67.5
res-sr-02,Study Room B,STUDY_ROOM,20,17,3,0,15,74.3,9,6,2026-09-24T17:00:00.088997,69.3,67.8,71.2,73.8
res-sr-03,Study Room C,STUDY_ROOM,20,17,3,0,12,58.7,6,5,2026-09-24T17:00:00.088997,51.9,52.9,52.0,52.9
res-can-01,Main Canteen,CANTEEN,250,17,3,0,26,10.3,0,7,2026-09-24T17:00:00.088997,11.6,8.6,11.4,1.2
res-sem-01,Dr. Kalam Seminar Hall,SEMINAR_HALL,180,17,3,0,18,10.1,1,1,2026-09-24T17:00:00.088997,10.7,14.6,15.8,5.3
res-cls-01,Block A Classrooms (301-305),CLASSROOM,150,17,3,0,18,12.1,3,4,2026-09-24T17:00:00.088997,15.3,5.6,15.9,4.2
res-cls-02,Block B Classrooms (201-204),CLASSROOM,120,17,3,0,15,12.6,5,3,2026-09-24T17:00:00.088997,14.3,5.3,18.1,9.0
res-sac-01,Student Activity Center,ACTIVITY_CENTER,160,17,3,0,116,72.4,11,15,2026-09-24T17:00:00.088997,65.7,62.6,88.5,65.5
res-lib-01,Central Library,LIBRARY,200,18,3,0,136,67.8,7,10,2026-09-24T18:00:00.088997,76.2,58.8,58.9,51.6
res-lib-02,Digital Reading Hall,LIBRARY,120,18,3,0,28,22.9,6,7,2026-09-24T18:00:00.088997,24.0,33.0,9.8,0.9
res-lab-01,Computer Lab 1,COMPUTER_LAB,80,18,3,0,33,40.9,5,0,2026-09-24T18:00:00.088997,37.6,37.4,27.1,16.7
res-lab-02,Computer Lab 2,COMPUTER_LAB,75,18,3,0,18,24.2,0,4,2026-09-24T18:00:00.088997,14.4,19.7,20.8,11.1
res-lab-03,Computer Lab 3,COMPUTER_LAB,60,18,3,0,25,42.2,0,2,2026-09-24T18:00:00.088997,38.8,41.4,36.1,55.9
res-lab-ai,AI & Data Science Lab,RESEARCH_LAB,50,18,3,0,25,49.6,1,10,2026-09-24T18:00:00.088997,41.8,48.7,32.8,12.7
res-lab-res,Advanced Research Lab,RESEARCH_LAB,40,18,3,0,30,75.4,11,3,2026-09-24T18:00:00.088997,75.7,75.0,55.9,60.6
res-sr-01,Study Room A,STUDY_ROOM,24,18,3,0,18,76.4,11,6,2026-09-24T18:00:00.088997,76.0,67.3,78.4,77.7
res-sr-02,Study Room B,STUDY_ROOM,20,18,3,0,16,77.6,10,4,2026-09-24T18:00:00.088997,70.2,70.4,68.8,78.4
res-sr-03,Study Room C,STUDY_ROOM,20,18,3,0,10,51.6,6,8,2026-09-24T18:00:00.088997,45.8,53.0,36.5,54.4
res-can-01,Main Canteen,CANTEEN,250,18,3,0,25,9.9,0,3,2026-09-24T18:00:00.088997,11.2,2.2,0.0,0.0
res-sem-01,Dr. Kalam Seminar Hall,SEMINAR_HALL,180,18,3,0,9,5.0,0,4,2026-09-24T18:00:00.088997,0.0,11.1,9.3,11.8
res-cls-01,Block A Classrooms (301-305),CLASSROOM,150,18,3,0,11,7.4,0,0,2026-09-24T18:00:00.088997,3.6,0.0,0.0,0.0
res-cls-02,Block B Classrooms (201-204),CLASSROOM,120,18,3,0,6,5.0,0,0,2026-09-24T18:00:00.088997,4.4,0.0,0.0,0.0
res-sac-01,Student Activity Center,ACTIVITY_CENTER,160,18,3,0,128,80.2,7,4,2026-09-24T18:00:00.088997,85.0,79.0,81.2,67.2
res-lib-01,Central Library,LIBRARY,200,19,3,0,94,47.1,7,0,2026-09-24T19:00:00.088997,40.7,37.3,35.0,24.6
res-lib-02,Digital Reading Hall,LIBRARY,120,19,3,0,26,21.3,2,6,2026-09-24T19:00:00.088997,29.2,8.8,14.7,11.1
res-lab-01,Computer Lab 1,COMPUTER_LAB,80,19,3,0,28,34.9,0,0,2026-09-24T19:00:00.088997,33.9,24.3,28.4,20.0
res-lab-02,Computer Lab 2,COMPUTER_LAB,75,19,3,0,19,25.6,0,3,2026-09-24T19:00:00.088997,20.0,21.5,29.6,16.7
res-lab-03,Computer Lab 3,COMPUTER_LAB,60,19,3,0,10,16.3,4,0,2026-09-24T19:00:00.088997,21.2,5.0,16.2,13.3
res-lab-ai,AI & Data Science Lab,RESEARCH_LAB,50,19,3,0,13,26.4,6,4,2026-09-24T19:00:00.088997,32.0,22.6,17.4,8.2
res-lab-res,Advanced Research Lab,RESEARCH_LAB,40,19,3,0,22,55.0,5,4,2026-09-24T19:00:00.088997,54.1,41.5,44.9,50.0
res-sr-01,Study Room A,STUDY_ROOM,24,19,3,0,13,55.6,1,7,2026-09-24T19:00:00.088997,52.6,49.5,26.3,61.5
res-sr-02,Study Room B,STUDY_ROOM,20,19,3,0,13,65.8,3,7,2026-09-24T19:00:00.088997,65.2,68.1,55.0,53.9
res-sr-03,Study Room C,STUDY_ROOM,20,19,3,0,5,24.2,4,0,2026-09-24T19:00:00.088997,18.7,18.8,5.2,31.5
res-can-01,Main Canteen,CANTEEN,250,19,3,0,44,17.7,0,0,2026-09-24T19:00:00.088997,17.1,9.8,20.3,0.0
res-sem-01,Dr. Kalam Seminar Hall,SEMINAR_HALL,180,19,3,0,13,7.2,1,0,2026-09-24T19:00:00.088997,6.1,7.4,0.0,0.0
res-cls-01,Block A Classrooms (301-305),CLASSROOM,150,19,3,0,10,6.5,4,3,2026-09-24T19:00:00.088997,2.9,0.8,11.2,0.0
res-cls-02,Block B Classrooms (201-204),CLASSROOM,120,19,3,0,15,12.4,0,6,2026-09-24T19:00:00.088997,10.7,15.0,0.0,0.0
res-sac-01,Student Activity Center,ACTIVITY_CENTER,160,19,3,0,114,70.9,9,5,2026-09-24T19:00:00.088997,72.0,64.7,44.2,65.6
res-lib-01,Central Library,LIBRARY,200,20,3,0,43,21.5,1,6,2026-09-24T20:00:00.088997,26.6,13.0,18.7,2.8
res-lib-02,Digital Reading Hall,LIBRARY,120,20,3,0,23,18.9,0,0,2026-09-24T20:00:00.088997,17.2,15.6,4.8,19.9
res-lab-01,Computer Lab 1,COMPUTER_LAB,80,20,3,0,27,33.3,2,4,2026-09-24T20:00:00.088997,25.1,33.7,21.6,33.1
res-lab-02,Computer Lab 2,COMPUTER_LAB,75,20,3,0,23,30.2,5,0,2026-09-24T20:00:00.088997,23.1,16.5,32.1,16.5
res-lab-03,Computer Lab 3,COMPUTER_LAB,60,20,3,0,8,12.6,1,4,2026-09-24T20:00:00.088997,13.7,10.2,10.3,2.8
res-lab-ai,AI & Data Science Lab,RESEARCH_LAB,50,20,3,0,16,31.2,4,3,2026-09-24T20:00:00.088997,32.2,28.4,15.3,25.6
res-lab-res,Advanced Research Lab,RESEARCH_LAB,40,20,3,0,18,43.8,7,4,2026-09-24T20:00:00.088997,45.0,38.4,42.3,26.3
res-sr-01,Study Room A,STUDY_ROOM,24,20,3,0,7,30.2,5,2,2026-09-24T20:00:00.088997,37.1,28.6,22.5,28.1
res-sr-02,Study Room B,STUDY_ROOM,20,20,3,0,9,46.0,8,7,2026-09-24T20:00:00.088997,49.0,38.3,27.0,26.6
res-sr-03,Study Room C,STUDY_ROOM,20,20,3,0,3,13.9,6,7,2026-09-24T20:00:00.088997,13.3,8.9,2.7,11.8
res-can-01,Main Canteen,CANTEEN,250,20,3,0,47,18.8,7,5,2026-09-24T20:00:00.088997,21.2,18.7,10.3,0.0
res-sem-01,Dr. Kalam Seminar Hall,SEMINAR_HALL,180,20,3,0,9,5.0,1,0,2026-09-24T20:00:00.088997,2.4,0.0,6.1,0.0
res-cls-01,Block A Classrooms (301-305),CLASSROOM,150,20,3,0,17,11.3,0,5,2026-09-24T20:00:00.088997,2.5,9.2,0.0,0.0
res-cls-02,Block B Classrooms (201-204),CLASSROOM,120,20,3,0,13,10.8,2,1,2026-09-24T20:00:00.088997,9.4,2.0,1.3,0.0
res-sac-01,Student Activity Center,ACTIVITY_CENTER,160,20,3,0,92,57.8,6,7,2026-09-24T20:00:00.088997,56.2,54.0,46.4,33.2
res-lib-01,Central Library,LIBRARY,200,21,3,0,51,25.6,6,3,2026-09-24T21:00:00.088997,20.3,25.5,14.6,22.2
res-lib-02,Digital Reading Hall,LIBRARY,120,21,3,0,22,18.5,3,0,2026-09-24T21:00:00.088997,14.6,4.1,15.1,11.0
res-lab-01,Computer Lab 1,COMPUTER_LAB,80,21,3,0,29,36.7,5,1,2026-09-24T21:00:00.088997,38.6,37.7,21.6,31.1
res-lab-02,Computer Lab 2,COMPUTER_LAB,75,21,3,0,21,28.5,2,1,2026-09-24T21:00:00.088997,28.6,14.4,10.7,4.6
res-lab-03,Computer Lab 3,COMPUTER_LAB,60,21,3,0,5,7.8,4,0,2026-09-24T21:00:00.088997,7.2,7.7,0.0,0.0
res-lab-ai,AI & Data Science Lab,RESEARCH_LAB,50,21,3,0,15,30.9,3,6,2026-09-24T21:00:00.088997,18.4,20.4,28.0,19.5
res-lab-res,Advanced Research Lab,RESEARCH_LAB,40,21,3,0,9,23.0,3,1,2026-09-24T21:00:00.088997,19.8,32.0,28.8,17.0
res-sr-01,Study Room A,STUDY_ROOM,24,21,3,0,5,20.3,4,4,2026-09-24T21:00:00.088997,20.0,10.8,28.4,11.3
res-sr-02,Study Room B,STUDY_ROOM,20,21,3,0,7,34.9,4,2,2026-09-24T21:00:00.088997,38.4,31.7,28.1,8.4
res-sr-03,Study Room C,STUDY_ROOM,20,21,3,0,4,17.6,0,0,2026-09-24T21:00:00.088997,13.7,15.3,0.0,3.1
res-can-01,Main Canteen,CANTEEN,250,21,3,0,35,13.9,0,1,2026-09-24T21:00:00.088997,9.4,6.5,20.8,0.0
res-sem-01,Dr. Kalam Seminar Hall,SEMINAR_HALL,180,21,3,0,15,8.1,0,0,2026-09-24T21:00:00.088997,1.6,7.6,0.0,0.0
res-cls-01,Block A Classrooms (301-305),CLASSROOM,150,21,3,0,16,10.4,0,0,2026-09-24T21:00:00.088997,6.5,10.8,0.0,0.0
res-cls-02,Block B Classrooms (201-204),CLASSROOM,120,21,3,0,10,8.3,0,0,2026-09-24T21:00:00.088997,1.9,1.0,0.0,4.1
res-sac-01,Student Activity Center,ACTIVITY_CENTER,160,21,3,0,68,42.8,4,9,2026-09-24T21:00:00.088997,40.0,42.7,52.1,32.4
res-lib-01,Central Library,LIBRARY,200,8,4,0,39,19.5,2,0,2026-09-25T08:00:00.088997,20.4,36.4,16.5,33.1
res-lib-02,Digital Reading Hall,LIBRARY,120,8,4,0,20,16.5,1,3,2026-09-25T08:00:00.088997,19.8,20.1,18.6,30.3
res-lab-01,Computer Lab 1,COMPUTER_LAB,80,8,4,0,33,41.8,2,9,2026-09-25T08:00:00.088997,48.6,55.0,52.6,65.9
res-lab-02,Computer Lab 2,COMPUTER_LAB,75,8,4,0,16,21.0,0,4,2026-09-25T08:00:00.088997,24.1,25.1,6.4,25.7
res-lab-03,Computer Lab 3,COMPUTER_LAB,60,8,4,0,6,10.3,2,0,2026-09-25T08:00:00.088997,9.8,31.2,27.6,33.0
res-lab-ai,AI & Data Science Lab,RESEARCH_LAB,50,8,4,0,19,38.8,7,1,2026-09-25T08:00:00.088997,37.3,49.6,28.3,47.9
res-lab-res,Advanced Research Lab,RESEARCH_LAB,40,8,4,0,5,11.3,1,3,2026-09-25T08:00:00.088997,14.4,21.9,37.0,19.6
res-sr-01,Study Room A,STUDY_ROOM,24,8,4,0,7,31.2,4,5,2026-09-25T08:00:00.088997,30.8,45.9,48.6,58.9
res-sr-02,Study Room B,STUDY_ROOM,20,8,4,0,3,15.2,0,2,2026-09-25T08:00:00.088997,10.4,18.2,24.9,53.7
res-sr-03,Study Room C,STUDY_ROOM,20,8,4,0,3,16.3,2,1,2026-09-25T08:00:00.088997,12.9,21.8,25.2,14.7
res-can-01,Main Canteen,CANTEEN,250,8,4,0,13,5.3,0,0,2026-09-25T08:00:00.088997,5.4,3.9,15.9,21.7
res-sem-01,Dr. Kalam Seminar Hall,SEMINAR_HALL,180,8,4,0,10,5.5,0,2,2026-09-25T08:00:00.088997,6.7,3.4,22.8,19.7
res-cls-01,Block A Classrooms (301-305),CLASSROOM,150,8,4,0,48,32.3,0,0,2026-09-25T08:00:00.088997,42.4,28.3,38.0,42.1
res-cls-02,Block B Classrooms (201-204),CLASSROOM,120,8,4,0,14,11.3,0,1,2026-09-25T08:00:00.088997,6.5,16.9,13.4,10.9
res-sac-01,Student Activity Center,ACTIVITY_CENTER,160,8,4,0,29,18.3,1,3,2026-09-25T08:00:00.088997,22.4,31.0,15.5,39.4
res-lib-01,Central Library,LIBRARY,200,9,4,0,50,25.1,1,0,2026-09-25T09:00:00.088997,29.5,24.5,37.7,58.2
res-lib-02,Digital Reading Hall,LIBRARY,120,9,4,0,29,23.9,7,0,2026-09-25T09:00:00.088997,29.0,22.1,29.8,54.8
res-lab-01,Computer Lab 1,COMPUTER_LAB,80,9,4,0,26,32.6,7,6,2026-09-25T09:00:00.088997,38.9,30.0,45.3,40.7
res-lab-02,Computer Lab 2,COMPUTER_LAB,75,9,4,0,22,29.4,0,4,2026-09-25T09:00:00.088997,32.3,22.4,29.4,17.4
res-lab-03,Computer Lab 3,COMPUTER_LAB,60,9,4,0,7,12.1,3,1,2026-09-25T09:00:00.088997,14.8,10.9,30.2,21.9
res-lab-ai,AI & Data Science Lab,RESEARCH_LAB,50,9,4,0,15,30.1,6,0,2026-09-25T09:00:00.088997,33.0,37.7,33.2,48.0
res-lab-res,Advanced Research Lab,RESEARCH_LAB,40,9,4,0,9,21.9,2,1,2026-09-25T09:00:00.088997,26.0,31.6,30.5,45.4
res-sr-01,Study Room A,STUDY_ROOM,24,9,4,0,5,22.6,0,0,2026-09-25T09:00:00.088997,29.4,26.2,32.1,46.3
res-sr-02,Study Room B,STUDY_ROOM,20,9,4,0,3,15.0,1,0,2026-09-25T09:00:00.088997,18.5,23.5,17.8,13.9
res-sr-03,Study Room C,STUDY_ROOM,20,9,4,0,5,25.5,2,0,2026-09-25T09:00:00.088997,30.3,30.2,23.7,41.3
res-can-01,Main Canteen,CANTEEN,250,9,4,0,16,6.6,5,2,2026-09-25T09:00:00.088997,7.5,12.2,22.7,18.8
res-sem-01,Dr. Kalam Seminar Hall,SEMINAR_HALL,180,9,4,0,24,13.5,5,2,2026-09-25T09:00:00.088997,11.7,17.6,25.8,13.6
res-cls-01,Block A Classrooms (301-305),CLASSROOM,150,9,4,0,86,57.2,3,3,2026-09-25T09:00:00.088997,56.9,66.7,57.9,45.6
res-cls-02,Block B Classrooms (201-204),CLASSROOM,120,9,4,0,31,26.2,1,0,2026-09-25T09:00:00.088997,25.1,41.5,28.2,34.7
res-sac-01,Student Activity Center,ACTIVITY_CENTER,160,9,4,0,21,13.2,0,0,2026-09-25T09:00:00.088997,10.0,23.9,22.1,53.0
res-lib-01,Central Library,LIBRARY,200,10,4,0,44,22.2,0,6,2026-09-25T10:00:00.088997,28.4,29.5,20.1,53.1
res-lib-02,Digital Reading Hall,LIBRARY,120,10,4,0,38,31.5,2,6,2026-09-25T10:00:00.088997,33.4,29.5,39.9,32.1
res-lab-01,Computer Lab 1,COMPUTER_LAB,80,10,4,0,28,34.8,1,1,2026-09-25T10:00:00.088997,32.1,43.2,35.8,50.5
res-lab-02,Computer Lab 2,COMPUTER_LAB,75,10,4,0,24,31.9,6,0,2026-09-25T10:00:00.088997,24.5,44.3,32.2,62.9
res-lab-03,Computer Lab 3,COMPUTER_LAB,60,10,4,0,10,17.3,4,4,2026-09-25T10:00:00.088997,19.7,23.0,36.8,28.6
res-lab-ai,AI & Data Science Lab,RESEARCH_LAB,50,10,4,0,14,27.1,5,0,2026-09-25T10:00:00.088997,34.4,40.1,45.9,51.0
res-lab-res,Advanced Research Lab,RESEARCH_LAB,40,10,4,0,8,19.7,2,0,2026-09-25T10:00:00.088997,28.7,21.8,30.7,32.7
res-sr-01,Study Room A,STUDY_ROOM,24,10,4,0,4,14.6,0,1,2026-09-25T10:00:00.088997,14.8,19.1,32.2,27.3
res-sr-02,Study Room B,STUDY_ROOM,20,10,4,0,4,18.0,3,0,2026-09-25T10:00:00.088997,16.0,24.6,26.8,39.0
res-sr-03,Study Room C,STUDY_ROOM,20,10,4,0,3,14.4,0,0,2026-09-25T10:00:00.088997,12.7,28.1,32.7,9.8
res-can-01,Main Canteen,CANTEEN,250,10,4,0,90,36.0,0,6,2026-09-25T10:00:00.088997,35.2,43.2,26.6,31.6
res-sem-01,Dr. Kalam Seminar Hall,SEMINAR_HALL,180,10,4,0,53,29.7,1,0,2026-09-25T10:00:00.088997,37.2,47.9,46.1,26.6
res-cls-01,Block A Classrooms (301-305),CLASSROOM,150,10,4,0,111,73.9,4,6,2026-09-25T10:00:00.088997,76.1,90.5,90.1,78.4
res-cls-02,Block B Classrooms (201-204),CLASSROOM,120,10,4,0,47,39.1,7,2,2026-09-25T10:00:00.088997,42.0,35.9,52.2,55.0
res-sac-01,Student Activity Center,ACTIVITY_CENTER,160,10,4,0,16,10.0,4,2,2026-09-25T10:00:00.088997,15.0,12.8,19.6,20.8
res-lib-01,Central Library,LIBRARY,200,11,4,0,49,24.4,3,6,2026-09-25T11:00:00.088997,30.7,22.3,41.3,48.7
res-lib-02,Digital Reading Hall,LIBRARY,120,11,4,0,63,52.3,7,6,2026-09-25T11:00:00.088997,50.9,55.0,67.0,56.3
res-lab-01,Computer Lab 1,COMPUTER_LAB,80,11,4,0,57,71.8,12,10,2026-09-25T11:00:00.088997,81.7,76.2,81.4,85.6
res-lab-02,Computer Lab 2,COMPUTER_LAB,75,11,4,0,43,57.6,8,0,2026-09-25T11:00:00.088997,60.5,54.4,57.0,76.4
res-lab-03,Computer Lab 3,COMPUTER_LAB,60,11,4,0,9,14.2,3,0,2026-09-25T11:00:00.088997,20.6,17.8,4.6,26.9
res-lab-ai,AI & Data Science Lab,RESEARCH_LAB,50,11,4,0,11,21.3,0,0,2026-09-25T11:00:00.088997,19.3,23.1,19.9,14.5
res-lab-res,Advanced Research Lab,RESEARCH_LAB,40,11,4,0,10,26.2,1,0,2026-09-25T11:00:00.088997,26.7,24.4,26.2,44.7
res-sr-01,Study Room A,STUDY_ROOM,24,11,4,0,4,18.2,0,3,2026-09-25T11:00:00.088997,24.8,26.4,4.1,14.8
res-sr-02,Study Room B,STUDY_ROOM,20,11,4,0,3,15.2,1,0,2026-09-25T11:00:00.088997,13.3,11.8,41.3,25.5
res-sr-03,Study Room C,STUDY_ROOM,20,11,4,0,4,17.6,2,1,2026-09-25T11:00:00.088997,19.3,15.8,11.9,32.2
res-can-01,Main Canteen,CANTEEN,250,11,4,0,132,52.8,9,7,2026-09-25T11:00:00.088997,51.5,64.6,67.7,71.1
res-sem-01,Dr. Kalam Seminar Hall,SEMINAR_HALL,180,11,4,0,101,56.0,12,7,2026-09-25T11:00:00.088997,60.3,67.5,58.8,59.2
res-cls-01,Block A Classrooms (301-305),CLASSROOM,150,11,4,0,117,77.7,6,9,2026-09-25T11:00:00.088997,80.3,77.6,85.9,100.0
res-cls-02,Block B Classrooms (201-204),CLASSROOM,120,11,4,0,72,60.4,7,7,2026-09-25T11:00:00.088997,64.2,63.4,71.6,57.8
res-sac-01,Student Activity Center,ACTIVITY_CENTER,160,11,4,0,19,11.8,0,2,2026-09-25T11:00:00.088997,14.4,16.0,26.0,26.4
res-lib-01,Central Library,LIBRARY,200,12,4,0,48,23.8,0,0,2026-09-25T12:00:00.088997,20.0,29.7,24.1,5.9
res-lib-02,Digital Reading Hall,LIBRARY,120,12,4,0,83,69.6,11,9,2026-09-25T12:00:00.088997,71.3,82.2,59.5,80.1
res-lab-01,Computer Lab 1,COMPUTER_LAB,80,12,4,0,70,87.8,10,6,2026-09-25T12:00:00.088997,88.1,96.5,100.0,83.9
res-lab-02,Computer Lab 2,COMPUTER_LAB,75,12,4,0,54,72.2,5,7,2026-09-25T12:00:00.088997,77.2,77.2,93.5,60.6
res-lab-03,Computer Lab 3,COMPUTER_LAB,60,12,4,0,23,37.8,6,7,2026-09-25T12:00:00.088997,34.4,36.1,43.0,63.7
res-lab-ai,AI & Data Science Lab,RESEARCH_LAB,50,12,4,0,26,51.7,5,7,2026-09-25T12:00:00.088997,57.6,57.8,70.2,25.4
res-lab-res,Advanced Research Lab,RESEARCH_LAB,40,12,4,0,7,16.9,5,1,2026-09-25T12:00:00.088997,13.9,14.0,17.6,5.0
res-sr-01,Study Room A,STUDY_ROOM,24,12,4,0,5,21.9,1,3,2026-09-25T12:00:00.088997,22.1,34.2,52.8,5.2
res-sr-02,Study Room B,STUDY_ROOM,20,12,4,0,3,16.9,3,2,2026-09-25T12:00:00.088997,21.5,24.8,20.7,20.7
res-sr-03,Study Room C,STUDY_ROOM,20,12,4,0,6,27.6,2,10,2026-09-25T12:00:00.088997,29.1,34.1,37.2,14.0
res-can-01,Main Canteen,CANTEEN,250,12,4,0,172,68.7,5,8,2026-09-25T12:00:00.088997,63.6,65.9,93.1,41.6
res-sem-01,Dr. Kalam Seminar Hall,SEMINAR_HALL,180,12,4,0,97,54.0,2,10,2026-09-25T12:00:00.088997,48.9,53.3,48.9,38.7
res-cls-01,Block A Classrooms (301-305),CLASSROOM,150,12,4,0,98,65.1,6,12,2026-09-25T12:00:00.088997,62.3,69.5,76.2,41.4
res-cls-02,Block B Classrooms (201-204),CLASSROOM,120,12,4,0,89,74.1,7,8,2026-09-25T12:00:00.088997,75.6,66.8,93.8,86.9
res-sac-01,Student Activity Center,ACTIVITY_CENTER,160,12,4,0,23,14.3,0,5,2026-09-25T12:00:00.088997,23.9,18.3,20.3,1.3
res-lib-01,Central Library,LIBRARY,200,13,4,0,82,41.1,4,9,2026-09-25T13:00:00.088997,42.4,39.8,37.6,21.1
res-lib-02,Digital Reading Hall,LIBRARY,120,13,4,0,98,81.9,6,5,2026-09-25T13:00:00.088997,86.8,87.6,66.9,71.3
res-lab-01,Computer Lab 1,COMPUTER_LAB,80,13,4,0,76,94.7,9,12,2026-09-25T13:00:00.088997,99.8,99.6,88.0,82.6
res-lab-02,Computer Lab 2,COMPUTER_LAB,75,13,4,0,67,89.1,8,11,2026-09-25T13:00:00.088997,92.5,92.5,76.7,87.2
res-lab-03,Computer Lab 3,COMPUTER_LAB,60,13,4,0,34,56.4,4,4,2026-09-25T13:00:00.088997,61.5,51.8,45.2,57.3
res-lab-ai,AI & Data Science Lab,RESEARCH_LAB,50,13,4,0,36,71.3,9,10,2026-09-25T13:00:00.088997,76.9,73.7,62.2,70.2
res-lab-res,Advanced Research Lab,RESEARCH_LAB,40,13,4,0,10,23.8,2,2,2026-09-25T13:00:00.088997,26.8,37.0,25.4,20.1
res-sr-01,Study Room A,STUDY_ROOM,24,13,4,0,7,27.5,2,2,2026-09-25T13:00:00.088997,35.2,31.1,30.8,8.6
res-sr-02,Study Room B,STUDY_ROOM,20,13,4,0,3,13.0,3,6,2026-09-25T13:00:00.088997,14.2,2.7,0.0,4.6
res-sr-03,Study Room C,STUDY_ROOM,20,13,4,0,8,42.0,2,4,2026-09-25T13:00:00.088997,34.2,44.7,23.5,12.0
res-can-01,Main Canteen,CANTEEN,250,13,4,0,179,71.8,5,8,2026-09-25T13:00:00.088997,78.6,74.6,58.4,54.8
res-sem-01,Dr. Kalam Seminar Hall,SEMINAR_HALL,180,13,4,0,118,65.6,4,1,2026-09-25T13:00:00.088997,62.2,80.4,51.4,18.3
res-cls-01,Block A Classrooms (301-305),CLASSROOM,150,13,4,0,75,49.7,1,5,2026-09-25T13:00:00.088997,51.5,55.0,41.3,33.2
res-cls-02,Block B Classrooms (201-204),CLASSROOM,120,13,4,0,80,66.3,7,9,2026-09-25T13:00:00.088997,75.6,69.9,57.1,60.3
res-sac-01,Student Activity Center,ACTIVITY_CENTER,160,13,4,0,34,21.0,1,4,2026-09-25T13:00:00.088997,19.7,28.0,21.7,0.0
res-lib-01,Central Library,LIBRARY,200,14,4,0,130,64.9,10,8,2026-09-25T14:00:00.088997,67.1,65.0,53.8,79.3
res-lib-02,Digital Reading Hall,LIBRARY,120,14,4,0,99,82.7,0,7,2026-09-25T14:00:00.088997,78.8,82.4,70.6,83.9
res-lab-01,Computer Lab 1,COMPUTER_LAB,80,14,4,0,76,95.0,8,9,2026-09-25T14:00:00.088997,89.9,91.1,80.0,83.9
res-lab-02,Computer Lab 2,COMPUTER_LAB,75,14,4,0,65,86.0,9,14,2026-09-25T14:00:00.088997,82.6,69.4,87.2,86.1
res-lab-03,Computer Lab 3,COMPUTER_LAB,60,14,4,0,38,64.0,5,7,2026-09-25T14:00:00.088997,64.1,58.9,56.1,40.7
res-lab-ai,AI & Data Science Lab,RESEARCH_LAB,50,14,4,0,39,77.3,15,4,2026-09-25T14:00:00.088997,76.0,71.3,77.4,66.7
res-lab-res,Advanced Research Lab,RESEARCH_LAB,40,14,4,0,17,43.4,0,1,2026-09-25T14:00:00.088997,44.4,42.3,26.8,12.5
res-sr-01,Study Room A,STUDY_ROOM,24,14,4,0,13,53.4,0,1,2026-09-25T14:00:00.088997,58.4,57.1,49.8,45.1
res-sr-02,Study Room B,STUDY_ROOM,20,14,4,0,4,19.0,0,1,2026-09-25T14:00:00.088997,14.1,11.9,22.7,0.5
res-sr-03,Study Room C,STUDY_ROOM,20,14,4,0,13,63.7,9,2,2026-09-25T14:00:00.088997,58.3,54.3,56.2,47.6
res-can-01,Main Canteen,CANTEEN,250,14,4,0,164,65.6,5,3,2026-09-25T14:00:00.088997,66.1,58.6,63.2,40.3
res-sem-01,Dr. Kalam Seminar Hall,SEMINAR_HALL,180,14,4,0,107,59.2,6,5,2026-09-25T14:00:00.088997,60.2,51.6,57.9,51.7
res-cls-01,Block A Classrooms (301-305),CLASSROOM,150,14,4,0,49,32.4,1,5,2026-09-25T14:00:00.088997,26.6,27.2,23.9,17.9
res-cls-02,Block B Classrooms (201-204),CLASSROOM,120,14,4,0,70,58.5,4,1,2026-09-25T14:00:00.088997,62.1,50.6,49.4,44.9
res-sac-01,Student Activity Center,ACTIVITY_CENTER,160,14,4,0,31,19.4,8,2,2026-09-25T14:00:00.088997,16.8,7.6,0.0,0.0
res-lib-01,Central Library,LIBRARY,200,15,4,0,157,78.7,3,11,2026-09-25T15:00:00.088997,78.4,72.2,80.7,53.8
res-lib-02,Digital Reading Hall,LIBRARY,120,15,4,0,80,66.8,2,9,2026-09-25T15:00:00.088997,61.6,61.9,67.8,71.2
res-lab-01,Computer Lab 1,COMPUTER_LAB,80,15,4,0,68,85.0,11,5,2026-09-25T15:00:00.088997,89.7,79.0,77.7,68.1
res-lab-02,Computer Lab 2,COMPUTER_LAB,75,15,4,0,60,79.9,10,10,2026-09-25T15:00:00.088997,79.3,73.5,80.2,72.0
res-lab-03,Computer Lab 3,COMPUTER_LAB,60,15,4,0,46,76.2,6,8,2026-09-25T15:00:00.088997,77.8,81.0,52.2,64.5
res-lab-ai,AI & Data Science Lab,RESEARCH_LAB,50,15,4,0,48,95.0,12,12,2026-09-25T15:00:00.088997,95.6,84.1,77.9,86.7
res-lab-res,Advanced Research Lab,RESEARCH_LAB,40,15,4,0,26,66.0,8,1,2026-09-25T15:00:00.088997,59.8,65.1,54.8,55.4
res-sr-01,Study Room A,STUDY_ROOM,24,15,4,0,18,74.3,5,6,2026-09-25T15:00:00.088997,70.2,71.5,73.3,44.6
res-sr-02,Study Room B,STUDY_ROOM,20,15,4,0,10,47.9,8,0,2026-09-25T15:00:00.088997,45.6,35.6,34.1,5.8
res-sr-03,Study Room C,STUDY_ROOM,20,15,4,0,17,82.7,8,5,2026-09-25T15:00:00.088997,82.0,71.4,64.5,88.8
res-can-01,Main Canteen,CANTEEN,250,15,4,0,148,59.3,5,9,2026-09-25T15:00:00.088997,58.7,45.8,42.9,65.9
res-sem-01,Dr. Kalam Seminar Hall,SEMINAR_HALL,180,15,4,0,74,41.3,11,2,2026-09-25T15:00:00.088997,45.6,34.5,40.5,46.1
res-cls-01,Block A Classrooms (301-305),CLASSROOM,150,15,4,0,23,15.6,0,0,2026-09-25T15:00:00.088997,13.2,2.8,9.7,0.0
res-cls-02,Block B Classrooms (201-204),CLASSROOM,120,15,4,0,57,47.2,3,0,2026-09-25T15:00:00.088997,50.8,43.3,39.5,48.3
res-sac-01,Student Activity Center,ACTIVITY_CENTER,160,15,4,0,66,41.3,2,2,2026-09-25T15:00:00.088997,34.8,27.5,38.5,34.0
res-lib-01,Central Library,LIBRARY,200,16,4,0,186,93.0,15,11,2026-09-25T16:00:00.088997,94.5,75.6,82.3,92.6
res-lib-02,Digital Reading Hall,LIBRARY,120,16,4,0,58,48.2,6,6,2026-09-25T16:00:00.088997,48.0,45.4,45.6,38.4
res-lab-01,Computer Lab 1,COMPUTER_LAB,80,16,4,0,50,62.0,8,7,2026-09-25T16:00:00.088997,54.2,65.3,58.8,33.5
res-lab-02,Computer Lab 2,COMPUTER_LAB,75,16,4,0,41,54.6,4,3,2026-09-25T16:00:00.088997,53.8,43.8,56.8,55.2
res-lab-03,Computer Lab 3,COMPUTER_LAB,60,16,4,0,45,74.4,9,10,2026-09-25T16:00:00.088997,71.2,65.0,77.1,66.2
res-lab-ai,AI & Data Science Lab,RESEARCH_LAB,50,16,4,0,42,84.1,8,6,2026-09-25T16:00:00.088997,90.2,79.2,77.6,80.8
res-lab-res,Advanced Research Lab,RESEARCH_LAB,40,16,4,0,29,72.0,11,5,2026-09-25T16:00:00.088997,77.3,65.1,73.4,30.1
res-sr-01,Study Room A,STUDY_ROOM,24,16,4,0,19,77.4,8,1,2026-09-25T16:00:00.088997,77.8,74.3,60.5,65.2
res-sr-02,Study Room B,STUDY_ROOM,20,16,4,0,14,68.3,1,3,2026-09-25T16:00:00.088997,65.0,63.4,59.8,67.0
res-sr-03,Study Room C,STUDY_ROOM,20,16,4,0,16,79.0,11,3,2026-09-25T16:00:00.088997,77.6,72.2,84.2,69.1
res-can-01,Main Canteen,CANTEEN,250,16,4,0,75,30.1,6,4,2026-09-25T16:00:00.088997,24.8,23.0,19.1,32.8
res-sem-01,Dr. Kalam Seminar Hall,SEMINAR_HALL,180,16,4,0,51,28.6,5,1,2026-09-25T16:00:00.088997,27.9,31.4,17.3,18.0
res-cls-01,Block A Classrooms (301-305),CLASSROOM,150,16,4,0,8,5.0,0,0,2026-09-25T16:00:00.088997,0.0,7.9,0.0,2.4
res-cls-02,Block B Classrooms (201-204),CLASSROOM,120,16,4,0,27,22.5,2,6,2026-09-25T16:00:00.088997,11.5,16.4,4.8,0.0
res-sac-01,Student Activity Center,ACTIVITY_CENTER,160,16,4,0,84,52.2,6,3,2026-09-25T16:00:00.088997,53.8,46.0,41.3,36.4
res-lib-01,Central Library,LIBRARY,200,17,4,0,163,81.5,8,5,2026-09-25T17:00:00.088997,83.4,72.7,70.0,74.6
res-lib-02,Digital Reading Hall,LIBRARY,120,17,4,0,40,33.1,1,5,2026-09-25T17:00:00.088997,33.2,29.1,21.2,16.2
res-lab-01,Computer Lab 1,COMPUTER_LAB,80,17,4,0,37,46.0,1,4,2026-09-25T17:00:00.088997,47.6,46.2,34.6,46.8
res-lab-02,Computer Lab 2,COMPUTER_LAB,75,17,4,0,33,44.4,4,6,2026-09-25T17:00:00.088997,33.4,31.9,37.2,20.3
res-lab-03,Computer Lab 3,COMPUTER_LAB,60,17,4,0,39,65.2,9,9,2026-09-25T17:00:00.088997,63.1,54.2,52.5,56.2
res-lab-ai,AI & Data Science Lab,RESEARCH_LAB,50,17,4,0,35,69.5,10,9,2026-09-25T17:00:00.088997,67.5,53.5,76.9,54.9
res-lab-res,Advanced Research Lab,RESEARCH_LAB,40,17,4,0,38,95.0,13,8,2026-09-25T17:00:00.088997,94.8,77.9,96.2,100.0
res-sr-01,Study Room A,STUDY_ROOM,24,17,4,0,18,73.8,7,7,2026-09-25T17:00:00.088997,75.3,81.4,69.2,87.5
res-sr-02,Study Room B,STUDY_ROOM,20,17,4,0,16,77.8,10,8,2026-09-25T17:00:00.088997,80.7,70.3,77.2,51.0
res-sr-03,Study Room C,STUDY_ROOM,20,17,4,0,13,63.9,5,6,2026-09-25T17:00:00.088997,60.7,65.7,48.0,31.2
res-can-01,Main Canteen,CANTEEN,250,17,4,0,12,5.0,3,0,2026-09-25T17:00:00.088997,4.6,0.0,4.4,0.0
res-sem-01,Dr. Kalam Seminar Hall,SEMINAR_HALL,180,17,4,0,29,16.1,7,0,2026-09-25T17:00:00.088997,12.2,29.9,0.0,3.4
res-cls-01,Block A Classrooms (301-305),CLASSROOM,150,17,4,0,15,10.1,1,0,2026-09-25T17:00:00.088997,10.1,0.0,15.0,0.0
res-cls-02,Block B Classrooms (201-204),CLASSROOM,120,17,4,0,12,10.2,0,0,2026-09-25T17:00:00.088997,4.9,1.0,15.4,0.0
res-sac-01,Student Activity Center,ACTIVITY_CENTER,160,17,4,0,123,77.0,8,9,2026-09-25T17:00:00.088997,72.1,67.3,52.7,69.1
res-lib-01,Central Library,LIBRARY,200,18,4,0,136,68.1,10,7,2026-09-25T18:00:00.088997,74.2,64.1,69.0,52.2
res-lib-02,Digital Reading Hall,LIBRARY,120,18,4,0,20,16.4,4,1,2026-09-25T18:00:00.088997,17.7,13.5,1.2,17.3
res-lab-01,Computer Lab 1,COMPUTER_LAB,80,18,4,0,25,31.5,5,6,2026-09-25T18:00:00.088997,28.0,33.5,27.1,29.7
res-lab-02,Computer Lab 2,COMPUTER_LAB,75,18,4,0,16,21.7,3,0,2026-09-25T18:00:00.088997,26.5,4.6,10.5,0.0
res-lab-03,Computer Lab 3,COMPUTER_LAB,60,18,4,0,24,40.5,10,6,2026-09-25T18:00:00.088997,50.3,27.2,20.8,17.8
res-lab-ai,AI & Data Science Lab,RESEARCH_LAB,50,18,4,0,27,53.3,3,3,2026-09-25T18:00:00.088997,53.7,40.8,35.1,36.5
res-lab-res,Advanced Research Lab,RESEARCH_LAB,40,18,4,0,30,75.7,12,4,2026-09-25T18:00:00.088997,70.8,74.1,74.9,80.8
res-sr-01,Study Room A,STUDY_ROOM,24,18,4,0,17,71.9,9,8,2026-09-25T18:00:00.088997,68.9,65.3,48.0,70.7
res-sr-02,Study Room B,STUDY_ROOM,20,18,4,0,16,78.0,11,0,2026-09-25T18:00:00.088997,75.8,67.8,83.5,73.3
res-sr-03,Study Room C,STUDY_ROOM,20,18,4,0,10,48.8,4,6,2026-09-25T18:00:00.088997,43.1,43.2,35.6,64.0
res-can-01,Main Canteen,CANTEEN,250,18,4,0,40,15.9,5,0,2026-09-25T18:00:00.088997,17.3,12.0,18.9,7.7
res-sem-01,Dr. Kalam Seminar Hall,SEMINAR_HALL,180,18,4,0,9,5.0,1,0,2026-09-25T18:00:00.088997,0.0,2.2,7.3,0.0
res-cls-01,Block A Classrooms (301-305),CLASSROOM,150,18,4,0,15,9.8,0,5,2026-09-25T18:00:00.088997,12.3,8.7,5.5,16.5
res-cls-02,Block B Classrooms (201-204),CLASSROOM,120,18,4,0,8,6.8,0,3,2026-09-25T18:00:00.088997,8.8,0.0,0.0,15.0
res-sac-01,Student Activity Center,ACTIVITY_CENTER,160,18,4,0,131,81.6,12,4,2026-09-25T18:00:00.088997,82.3,68.1,55.8,78.4
res-lib-01,Central Library,LIBRARY,200,19,4,0,107,53.5,5,3,2026-09-25T19:00:00.088997,58.4,47.4,44.9,61.8
res-lib-02,Digital Reading Hall,LIBRARY,120,19,4,0,22,18.6,0,4,2026-09-25T19:00:00.088997,13.7,12.7,0.0,8.8
res-lab-01,Computer Lab 1,COMPUTER_LAB,80,19,4,0,28,35.3,7,6,2026-09-25T19:00:00.088997,35.5,32.6,26.6,30.6
res-lab-02,Computer Lab 2,COMPUTER_LAB,75,19,4,0,15,20.6,0,5,2026-09-25T19:00:00.088997,21.2,14.8,22.2,0.0
res-lab-03,Computer Lab 3,COMPUTER_LAB,60,19,4,0,7,12.2,0,2,2026-09-25T19:00:00.088997,3.8,2.6,6.8,0.0
res-lab-ai,AI & Data Science Lab,RESEARCH_LAB,50,19,4,0,14,27.4,0,4,2026-09-25T19:00:00.088997,22.6,15.8,7.7,10.3
res-lab-res,Advanced Research Lab,RESEARCH_LAB,40,19,4,0,22,55.7,12,0,2026-09-25T19:00:00.088997,51.9,51.3,40.7,46.2
res-sr-01,Study Room A,STUDY_ROOM,24,19,4,0,12,49.7,10,1,2026-09-25T19:00:00.088997,38.3,36.9,45.2,36.3
res-sr-02,Study Room B,STUDY_ROOM,20,19,4,0,14,68.1,9,4,2026-09-25T19:00:00.088997,64.1,60.8,77.0,64.4
res-sr-03,Study Room C,STUDY_ROOM,20,19,4,0,7,34.4,6,3,2026-09-25T19:00:00.088997,28.3,30.6,25.8,21.2
res-can-01,Main Canteen,CANTEEN,250,19,4,0,23,9.2,0,4,2026-09-25T19:00:00.088997,7.0,0.0,5.5,0.0
res-sem-01,Dr. Kalam Seminar Hall,SEMINAR_HALL,180,19,4,0,13,7.2,3,3,2026-09-25T19:00:00.088997,4.6,0.0,0.0,0.0
res-cls-01,Block A Classrooms (301-305),CLASSROOM,150,19,4,0,15,9.9,0,0,2026-09-25T19:00:00.088997,3.4,4.3,0.0,0.0
res-cls-02,Block B Classrooms (201-204),CLASSROOM,120,19,4,0,16,13.3,6,4,2026-09-25T19:00:00.088997,8.4,8.0,19.2,0.0
res-sac-01,Student Activity Center,ACTIVITY_CENTER,160,19,4,0,120,75.0,4,12,2026-09-25T19:00:00.088997,71.3,83.4,82.6,61.7
res-lib-01,Central Library,LIBRARY,200,20,4,0,44,22.1,3,1,2026-09-25T20:00:00.088997,18.5,7.2,9.5,0.0
res-lib-02,Digital Reading Hall,LIBRARY,120,20,4,0,27,22.2,5,4,2026-09-25T20:00:00.088997,21.6,12.1,16.1,19.7
res-lab-01,Computer Lab 1,COMPUTER_LAB,80,20,4,0,26,32.7,4,2,2026-09-25T20:00:00.088997,37.3,32.8,30.1,0.1
res-lab-02,Computer Lab 2,COMPUTER_LAB,75,20,4,0,19,25.7,2,2,2026-09-25T20:00:00.088997,17.4,14.2,17.1,27.1
res-lab-03,Computer Lab 3,COMPUTER_LAB,60,20,4,0,8,12.6,0,6,2026-09-25T20:00:00.088997,9.5,6.9,3.6,0.0
res-lab-ai,AI & Data Science Lab,RESEARCH_LAB,50,20,4,0,16,32.3,1,3,2026-09-25T20:00:00.088997,32.1,38.9,12.4,30.7
res-lab-res,Advanced Research Lab,RESEARCH_LAB,40,20,4,0,19,46.3,3,6,2026-09-25T20:00:00.088997,50.8,36.7,40.4,39.1
res-sr-01,Study Room A,STUDY_ROOM,24,20,4,0,8,33.9,6,3,2026-09-25T20:00:00.088997,34.0,23.5,27.4,16.2
res-sr-02,Study Room B,STUDY_ROOM,20,20,4,0,9,43.0,3,5,2026-09-25T20:00:00.088997,42.7,30.4,26.5,39.7
res-sr-03,Study Room C,STUDY_ROOM,20,20,4,0,3,17.0,4,5,2026-09-25T20:00:00.088997,17.2,9.5,10.1,25.0
res-can-01,Main Canteen,CANTEEN,250,20,4,0,53,21.1,3,3,2026-09-25T20:00:00.088997,22.0,16.2,23.5,21.2
res-sem-01,Dr. Kalam Seminar Hall,SEMINAR_HALL,180,20,4,0,12,6.4,0,0,2026-09-25T20:00:00.088997,7.3,2.7,0.0,0.0
res-cls-01,Block A Classrooms (301-305),CLASSROOM,150,20,4,0,19,12.6,0,2,2026-09-25T20:00:00.088997,14.0,10.9,1.1,0.0
res-cls-02,Block B Classrooms (201-204),CLASSROOM,120,20,4,0,15,12.3,5,0,2026-09-25T20:00:00.088997,12.4,16.8,7.4,0.0
res-sac-01,Student Activity Center,ACTIVITY_CENTER,160,20,4,0,98,61.2,5,2,2026-09-25T20:00:00.088997,62.4,53.7,50.3,41.7
res-lib-01,Central Library,LIBRARY,200,21,4,0,46,23.1,6,7,2026-09-25T21:00:00.088997,28.3,24.6,19.3,0.0
res-lib-02,Digital Reading Hall,LIBRARY,120,21,4,0,23,19.2,8,0,2026-09-25T21:00:00.088997,23.3,14.6,0.0,14.9
res-lab-01,Computer Lab 1,COMPUTER_LAB,80,21,4,0,32,40.1,4,7,2026-09-25T21:00:00.088997,31.4,26.8,33.9,33.8
res-lab-02,Computer Lab 2,COMPUTER_LAB,75,21,4,0,23,30.4,5,0,2026-09-25T21:00:00.088997,29.3,29.0,5.6,17.9
res-lab-03,Computer Lab 3,COMPUTER_LAB,60,21,4,0,8,13.7,0,2,2026-09-25T21:00:00.088997,7.1,11.2,10.7,14.7
res-lab-ai,AI & Data Science Lab,RESEARCH_LAB,50,21,4,0,13,25.5,0,3,2026-09-25T21:00:00.088997,22.4,37.9,21.6,14.2
res-lab-res,Advanced Research Lab,RESEARCH_LAB,40,21,4,0,8,19.3,0,3,2026-09-25T21:00:00.088997,17.0,13.8,12.2,10.0
res-sr-01,Study Room A,STUDY_ROOM,24,21,4,0,3,13.0,4,0,2026-09-25T21:00:00.088997,10.5,15.8,21.1,0.0
res-sr-02,Study Room B,STUDY_ROOM,20,21,4,0,5,26.9,4,0,2026-09-25T21:00:00.088997,28.1,22.6,20.7,3.9
res-sr-03,Study Room C,STUDY_ROOM,20,21,4,0,3,16.7,4,2,2026-09-25T21:00:00.088997,12.6,9.0,10.6,5.2
res-can-01,Main Canteen,CANTEEN,250,21,4,0,34,13.6,0,0,2026-09-25T21:00:00.088997,13.1,5.8,12.7,1.7
res-sem-01,Dr. Kalam Seminar Hall,SEMINAR_HALL,180,21,4,0,14,7.6,0,1,2026-09-25T21:00:00.088997,2.8,0.0,0.0,0.0
res-cls-01,Block A Classrooms (301-305),CLASSROOM,150,21,4,0,22,15.0,0,0,2026-09-25T21:00:00.088997,13.5,10.2,2.6,1.0
res-cls-02,Block B Classrooms (201-204),CLASSROOM,120,21,4,0,17,13.9,3,3,2026-09-25T21:00:00.088997,7.2,26.2,15.4,8.1
res-sac-01,Student Activity Center,ACTIVITY_CENTER,160,21,4,0,53,33.1,6,1,2026-09-25T21:00:00.088997,30.3,18.0,14.0,26.4
res-lib-01,Central Library,LIBRARY,200,8,5,1,58,29.0,5,4,2026-09-26T08:00:00.088997,30.8,31.6,39.6,48.9
res-lib-02,Digital Reading Hall,LIBRARY,120,8,5,1,24,20.0,6,1,2026-09-26T08:00:00.088997,18.1,25.0,29.0,29.0
res-lab-01,Computer Lab 1,COMPUTER_LAB,80,8,5,1,32,40.1,7,0,2026-09-26T08:00:00.088997,48.3,28.7,67.5,46.7
res-lab-02,Computer Lab 2,COMPUTER_LAB,75,8,5,1,18,24.2,2,3,2026-09-26T08:00:00.088997,26.2,28.4,44.0,41.0
res-lab-03,Computer Lab 3,COMPUTER_LAB,60,8,5,1,7,11.2,3,2,2026-09-26T08:00:00.088997,11.0,20.9,17.7,18.5
res-lab-ai,AI & Data Science Lab,RESEARCH_LAB,50,8,5,1,15,29.0,0,1,2026-09-26T08:00:00.088997,33.9,33.9,25.4,50.6
res-lab-res,Advanced Research Lab,RESEARCH_LAB,40,8,5,1,8,18.8,0,8,2026-09-26T08:00:00.088997,16.6,29.1,19.9,30.4
res-sr-01,Study Room A,STUDY_ROOM,24,8,5,1,4,16.4,0,3,2026-09-26T08:00:00.088997,20.0,28.3,24.1,53.0
res-sr-02,Study Room B,STUDY_ROOM,20,8,5,1,3,16.1,3,0,2026-09-26T08:00:00.088997,15.6,24.2,23.3,28.3
res-sr-03,Study Room C,STUDY_ROOM,20,8,5,1,2,11.7,1,1,2026-09-26T08:00:00.088997,9.0,20.6,4.4,23.9
res-can-01,Main Canteen,CANTEEN,250,8,5,1,43,17.1,4,3,2026-09-26T08:00:00.088997,15.5,32.7,37.5,16.9
res-sem-01,Dr. Kalam Seminar Hall,SEMINAR_HALL,180,8,5,1,9,5.0,4,5,2026-09-26T08:00:00.088997,1.9,4.0,11.7,0.0
res-cls-01,Block A Classrooms (301-305),CLASSROOM,150,8,5,1,29,19.2,5,0,2026-09-26T08:00:00.088997,21.7,20.7,41.9,22.4
res-cls-02,Block B Classrooms (201-204),CLASSROOM,120,8,5,1,19,16.1,0,3,2026-09-26T08:00:00.088997,19.1,20.2,17.0,30.0
res-sac-01,Student Activity Center,ACTIVITY_CENTER,160,8,5,1,21,13.2,0,5,2026-09-26T08:00:00.088997,17.4,22.1,17.7,21.0
res-lib-01,Central Library,LIBRARY,200,9,5,1,48,24.0,3,4,2026-09-26T09:00:00.088997,25.9,24.2,38.9,34.4
res-lib-02,Digital Reading Hall,LIBRARY,120,9,5,1,17,14.2,0,2,2026-09-26T09:00:00.088997,12.9,21.8,15.3,25.8
res-lab-01,Computer Lab 1,COMPUTER_LAB,80,9,5,1,27,33.5,9,6,2026-09-26T09:00:00.088997,40.9,38.6,48.9,44.6
res-lab-02,Computer Lab 2,COMPUTER_LAB,75,9,5,1,23,30.9,3,0,2026-09-26T09:00:00.088997,24.9,45.9,43.2,47.4
res-lab-03,Computer Lab 3,COMPUTER_LAB,60,9,5,1,13,21.0,0,1,2026-09-26T09:00:00.088997,22.0,30.4,22.7,16.5
res-lab-ai,AI & Data Science Lab,RESEARCH_LAB,50,9,5,1,13,25.2,6,0,2026-09-26T09:00:00.088997,25.0,34.0,26.9,14.7
res-lab-res,Advanced Research Lab,RESEARCH_LAB,40,9,5,1,5,13.7,1,2,2026-09-26T09:00:00.088997,14.9,21.3,7.2,5.1
res-sr-01,Study Room A,STUDY_ROOM,24,9,5,1,7,29.0,7,5,2026-09-26T09:00:00.088997,28.4,32.6,37.0,54.8
res-sr-02,Study Room B,STUDY_ROOM,20,9,5,1,3,16.6,3,1,2026-09-26T09:00:00.088997,21.8,23.4,25.0,17.7
res-sr-03,Study Room C,STUDY_ROOM,20,9,5,1,3,14.5,0,1,2026-09-26T09:00:00.088997,16.9,5.1,20.5,10.4
res-can-01,Main Canteen,CANTEEN,250,9,5,1,30,12.0,3,0,2026-09-26T09:00:00.088997,16.2,20.5,17.9,40.4
res-sem-01,Dr. Kalam Seminar Hall,SEMINAR_HALL,180,9,5,1,9,5.0,5,0,2026-09-26T09:00:00.088997,3.6,7.9,3.1,24.4
res-cls-01,Block A Classrooms (301-305),CLASSROOM,150,9,5,1,31,20.4,6,0,2026-09-26T09:00:00.088997,25.7,25.5,30.8,23.3
res-cls-02,Block B Classrooms (201-204),CLASSROOM,120,9,5,1,19,16.1,2,0,2026-09-26T09:00:00.088997,14.3,17.9,17.3,41.2
res-sac-01,Student Activity Center,ACTIVITY_CENTER,160,9,5,1,24,15.0,0,0,2026-09-26T09:00:00.088997,15.0,18.3,13.4,15.3
res-lib-01,Central Library,LIBRARY,200,10,5,1,56,28.1,3,2,2026-09-26T10:00:00.088997,30.1,32.8,34.2,44.3
res-lib-02,Digital Reading Hall,LIBRARY,120,10,5,1,32,26.5,0,2,2026-09-26T10:00:00.088997,22.5,35.3,41.4,29.2
res-lab-01,Computer Lab 1,COMPUTER_LAB,80,10,5,1,31,39.3,0,6,2026-09-26T10:00:00.088997,44.1,51.2,60.6,34.6
res-lab-02,Computer Lab 2,COMPUTER_LAB,75,10,5,1,25,33.3,8,0,2026-09-26T10:00:00.088997,34.6,36.1,49.0,14.5
res-lab-03,Computer Lab 3,COMPUTER_LAB,60,10,5,1,13,22.3,2,4,2026-09-26T10:00:00.088997,24.0,30.2,9.4,27.6
res-lab-ai,AI & Data Science Lab,RESEARCH_LAB,50,10,5,1,17,33.4,4,0,2026-09-26T10:00:00.088997,35.6,33.5,33.2,25.1
res-lab-res,Advanced Research Lab,RESEARCH_LAB,40,10,5,1,9,22.5,6,8,2026-09-26T10:00:00.088997,18.6,32.1,38.0,25.5
res-sr-01,Study Room A,STUDY_ROOM,24,10,5,1,4,16.3,0,0,2026-09-26T10:00:00.088997,19.1,29.5,34.3,6.9
res-sr-02,Study Room B,STUDY_ROOM,20,10,5,1,2,11.8,5,0,2026-09-26T10:00:00.088997,13.6,6.6,30.2,0.0
res-sr-03,Study Room C,STUDY_ROOM,20,10,5,1,2,8.4,4,6,2026-09-26T10:00:00.088997,9.3,13.1,24.6,21.9
res-can-01,Main Canteen,CANTEEN,250,10,5,1,78,31.3,2,0,2026-09-26T10:00:00.088997,34.2,35.7,35.3,29.3
res-sem-01,Dr. Kalam Seminar Hall,SEMINAR_HALL,180,10,5,1,19,10.5,3,3,2026-09-26T10:00:00.088997,11.2,12.9,10.8,31.8
res-cls-01,Block A Classrooms (301-305),CLASSROOM,150,10,5,1,49,32.9,5,4,2026-09-26T10:00:00.088997,33.6,30.9,31.9,56.4
res-cls-02,Block B Classrooms (201-204),CLASSROOM,120,10,5,1,24,20.3,1,0,2026-09-26T10:00:00.088997,17.4,20.6,43.4,38.1
res-sac-01,Student Activity Center,ACTIVITY_CENTER,160,10,5,1,21,12.9,4,0,2026-09-26T10:00:00.088997,20.3,31.2,30.1,24.0
res-lib-01,Central Library,LIBRARY,200,11,5,1,56,27.8,3,0,2026-09-26T11:00:00.088997,27.2,27.1,29.7,59.3
res-lib-02,Digital Reading Hall,LIBRARY,120,11,5,1,45,37.6,5,6,2026-09-26T11:00:00.088997,32.1,47.0,54.1,20.8
res-lab-01,Computer Lab 1,COMPUTER_LAB,80,11,5,1,41,51.2,1,0,2026-09-26T11:00:00.088997,58.5,50.2,52.8,73.1
res-lab-02,Computer Lab 2,COMPUTER_LAB,75,11,5,1,28,36.9,3,3,2026-09-26T11:00:00.088997,40.3,40.6,46.0,40.9
res-lab-03,Computer Lab 3,COMPUTER_LAB,60,11,5,1,10,16.4,2,7,2026-09-26T11:00:00.088997,16.9,20.3,26.6,38.0
res-lab-ai,AI & Data Science Lab,RESEARCH_LAB,50,11,5,1,13,25.6,3,0,2026-09-26T11:00:00.088997,26.5,37.1,27.1,37.8
res-lab-res,Advanced Research Lab,RESEARCH_LAB,40,11,5,1,7,17.9,0,4,2026-09-26T11:00:00.088997,15.7,24.6,28.7,17.7
res-sr-01,Study Room A,STUDY_ROOM,24,11,5,1,5,20.6,0,3,2026-09-26T11:00:00.088997,17.4,23.6,26.3,44.0
res-sr-02,Study Room B,STUDY_ROOM,20,11,5,1,3,15.6,4,3,2026-09-26T11:00:00.088997,19.8,18.6,32.7,21.3
res-sr-03,Study Room C,STUDY_ROOM,20,11,5,1,2,8.1,0,2,2026-09-26T11:00:00.088997,3.7,7.8,5.0,27.5
res-can-01,Main Canteen,CANTEEN,250,11,5,1,147,58.7,6,7,2026-09-26T11:00:00.088997,62.7,73.0,60.8,66.1
res-sem-01,Dr. Kalam Seminar Hall,SEMINAR_HALL,180,11,5,1,37,20.4,2,9,2026-09-26T11:00:00.088997,22.6,20.3,18.1,45.5
res-cls-01,Block A Classrooms (301-305),CLASSROOM,150,11,5,1,49,32.6,5,1,2026-09-26T11:00:00.088997,29.5,41.2,34.9,47.7
res-cls-02,Block B Classrooms (201-204),CLASSROOM,120,11,5,1,38,32.0,5,2,2026-09-26T11:00:00.088997,36.8,31.5,17.9,50.5
res-sac-01,Student Activity Center,ACTIVITY_CENTER,160,11,5,1,25,15.7,0,0,2026-09-26T11:00:00.088997,9.5,21.0,38.5,24.0
res-lib-01,Central Library,LIBRARY,200,12,5,1,47,23.6,2,8,2026-09-26T12:00:00.088997,28.6,23.0,31.8,15.5
res-lib-02,Digital Reading Hall,LIBRARY,120,12,5,1,43,35.8,6,1,2026-09-26T12:00:00.088997,31.8,41.3,43.1,23.8
res-lab-01,Computer Lab 1,COMPUTER_LAB,80,12,5,1,42,52.0,4,8,2026-09-26T12:00:00.088997,55.7,51.2,42.4,29.0
res-lab-02,Computer Lab 2,COMPUTER_LAB,75,12,5,1,34,45.7,3,2,2026-09-26T12:00:00.088997,45.3,50.2,60.7,33.7
res-lab-03,Computer Lab 3,COMPUTER_LAB,60,12,5,1,15,24.4,2,0,2026-09-26T12:00:00.088997,29.9,33.8,50.8,19.7
res-lab-ai,AI & Data Science Lab,RESEARCH_LAB,50,12,5,1,19,37.1,1,6,2026-09-26T12:00:00.088997,35.9,47.0,38.3,29.3
res-lab-res,Advanced Research Lab,RESEARCH_LAB,40,12,5,1,6,15.8,4,0,2026-09-26T12:00:00.088997,18.9,19.6,24.7,0.0
res-sr-01,Study Room A,STUDY_ROOM,24,12,5,1,4,18.3,2,0,2026-09-26T12:00:00.088997,16.3,21.2,22.7,0.0
res-sr-02,Study Room B,STUDY_ROOM,20,12,5,1,4,18.7,1,1,2026-09-26T12:00:00.088997,15.4,36.1,48.5,0.0
res-sr-03,Study Room C,STUDY_ROOM,20,12,5,1,5,24.6,2,7,2026-09-26T12:00:00.088997,28.0,30.2,10.1,2.1
res-can-01,Main Canteen,CANTEEN,250,12,5,1,167,67.0,8,3,2026-09-26T12:00:00.088997,66.0,75.3,62.5,56.6
res-sem-01,Dr. Kalam Seminar Hall,SEMINAR_HALL,180,12,5,1,59,32.7,5,4,2026-09-26T12:00:00.088997,26.6,32.8,59.2,13.5
res-cls-01,Block A Classrooms (301-305),CLASSROOM,150,12,5,1,57,37.8,2,2,2026-09-26T12:00:00.088997,41.9,43.4,49.2,16.0
res-cls-02,Block B Classrooms (201-204),CLASSROOM,120,12,5,1,36,30.3,0,1,2026-09-26T12:00:00.088997,31.4,41.5,39.1,24.1
res-sac-01,Student Activity Center,ACTIVITY_CENTER,160,12,5,1,25,15.6,0,1,2026-09-26T12:00:00.088997,18.1,25.1,13.9,0.0
res-lib-01,Central Library,LIBRARY,200,13,5,1,70,34.8,5,2,2026-09-26T13:00:00.088997,36.9,45.1,22.7,19.5
res-lib-02,Digital Reading Hall,LIBRARY,120,13,5,1,54,45.2,1,4,2026-09-26T13:00:00.088997,46.9,60.0,34.5,35.6
res-lab-01,Computer Lab 1,COMPUTER_LAB,80,13,5,1,51,63.5,5,10,2026-09-26T13:00:00.088997,72.6,68.4,50.7,71.1
res-lab-02,Computer Lab 2,COMPUTER_LAB,75,13,5,1,40,53.0,6,9,2026-09-26T13:00:00.088997,60.3,56.0,47.3,48.0
res-lab-03,Computer Lab 3,COMPUTER_LAB,60,13,5,1,19,31.9,0,0,2026-09-26T13:00:00.088997,28.5,39.9,13.3,22.2
res-lab-ai,AI & Data Science Lab,RESEARCH_LAB,50,13,5,1,27,54.1,10,0,2026-09-26T13:00:00.088997,51.0,54.5,35.6,22.3
res-lab-res,Advanced Research Lab,RESEARCH_LAB,40,13,5,1,8,20.0,4,4,2026-09-26T13:00:00.088997,20.1,23.3,15.2,6.7
res-sr-01,Study Room A,STUDY_ROOM,24,13,5,1,7,28.0,4,1,2026-09-26T13:00:00.088997,22.5,42.0,13.8,20.3
res-sr-02,Study Room B,STUDY_ROOM,20,13,5,1,1,7.3,0,1,2026-09-26T13:00:00.088997,9.9,30.4,0.0,5.2
res-sr-03,Study Room C,STUDY_ROOM,20,13,5,1,6,30.2,1,5,2026-09-26T13:00:00.088997,31.6,40.5,39.9,20.1
res-can-01,Main Canteen,CANTEEN,250,13,5,1,185,73.9,12,11,2026-09-26T13:00:00.088997,72.3,76.2,72.0,60.3
res-sem-01,Dr. Kalam Seminar Hall,SEMINAR_HALL,180,13,5,1,49,27.2,4,4,2026-09-26T13:00:00.088997,27.8,32.6,14.0,2.0
res-cls-01,Block A Classrooms (301-305),CLASSROOM,150,13,5,1,37,24.8,3,0,2026-09-26T13:00:00.088997,25.1,30.3,27.6,9.1
res-cls-02,Block B Classrooms (201-204),CLASSROOM,120,13,5,1,36,29.9,2,1,2026-09-26T13:00:00.088997,34.1,32.8,0.0,62.2
res-sac-01,Student Activity Center,ACTIVITY_CENTER,160,13,5,1,25,15.6,2,0,2026-09-26T13:00:00.088997,11.7,20.0,10.6,12.0
res-lib-01,Central Library,LIBRARY,200,14,5,1,86,42.8,1,0,2026-09-26T14:00:00.088997,40.4,34.6,23.4,40.7
res-lib-02,Digital Reading Hall,LIBRARY,120,14,5,1,46,38.5,6,0,2026-09-26T14:00:00.088997,37.1,39.2,27.5,46.8
res-lab-01,Computer Lab 1,COMPUTER_LAB,80,14,5,1,54,67.5,8,8,2026-09-26T14:00:00.088997,69.8,65.8,63.5,49.2
res-lab-02,Computer Lab 2,COMPUTER_LAB,75,14,5,1,32,43.1,1,11,2026-09-26T14:00:00.088997,42.4,36.6,46.5,22.1
res-lab-03,Computer Lab 3,COMPUTER_LAB,60,14,5,1,24,40.1,5,5,2026-09-26T14:00:00.088997,36.7,29.3,24.7,18.7
res-lab-ai,AI & Data Science Lab,RESEARCH_LAB,50,14,5,1,26,52.7,1,1,2026-09-26T14:00:00.088997,51.3,47.0,46.5,40.2
res-lab-res,Advanced Research Lab,RESEARCH_LAB,40,14,5,1,16,39.2,5,2,2026-09-26T14:00:00.088997,37.6,40.3,30.7,35.4
res-sr-01,Study Room A,STUDY_ROOM,24,14,5,1,8,34.7,3,3,2026-09-26T14:00:00.088997,39.1,31.2,17.9,18.9
res-sr-02,Study Room B,STUDY_ROOM,20,14,5,1,2,11.3,1,5,2026-09-26T14:00:00.088997,3.9,7.2,12.1,12.4
res-sr-03,Study Room C,STUDY_ROOM,20,14,5,1,8,40.1,0,5,2026-09-26T14:00:00.088997,32.1,29.2,39.5,30.0
res-can-01,Main Canteen,CANTEEN,250,14,5,1,174,69.8,5,11,2026-09-26T14:00:00.088997,70.5,70.1,52.1,71.8
res-sem-01,Dr. Kalam Seminar Hall,SEMINAR_HALL,180,14,5,1,48,26.5,1,4,2026-09-26T14:00:00.088997,26.8,16.4,37.0,36.3
res-cls-01,Block A Classrooms (301-305),CLASSROOM,150,14,5,1,32,21.5,3,3,2026-09-26T14:00:00.088997,13.3,17.2,14.4,2.6
res-cls-02,Block B Classrooms (201-204),CLASSROOM,120,14,5,1,35,28.8,0,0,2026-09-26T14:00:00.088997,30.5,34.2,12.3,19.0
res-sac-01,Student Activity Center,ACTIVITY_CENTER,160,14,5,1,31,19.4,0,3,2026-09-26T14:00:00.088997,17.3,21.5,0.0,0.0
res-lib-01,Central Library,LIBRARY,200,15,5,1,98,48.9,6,4,2026-09-26T15:00:00.088997,49.2,38.3,28.5,30.9
res-lib-02,Digital Reading Hall,LIBRARY,120,15,5,1,46,38.5,3,7,2026-09-26T15:00:00.088997,39.6,36.7,32.5,21.3
res-lab-01,Computer Lab 1,COMPUTER_LAB,80,15,5,1,41,51.6,2,3,2026-09-26T15:00:00.088997,49.4,39.7,45.1,37.3
res-lab-02,Computer Lab 2,COMPUTER_LAB,75,15,5,1,33,43.4,8,0,2026-09-26T15:00:00.088997,39.9,24.3,37.6,40.6
res-lab-03,Computer Lab 3,COMPUTER_LAB,60,15,5,1,21,35.6,0,0,2026-09-26T15:00:00.088997,33.9,28.6,25.1,19.2
res-lab-ai,AI & Data Science Lab,RESEARCH_LAB,50,15,5,1,26,52.1,9,6,2026-09-26T15:00:00.088997,45.4,42.9,36.3,57.0
res-lab-res,Advanced Research Lab,RESEARCH_LAB,40,15,5,1,16,39.7,4,9,2026-09-26T15:00:00.088997,43.5,33.3,28.0,23.3
res-sr-01,Study Room A,STUDY_ROOM,24,15,5,1,9,36.2,9,0,2026-09-26T15:00:00.088997,37.7,35.4,25.5,45.9
res-sr-02,Study Room B,STUDY_ROOM,20,15,5,1,4,21.9,2,0,2026-09-26T15:00:00.088997,23.8,19.0,0.0,24.8
res-sr-03,Study Room C,STUDY_ROOM,20,15,5,1,8,41.8,1,3,2026-09-26T15:00:00.088997,34.6,35.8,35.1,25.8
res-can-01,Main Canteen,CANTEEN,250,15,5,1,126,50.2,1,6,2026-09-26T15:00:00.088997,40.5,45.4,26.0,38.8
res-sem-01,Dr. Kalam Seminar Hall,SEMINAR_HALL,180,15,5,1,39,21.8,3,4,2026-09-26T15:00:00.088997,24.0,7.1,13.3,33.9
res-cls-01,Block A Classrooms (301-305),CLASSROOM,150,15,5,1,16,10.5,0,0,2026-09-26T15:00:00.088997,6.9,0.0,10.3,5.5
res-cls-02,Block B Classrooms (201-204),CLASSROOM,120,15,5,1,21,17.8,1,0,2026-09-26T15:00:00.088997,9.4,4.3,0.0,5.1
res-sac-01,Student Activity Center,ACTIVITY_CENTER,160,15,5,1,58,35.9,1,2,2026-09-26T15:00:00.088997,36.9,33.1,37.0,21.2
res-lib-01,Central Library,LIBRARY,200,16,5,1,115,57.4,7,4,2026-09-26T16:00:00.088997,55.8,44.9,46.7,50.6
res-lib-02,Digital Reading Hall,LIBRARY,120,16,5,1,43,35.6,3,11,2026-09-26T16:00:00.088997,32.9,20.5,38.5,30.9
res-lab-01,Computer Lab 1,COMPUTER_LAB,80,16,5,1,39,49.1,4,6,2026-09-26T16:00:00.088997,53.6,45.3,27.8,0.0
res-lab-02,Computer Lab 2,COMPUTER_LAB,75,16,5,1,30,39.7,1,3,2026-09-26T16:00:00.088997,34.5,29.4,24.8,19.6
res-lab-03,Computer Lab 3,COMPUTER_LAB,60,16,5,1,25,40.9,6,0,2026-09-26T16:00:00.088997,34.6,38.1,42.3,41.3
res-lab-ai,AI & Data Science Lab,RESEARCH_LAB,50,16,5,1,24,48.7,8,0,2026-09-26T16:00:00.088997,45.9,46.7,22.0,61.9
res-lab-res,Advanced Research Lab,RESEARCH_LAB,40,16,5,1,19,48.1,7,1,2026-09-26T16:00:00.088997,45.8,47.8,30.0,33.9
res-sr-01,Study Room A,STUDY_ROOM,24,16,5,1,12,48.5,1,5,2026-09-26T16:00:00.088997,39.5,37.8,36.0,42.7
res-sr-02,Study Room B,STUDY_ROOM,20,16,5,1,6,32.2,4,1,2026-09-26T16:00:00.088997,28.1,34.7,13.9,29.3
res-sr-03,Study Room C,STUDY_ROOM,20,16,5,1,8,39.8,3,0,2026-09-26T16:00:00.088997,33.3,30.4,30.5,35.1
res-can-01,Main Canteen,CANTEEN,250,16,5,1,79,31.6,3,2,2026-09-26T16:00:00.088997,31.5,30.4,11.1,16.2
res-sem-01,Dr. Kalam Seminar Hall,SEMINAR_HALL,180,16,5,1,34,19.0,0,2,2026-09-26T16:00:00.088997,16.3,10.6,25.3,7.5
res-cls-01,Block A Classrooms (301-305),CLASSROOM,150,16,5,1,24,16.0,1,2,2026-09-26T16:00:00.088997,11.7,7.6,11.7,9.2
res-cls-02,Block B Classrooms (201-204),CLASSROOM,120,16,5,1,21,17.1,3,0,2026-09-26T16:00:00.088997,11.9,17.2,0.0,8.6
res-sac-01,Student Activity Center,ACTIVITY_CENTER,160,16,5,1,91,56.6,9,6,2026-09-26T16:00:00.088997,51.9,47.3,43.9,51.5
res-lib-01,Central Library,LIBRARY,200,17,5,1,77,38.5,5,1,2026-09-26T17:00:00.088997,37.3,35.6,15.6,23.8
res-lib-02,Digital Reading Hall,LIBRARY,120,17,5,1,30,25.3,3,2,2026-09-26T17:00:00.088997,18.5,13.9,4.9,20.0
res-lab-01,Computer Lab 1,COMPUTER_LAB,80,17,5,1,31,39.3,4,0,2026-09-26T17:00:00.088997,37.1,38.1,14.7,20.8
res-lab-02,Computer Lab 2,COMPUTER_LAB,75,17,5,1,18,23.4,1,0,2026-09-26T17:00:00.088997,23.0,19.5,27.1,10.8
res-lab-03,Computer Lab 3,COMPUTER_LAB,60,17,5,1,20,33.2,2,0,2026-09-26T17:00:00.088997,34.5,35.6,31.5,22.7
res-lab-ai,AI & Data Science Lab,RESEARCH_LAB,50,17,5,1,21,42.9,8,6,2026-09-26T17:00:00.088997,49.0,31.0,42.7,37.5
res-lab-res,Advanced Research Lab,RESEARCH_LAB,40,17,5,1,18,44.6,9,5,2026-09-26T17:00:00.088997,38.9,38.9,28.1,27.0
res-sr-01,Study Room A,STUDY_ROOM,24,17,5,1,11,47.7,8,5,2026-09-26T17:00:00.088997,42.7,45.0,46.2,12.0
res-sr-02,Study Room B,STUDY_ROOM,20,17,5,1,8,40.3,4,6,2026-09-26T17:00:00.088997,39.9,38.2,28.0,28.3
res-sr-03,Study Room C,STUDY_ROOM,20,17,5,1,8,38.8,4,4,2026-09-26T17:00:00.088997,30.7,33.4,12.7,20.6
res-can-01,Main Canteen,CANTEEN,250,17,5,1,26,10.3,3,0,2026-09-26T17:00:00.088997,9.7,14.1,0.0,0.0
res-sem-01,Dr. Kalam Seminar Hall,SEMINAR_HALL,180,17,5,1,11,6.2,0,0,2026-09-26T17:00:00.088997,7.9,12.4,0.0,0.0
res-cls-01,Block A Classrooms (301-305),CLASSROOM,150,17,5,1,12,8.2,0,6,2026-09-26T17:00:00.088997,4.1,0.9,14.8,3.2
res-cls-02,Block B Classrooms (201-204),CLASSROOM,120,17,5,1,17,13.9,0,0,2026-09-26T17:00:00.088997,7.8,13.8,17.0,0.0
res-sac-01,Student Activity Center,ACTIVITY_CENTER,160,17,5,1,113,70.4,7,2,2026-09-26T17:00:00.088997,65.7,70.1,54.5,59.5
res-lib-01,Central Library,LIBRARY,200,18,5,1,73,36.6,3,1,2026-09-26T18:00:00.088997,29.7,36.3,36.2,12.9
res-lib-02,Digital Reading Hall,LIBRARY,120,18,5,1,23,19.1,2,0,2026-09-26T18:00:00.088997,11.5,21.9,1.5,22.2
res-lab-01,Computer Lab 1,COMPUTER_LAB,80,18,5,1,24,29.6,5,2,2026-09-26T18:00:00.088997,26.9,35.8,10.3,24.8
res-lab-02,Computer Lab 2,COMPUTER_LAB,75,18,5,1,20,27.2,13,0,2026-09-26T18:00:00.088997,22.7,27.1,17.4,9.7
res-lab-03,Computer Lab 3,COMPUTER_LAB,60,18,5,1,17,27.9,2,0,2026-09-26T18:00:00.088997,28.8,25.2,17.1,11.6
res-lab-ai,AI & Data Science Lab,RESEARCH_LAB,50,18,5,1,18,35.5,6,2,2026-09-26T18:00:00.088997,30.4,22.7,31.0,17.3
res-lab-res,Advanced Research Lab,RESEARCH_LAB,40,18,5,1,14,34.7,0,2,2026-09-26T18:00:00.088997,31.9,28.2,23.3,5.0
res-sr-01,Study Room A,STUDY_ROOM,24,18,5,1,9,36.5,7,6,2026-09-26T18:00:00.088997,36.8,34.5,36.7,11.1
res-sr-02,Study Room B,STUDY_ROOM,20,18,5,1,8,40.0,1,0,2026-09-26T18:00:00.088997,39.5,40.7,30.2,47.8
res-sr-03,Study Room C,STUDY_ROOM,20,18,5,1,6,29.0,1,0,2026-09-26T18:00:00.088997,31.1,24.8,27.1,0.0
res-can-01,Main Canteen,CANTEEN,250,18,5,1,27,11.0,0,0,2026-09-26T18:00:00.088997,8.7,12.5,23.4,1.9
res-sem-01,Dr. Kalam Seminar Hall,SEMINAR_HALL,180,18,5,1,9,5.0,0,3,2026-09-26T18:00:00.088997,0.0,3.7,0.0,0.0
res-cls-01,Block A Classrooms (301-305),CLASSROOM,150,18,5,1,8,5.0,0,0,2026-09-26T18:00:00.088997,0.6,5.5,8.1,0.0
res-cls-02,Block B Classrooms (201-204),CLASSROOM,120,18,5,1,9,7.7,5,0,2026-09-26T18:00:00.088997,1.2,6.9,3.8,0.0
res-sac-01,Student Activity Center,ACTIVITY_CENTER,160,18,5,1,129,80.4,10,8,2026-09-26T18:00:00.088997,80.2,72.4,77.1,68.6
res-lib-01,Central Library,LIBRARY,200,19,5,1,64,32.2,3,2,2026-09-26T19:00:00.088997,24.4,23.4,24.8,4.0
res-lib-02,Digital Reading Hall,LIBRARY,120,19,5,1,21,17.5,9,0,2026-09-26T19:00:00.088997,14.0,7.5,8.5,0.0
res-lab-01,Computer Lab 1,COMPUTER_LAB,80,19,5,1,27,34.0,1,6,2026-09-26T19:00:00.088997,32.4,23.0,33.6,10.5
res-lab-02,Computer Lab 2,COMPUTER_LAB,75,19,5,1,14,18.7,2,7,2026-09-26T19:00:00.088997,9.4,5.8,17.5,0.0
res-lab-03,Computer Lab 3,COMPUTER_LAB,60,19,5,1,10,17.4,0,2,2026-09-26T19:00:00.088997,22.4,5.3,18.7,13.6
res-lab-ai,AI & Data Science Lab,RESEARCH_LAB,50,19,5,1,12,24.0,4,2,2026-09-26T19:00:00.088997,22.4,21.1,12.9,12.9
res-lab-res,Advanced Research Lab,RESEARCH_LAB,40,19,5,1,15,37.8,6,0,2026-09-26T19:00:00.088997,40.9,25.8,36.6,26.7
res-sr-01,Study Room A,STUDY_ROOM,24,19,5,1,7,28.0,4,0,2026-09-26T19:00:00.088997,30.3,18.8,6.6,34.4
res-sr-02,Study Room B,STUDY_ROOM,20,19,5,1,7,35.8,6,1,2026-09-26T19:00:00.088997,26.2,40.8,27.7,29.7
res-sr-03,Study Room C,STUDY_ROOM,20,19,5,1,4,22.3,1,2,2026-09-26T19:00:00.088997,26.7,17.2,22.8,0.0
res-can-01,Main Canteen,CANTEEN,250,19,5,1,36,14.5,0,4,2026-09-26T19:00:00.088997,14.1,8.9,5.6,0.0
res-sem-01,Dr. Kalam Seminar Hall,SEMINAR_HALL,180,19,5,1,9,5.0,0,7,2026-09-26T19:00:00.088997,8.2,0.0,0.0,0.0
res-cls-01,Block A Classrooms (301-305),CLASSROOM,150,19,5,1,14,9.4,0,2,2026-09-26T19:00:00.088997,10.8,0.0,19.0,15.7
res-cls-02,Block B Classrooms (201-204),CLASSROOM,120,19,5,1,15,12.2,0,2,2026-09-26T19:00:00.088997,11.3,10.3,18.5,0.0
res-sac-01,Student Activity Center,ACTIVITY_CENTER,160,19,5,1,128,80.1,10,7,2026-09-26T19:00:00.088997,87.7,80.0,68.0,69.1
res-lib-01,Central Library,LIBRARY,200,20,5,1,55,27.5,2,3,2026-09-26T20:00:00.088997,22.3,12.4,20.5,17.2
res-lib-02,Digital Reading Hall,LIBRARY,120,20,5,1,27,22.1,0,0,2026-09-26T20:00:00.088997,16.2,23.4,8.1,4.8
res-lab-01,Computer Lab 1,COMPUTER_LAB,80,20,5,1,27,33.8,2,1,2026-09-26T20:00:00.088997,28.3,37.2,31.9,36.7
res-lab-02,Computer Lab 2,COMPUTER_LAB,75,20,5,1,23,30.8,0,4,2026-09-26T20:00:00.088997,26.5,32.5,16.1,6.1
res-lab-03,Computer Lab 3,COMPUTER_LAB,60,20,5,1,6,9.3,0,3,2026-09-26T20:00:00.088997,8.3,0.0,20.6,5.1
res-lab-ai,AI & Data Science Lab,RESEARCH_LAB,50,20,5,1,17,33.1,7,0,2026-09-26T20:00:00.088997,27.5,33.0,17.8,17.8
res-lab-res,Advanced Research Lab,RESEARCH_LAB,40,20,5,1,12,28.8,0,1,2026-09-26T20:00:00.088997,30.5,28.2,30.8,28.9
res-sr-01,Study Room A,STUDY_ROOM,24,20,5,1,6,26.3,4,3,2026-09-26T20:00:00.088997,21.8,15.2,12.1,10.4
res-sr-02,Study Room B,STUDY_ROOM,20,20,5,1,5,25.5,4,3,2026-09-26T20:00:00.088997,24.8,22.6,28.3,13.4
res-sr-03,Study Room C,STUDY_ROOM,20,20,5,1,4,19.0,3,5,2026-09-26T20:00:00.088997,23.5,17.5,12.0,8.2
res-can-01,Main Canteen,CANTEEN,250,20,5,1,20,8.1,0,3,2026-09-26T20:00:00.088997,2.3,12.8,0.0,30.5
res-sem-01,Dr. Kalam Seminar Hall,SEMINAR_HALL,180,20,5,1,9,5.0,1,0,2026-09-26T20:00:00.088997,0.0,6.4,0.0,0.0
res-cls-01,Block A Classrooms (301-305),CLASSROOM,150,20,5,1,19,12.3,3,0,2026-09-26T20:00:00.088997,12.7,8.1,0.0,0.0
res-cls-02,Block B Classrooms (201-204),CLASSROOM,120,20,5,1,6,5.0,5,3,2026-09-26T20:00:00.088997,0.0,4.8,0.0,4.0
res-sac-01,Student Activity Center,ACTIVITY_CENTER,160,20,5,1,88,55.0,5,4,2026-09-26T20:00:00.088997,50.4,58.4,55.1,44.4
res-lib-01,Central Library,LIBRARY,200,21,5,1,58,29.1,0,0,2026-09-26T21:00:00.088997,29.0,28.5,23.6,0.0
res-lib-02,Digital Reading Hall,LIBRARY,120,21,5,1,19,15.8,3,8,2026-09-26T21:00:00.088997,18.6,20.2,10.8,7.7
res-lab-01,Computer Lab 1,COMPUTER_LAB,80,21,5,1,25,30.9,6,2,2026-09-26T21:00:00.088997,31.6,26.1,25.4,17.8
res-lab-02,Computer Lab 2,COMPUTER_LAB,75,21,5,1,19,25.9,6,0,2026-09-26T21:00:00.088997,17.9,23.5,30.9,34.2
res-lab-03,Computer Lab 3,COMPUTER_LAB,60,21,5,1,6,10.1,0,0,2026-09-26T21:00:00.088997,5.9,11.8,2.0,0.0
res-lab-ai,AI & Data Science Lab,RESEARCH_LAB,50,21,5,1,16,32.2,1,7,2026-09-26T21:00:00.088997,30.2,24.8,29.5,31.5
res-lab-res,Advanced Research Lab,RESEARCH_LAB,40,21,5,1,11,26.4,2,5,2026-09-26T21:00:00.088997,24.8,17.7,11.4,1.2
res-sr-01,Study Room A,STUDY_ROOM,24,21,5,1,4,17.0,5,3,2026-09-26T21:00:00.088997,10.1,1.6,0.0,0.0
res-sr-02,Study Room B,STUDY_ROOM,20,21,5,1,4,18.5,5,0,2026-09-26T21:00:00.088997,23.2,3.4,7.4,15.9
res-sr-03,Study Room C,STUDY_ROOM,20,21,5,1,4,18.4,1,4,2026-09-26T21:00:00.088997,19.6,9.3,13.2,14.8
res-can-01,Main Canteen,CANTEEN,250,21,5,1,19,7.6,5,0,2026-09-26T21:00:00.088997,6.1,0.0,0.5,0.0
res-sem-01,Dr. Kalam Seminar Hall,SEMINAR_HALL,180,21,5,1,9,5.0,0,2,2026-09-26T21:00:00.088997,4.4,6.5,0.0,6.6
res-cls-01,Block A Classrooms (301-305),CLASSROOM,150,21,5,1,15,10.2,1,7,2026-09-26T21:00:00.088997,6.2,12.5,6.5,0.0
res-cls-02,Block B Classrooms (201-204),CLASSROOM,120,21,5,1,6,5.0,0,3,2026-09-26T21:00:00.088997,9.9,0.5,0.0,2.3
res-sac-01,Student Activity Center,ACTIVITY_CENTER,160,21,5,1,61,38.1,7,4,2026-09-26T21:00:00.088997,36.6,28.9,21.6,0.0
res-lib-01,Central Library,LIBRARY,200,8,6,1,60,29.9,3,1,2026-09-27T08:00:00.088997,24.1,31.1,31.0,30.4
res-lib-02,Digital Reading Hall,LIBRARY,120,8,6,1,26,21.3,2,0,2026-09-27T08:00:00.088997,18.1,18.5,45.6,49.2
res-lab-01,Computer Lab 1,COMPUTER_LAB,80,8,6,1,25,31.6,0,3,2026-09-27T08:00:00.088997,33.8,38.5,46.3,47.0
res-lab-02,Computer Lab 2,COMPUTER_LAB,75,8,6,1,15,20.5,3,4,2026-09-27T08:00:00.088997,19.6,27.3,23.6,54.5
res-lab-03,Computer Lab 3,COMPUTER_LAB,60,8,6,1,6,9.7,4,0,2026-09-27T08:00:00.088997,18.9,7.8,19.4,0.1
res-lab-ai,AI & Data Science Lab,RESEARCH_LAB,50,8,6,1,12,24.6,5,5,2026-09-27T08:00:00.088997,27.6,34.0,42.0,26.4
res-lab-res,Advanced Research Lab,RESEARCH_LAB,40,8,6,1,6,14.4,1,0,2026-09-27T08:00:00.088997,18.0,22.7,16.3,32.9
res-sr-01,Study Room A,STUDY_ROOM,24,8,6,1,5,22.6,4,1,2026-09-27T08:00:00.088997,27.7,30.7,36.4,52.8
res-sr-02,Study Room B,STUDY_ROOM,20,8,6,1,3,16.3,0,0,2026-09-27T08:00:00.088997,22.8,23.5,39.3,2.0
res-sr-03,Study Room C,STUDY_ROOM,20,8,6,1,4,18.6,1,0,2026-09-27T08:00:00.088997,17.6,29.0,32.2,14.9
res-can-01,Main Canteen,CANTEEN,250,8,6,1,27,10.7,3,1,2026-09-27T08:00:00.088997,17.1,13.9,0.0,22.9
res-sem-01,Dr. Kalam Seminar Hall,SEMINAR_HALL,180,8,6,1,10,5.7,1,3,2026-09-27T08:00:00.088997,0.0,9.3,5.4,1.2
res-cls-01,Block A Classrooms (301-305),CLASSROOM,150,8,6,1,28,18.8,4,2,2026-09-27T08:00:00.088997,18.1,23.0,35.2,37.0
res-cls-02,Block B Classrooms (201-204),CLASSROOM,120,8,6,1,9,7.8,0,0,2026-09-27T08:00:00.088997,8.1,2.4,34.4,7.5
res-sac-01,Student Activity Center,ACTIVITY_CENTER,160,8,6,1,31,19.4,7,2,2026-09-27T08:00:00.088997,21.0,16.5,22.9,48.7
res-lib-01,Central Library,LIBRARY,200,9,6,1,53,26.4,3,6,2026-09-27T09:00:00.088997,31.2,30.5,36.4,27.2
res-lib-02,Digital Reading Hall,LIBRARY,120,9,6,1,21,17.8,1,3,2026-09-27T09:00:00.088997,14.8,23.2,22.2,16.9
res-lab-01,Computer Lab 1,COMPUTER_LAB,80,9,6,1,27,33.5,0,1,2026-09-27T09:00:00.088997,31.1,36.8,20.9,45.8
res-lab-02,Computer Lab 2,COMPUTER_LAB,75,9,6,1,21,28.6,3,4,2026-09-27T09:00:00.088997,28.6,24.3,36.7,46.8
res-lab-03,Computer Lab 3,COMPUTER_LAB,60,9,6,1,6,9.7,0,0,2026-09-27T09:00:00.088997,23.1,16.0,0.6,0.0
res-lab-ai,AI & Data Science Lab,RESEARCH_LAB,50,9,6,1,16,32.9,11,2,2026-09-27T09:00:00.088997,33.6,40.5,33.7,12.4
res-lab-res,Advanced Research Lab,RESEARCH_LAB,40,9,6,1,10,24.1,1,5,2026-09-27T09:00:00.088997,23.1,29.9,39.8,47.0
res-sr-01,Study Room A,STUDY_ROOM,24,9,6,1,5,20.9,3,3,2026-09-27T09:00:00.088997,24.8,18.2,17.5,5.6
res-sr-02,Study Room B,STUDY_ROOM,20,9,6,1,4,18.1,0,4,2026-09-27T09:00:00.088997,21.7,17.1,25.0,22.6
res-sr-03,Study Room C,STUDY_ROOM,20,9,6,1,3,12.6,4,8,2026-09-27T09:00:00.088997,19.0,17.4,31.9,43.1
res-can-01,Main Canteen,CANTEEN,250,9,6,1,12,5.0,4,2,2026-09-27T09:00:00.088997,11.8,14.9,11.0,39.4
res-sem-01,Dr. Kalam Seminar Hall,SEMINAR_HALL,180,9,6,1,11,6.4,0,2,2026-09-27T09:00:00.088997,12.2,11.9,17.9,17.4
res-cls-01,Block A Classrooms (301-305),CLASSROOM,150,9,6,1,36,24.2,0,0,2026-09-27T09:00:00.088997,32.2,27.8,1.3,38.9
res-cls-02,Block B Classrooms (201-204),CLASSROOM,120,9,6,1,19,16.2,0,0,2026-09-27T09:00:00.088997,14.7,16.8,35.1,24.4
res-sac-01,Student Activity Center,ACTIVITY_CENTER,160,9,6,1,21,13.3,4,2,2026-09-27T09:00:00.088997,8.3,14.6,24.2,12.1
res-lib-01,Central Library,LIBRARY,200,10,6,1,66,33.1,4,1,2026-09-27T10:00:00.088997,30.6,43.7,35.3,47.7
res-lib-02,Digital Reading Hall,LIBRARY,120,10,6,1,24,20.1,2,0,2026-09-27T10:00:00.088997,20.9,20.3,37.3,24.2
res-lab-01,Computer Lab 1,COMPUTER_LAB,80,10,6,1,31,39.1,4,8,2026-09-27T10:00:00.088997,44.7,48.9,32.9,41.3
res-lab-02,Computer Lab 2,COMPUTER_LAB,75,10,6,1,26,34.5,0,3,2026-09-27T10:00:00.088997,32.2,33.7,57.6,53.1
res-lab-03,Computer Lab 3,COMPUTER_LAB,60,10,6,1,11,18.9,4,1,2026-09-27T10:00:00.088997,18.2,21.5,25.2,50.2
res-lab-ai,AI & Data Science Lab,RESEARCH_LAB,50,10,6,1,12,24.7,1,0,2026-09-27T10:00:00.088997,30.9,40.8,35.4,39.3
res-lab-res,Advanced Research Lab,RESEARCH_LAB,40,10,6,1,8,20.4,3,4,2026-09-27T10:00:00.088997,24.1,28.4,35.3,9.0
res-sr-01,Study Room A,STUDY_ROOM,24,10,6,1,5,20.0,3,3,2026-09-27T10:00:00.088997,21.3,26.0,21.5,8.7
res-sr-02,Study Room B,STUDY_ROOM,20,10,6,1,4,18.9,0,1,2026-09-27T10:00:00.088997,17.9,33.5,26.2,25.2
res-sr-03,Study Room C,STUDY_ROOM,20,10,6,1,4,18.0,8,3,2026-09-27T10:00:00.088997,18.5,27.2,11.8,28.5
res-can-01,Main Canteen,CANTEEN,250,10,6,1,102,40.8,5,4,2026-09-27T10:00:00.088997,42.8,43.4,51.6,60.1
res-sem-01,Dr. Kalam Seminar Hall,SEMINAR_HALL,180,10,6,1,23,12.8,0,2,2026-09-27T10:00:00.088997,23.3,15.5,7.5,30.9
res-cls-01,Block A Classrooms (301-305),CLASSROOM,150,10,6,1,60,39.7,6,9,2026-09-27T10:00:00.088997,44.9,49.0,43.1,53.2
res-cls-02,Block B Classrooms (201-204),CLASSROOM,120,10,6,1,28,23.0,2,1,2026-09-27T10:00:00.088997,25.9,20.3,38.3,22.5
res-sac-01,Student Activity Center,ACTIVITY_CENTER,160,10,6,1,22,14.0,2,0,2026-09-27T10:00:00.088997,8.1,16.7,9.1,32.5
res-lib-01,Central Library,LIBRARY,200,11,6,1,41,20.4,6,2,2026-09-27T11:00:00.088997,22.6,13.5,29.7,29.4
res-lib-02,Digital Reading Hall,LIBRARY,120,11,6,1,34,28.0,3,1,2026-09-27T11:00:00.088997,29.1,33.1,31.7,40.9
res-lab-01,Computer Lab 1,COMPUTER_LAB,80,11,6,1,38,47.8,7,3,2026-09-27T11:00:00.088997,45.5,48.6,68.8,69.3
res-lab-02,Computer Lab 2,COMPUTER_LAB,75,11,6,1,32,43.0,9,2,2026-09-27T11:00:00.088997,46.2,48.5,56.9,49.5
res-lab-03,Computer Lab 3,COMPUTER_LAB,60,11,6,1,9,15.4,2,3,2026-09-27T11:00:00.088997,20.0,20.9,24.5,28.1
res-lab-ai,AI & Data Science Lab,RESEARCH_LAB,50,11,6,1,18,36.6,0,0,2026-09-27T11:00:00.088997,41.3,43.2,47.0,54.6
res-lab-res,Advanced Research Lab,RESEARCH_LAB,40,11,6,1,8,20.9,0,3,2026-09-27T11:00:00.088997,22.9,23.2,35.1,38.7
res-sr-01,Study Room A,STUDY_ROOM,24,11,6,1,5,20.9,7,6,2026-09-27T11:00:00.088997,26.9,41.3,27.5,25.3
res-sr-02,Study Room B,STUDY_ROOM,20,11,6,1,4,18.4,1,1,2026-09-27T11:00:00.088997,16.5,27.1,13.2,27.3
res-sr-03,Study Room C,STUDY_ROOM,20,11,6,1,3,14.9,0,0,2026-09-27T11:00:00.088997,9.9,15.5,27.8,28.4
res-can-01,Main Canteen,CANTEEN,250,11,6,1,130,52.0,3,6,2026-09-27T11:00:00.088997,46.8,42.6,57.8,55.4
res-sem-01,Dr. Kalam Seminar Hall,SEMINAR_HALL,180,11,6,1,47,25.9,3,7,2026-09-27T11:00:00.088997,25.7,33.8,31.6,52.4
res-cls-01,Block A Classrooms (301-305),CLASSROOM,150,11,6,1,53,35.2,6,0,2026-09-27T11:00:00.088997,35.5,39.7,54.6,18.8
res-cls-02,Block B Classrooms (201-204),CLASSROOM,120,11,6,1,34,28.7,2,0,2026-09-27T11:00:00.088997,28.8,24.5,15.7,35.6
res-sac-01,Student Activity Center,ACTIVITY_CENTER,160,11,6,1,22,13.8,0,2,2026-09-27T11:00:00.088997,12.3,29.6,21.5,39.3
res-lib-01,Central Library,LIBRARY,200,12,6,1,37,18.3,0,3,2026-09-27T12:00:00.088997,19.4,16.8,9.7,15.1
res-lib-02,Digital Reading Hall,LIBRARY,120,12,6,1,51,42.6,5,2,2026-09-27T12:00:00.088997,40.2,47.3,38.8,21.6
res-lab-01,Computer Lab 1,COMPUTER_LAB,80,12,6,1,48,60.1,1,8,2026-09-27T12:00:00.088997,68.1,70.0,71.7,42.5
res-lab-02,Computer Lab 2,COMPUTER_LAB,75,12,6,1,32,42.4,0,4,2026-09-27T12:00:00.088997,42.8,43.3,50.3,31.2
res-lab-03,Computer Lab 3,COMPUTER_LAB,60,12,6,1,13,21.6,7,4,2026-09-27T12:00:00.088997,27.2,26.0,34.2,0.0
res-lab-ai,AI & Data Science Lab,RESEARCH_LAB,50,12,6,1,21,41.8,4,1,2026-09-27T12:00:00.088997,43.7,45.0,70.7,35.0
res-lab-res,Advanced Research Lab,RESEARCH_LAB,40,12,6,1,11,26.3,6,2,2026-09-27T12:00:00.088997,26.5,20.9,26.5,22.3
res-sr-01,Study Room A,STUDY_ROOM,24,12,6,1,5,18.8,3,0,2026-09-27T12:00:00.088997,22.6,30.4,10.8,11.3
res-sr-02,Study Room B,STUDY_ROOM,20,12,6,1,4,20.4,7,0,2026-09-27T12:00:00.088997,25.5,34.0,32.0,23.8
res-sr-03,Study Room C,STUDY_ROOM,20,12,6,1,4,19.6,3,0,2026-09-27T12:00:00.088997,20.9,27.2,21.3,4.9
res-can-01,Main Canteen,CANTEEN,250,12,6,1,175,69.9,14,0,2026-09-27T12:00:00.088997,79.8,73.4,86.6,71.9
res-sem-01,Dr. Kalam Seminar Hall,SEMINAR_HALL,180,12,6,1,61,34.0,1,2,2026-09-27T12:00:00.088997,35.8,36.9,53.9,21.1
res-cls-01,Block A Classrooms (301-305),CLASSROOM,150,12,6,1,39,26.3,1,0,2026-09-27T12:00:00.088997,27.4,35.3,28.4,9.4
res-cls-02,Block B Classrooms (201-204),CLASSROOM,120,12,6,1,41,33.8,4,4,2026-09-27T12:00:00.088997,39.0,52.3,42.9,30.6
res-sac-01,Student Activity Center,ACTIVITY_CENTER,160,12,6,1,14,8.6,0,0,2026-09-27T12:00:00.088997,6.6,10.4,15.7,0.0
res-lib-01,Central Library,LIBRARY,200,13,6,1,89,44.5,6,10,2026-09-27T13:00:00.088997,52.5,45.7,36.9,27.3
res-lib-02,Digital Reading Hall,LIBRARY,120,13,6,1,53,44.2,2,3,2026-09-27T13:00:00.088997,47.6,51.2,38.5,31.5
res-lab-01,Computer Lab 1,COMPUTER_LAB,80,13,6,1,51,63.3,6,10,2026-09-27T13:00:00.088997,57.9,72.2,59.7,43.2
res-lab-02,Computer Lab 2,COMPUTER_LAB,75,13,6,1,36,48.4,7,7,2026-09-27T13:00:00.088997,43.4,57.2,36.3,49.9
res-lab-03,Computer Lab 3,COMPUTER_LAB,60,13,6,1,15,24.5,10,0,2026-09-27T13:00:00.088997,32.2,29.0,9.1,15.6
res-lab-ai,AI & Data Science Lab,RESEARCH_LAB,50,13,6,1,25,50.9,1,7,2026-09-27T13:00:00.088997,52.9,59.4,43.0,32.1
res-lab-res,Advanced Research Lab,RESEARCH_LAB,40,13,6,1,6,15.5,3,3,2026-09-27T13:00:00.088997,20.2,23.1,16.0,20.4
res-sr-01,Study Room A,STUDY_ROOM,24,13,6,1,4,17.2,0,6,2026-09-27T13:00:00.088997,13.8,15.7,6.6,0.0
res-sr-02,Study Room B,STUDY_ROOM,20,13,6,1,3,13.5,0,0,2026-09-27T13:00:00.088997,16.6,16.4,1.9,4.6
res-sr-03,Study Room C,STUDY_ROOM,20,13,6,1,6,32.3,8,2,2026-09-27T13:00:00.088997,41.6,42.6,13.2,5.2
res-can-01,Main Canteen,CANTEEN,250,13,6,1,182,72.7,13,5,2026-09-27T13:00:00.088997,67.1,76.3,46.9,48.0
res-sem-01,Dr. Kalam Seminar Hall,SEMINAR_HALL,180,13,6,1,52,28.7,3,5,2026-09-27T13:00:00.088997,33.4,26.6,17.3,17.6
res-cls-01,Block A Classrooms (301-305),CLASSROOM,150,13,6,1,39,25.8,2,0,2026-09-27T13:00:00.088997,23.1,28.3,0.0,21.4
res-cls-02,Block B Classrooms (201-204),CLASSROOM,120,13,6,1,35,29.4,5,4,2026-09-27T13:00:00.088997,29.2,40.4,28.0,13.7
res-sac-01,Student Activity Center,ACTIVITY_CENTER,160,13,6,1,21,13.3,4,2,2026-09-27T13:00:00.088997,19.5,4.0,6.2,0.0
res-lib-01,Central Library,LIBRARY,200,14,6,1,83,41.7,7,9,2026-09-27T14:00:00.088997,36.0,33.6,32.8,18.0
res-lib-02,Digital Reading Hall,LIBRARY,120,14,6,1,59,48.8,5,5,2026-09-27T14:00:00.088997,49.2,43.3,33.4,36.0
res-lab-01,Computer Lab 1,COMPUTER_LAB,80,14,6,1,45,56.4,7,8,2026-09-27T14:00:00.088997,49.7,42.2,48.9,35.2
res-lab-02,Computer Lab 2,COMPUTER_LAB,75,14,6,1,37,50.0,6,0,2026-09-27T14:00:00.088997,50.7,38.0,41.8,30.1
res-lab-03,Computer Lab 3,COMPUTER_LAB,60,14,6,1,21,35.5,9,4,2026-09-27T14:00:00.088997,37.2,31.4,33.1,28.6
res-lab-ai,AI & Data Science Lab,RESEARCH_LAB,50,14,6,1,27,53.8,9,5,2026-09-27T14:00:00.088997,60.9,54.5,35.5,39.6
res-lab-res,Advanced Research Lab,RESEARCH_LAB,40,14,6,1,12,30.7,3,5,2026-09-27T14:00:00.088997,31.9,17.5,34.2,12.7
res-sr-01,Study Room A,STUDY_ROOM,24,14,6,1,7,30.8,1,5,2026-09-27T14:00:00.088997,27.7,21.8,19.0,0.0
res-sr-02,Study Room B,STUDY_ROOM,20,14,6,1,3,16.4,0,0,2026-09-27T14:00:00.088997,17.0,14.7,19.7,16.8
res-sr-03,Study Room C,STUDY_ROOM,20,14,6,1,7,32.9,4,3,2026-09-27T14:00:00.088997,22.3,20.6,23.4,18.8
res-can-01,Main Canteen,CANTEEN,250,14,6,1,172,68.9,9,1,2026-09-27T14:00:00.088997,69.0,65.0,66.5,69.7
res-sem-01,Dr. Kalam Seminar Hall,SEMINAR_HALL,180,14,6,1,49,27.2,6,0,2026-09-27T14:00:00.088997,21.4,24.8,15.9,18.3
res-cls-01,Block A Classrooms (301-305),CLASSROOM,150,14,6,1,41,27.1,4,3,2026-09-27T14:00:00.088997,21.6,11.9,18.4,27.9
res-cls-02,Block B Classrooms (201-204),CLASSROOM,120,14,6,1,34,28.7,4,7,2026-09-27T14:00:00.088997,32.3,26.3,22.3,0.0
res-sac-01,Student Activity Center,ACTIVITY_CENTER,160,14,6,1,20,12.5,0,0,2026-09-27T14:00:00.088997,11.5,18.9,18.1,3.4
res-lib-01,Central Library,LIBRARY,200,15,6,1,102,50.9,3,9,2026-09-27T15:00:00.088997,42.6,51.3,47.3,29.8
res-lib-02,Digital Reading Hall,LIBRARY,120,15,6,1,47,39.2,1,0,2026-09-27T15:00:00.088997,30.8,38.8,42.0,1.3
res-lab-01,Computer Lab 1,COMPUTER_LAB,80,15,6,1,50,62.4,7,7,2026-09-27T15:00:00.088997,54.5,65.3,56.2,64.0
res-lab-02,Computer Lab 2,COMPUTER_LAB,75,15,6,1,37,49.9,9,3,2026-09-27T15:00:00.088997,47.1,41.2,50.0,41.9
res-lab-03,Computer Lab 3,COMPUTER_LAB,60,15,6,1,27,45.3,8,0,2026-09-27T15:00:00.088997,48.7,46.0,34.0,37.5
res-lab-ai,AI & Data Science Lab,RESEARCH_LAB,50,15,6,1,28,55.5,8,4,2026-09-27T15:00:00.088997,55.4,50.9,43.6,45.8
res-lab-res,Advanced Research Lab,RESEARCH_LAB,40,15,6,1,19,47.6,3,4,2026-09-27T15:00:00.088997,43.0,39.3,47.0,44.2
res-sr-01,Study Room A,STUDY_ROOM,24,15,6,1,10,40.0,7,6,2026-09-27T15:00:00.088997,37.4,25.8,39.5,30.0
res-sr-02,Study Room B,STUDY_ROOM,20,15,6,1,6,28.2,1,5,2026-09-27T15:00:00.088997,27.6,21.8,9.2,29.1
res-sr-03,Study Room C,STUDY_ROOM,20,15,6,1,8,42.3,5,0,2026-09-27T15:00:00.088997,40.1,35.8,28.7,39.3
res-can-01,Main Canteen,CANTEEN,250,15,6,1,137,54.9,7,8,2026-09-27T15:00:00.088997,48.8,47.2,47.6,35.4
res-sem-01,Dr. Kalam Seminar Hall,SEMINAR_HALL,180,15,6,1,44,24.7,1,6,2026-09-27T15:00:00.088997,19.0,32.5,35.0,11.6
res-cls-01,Block A Classrooms (301-305),CLASSROOM,150,15,6,1,22,14.6,0,4,2026-09-27T15:00:00.088997,11.9,1.9,0.0,0.0
res-cls-02,Block B Classrooms (201-204),CLASSROOM,120,15,6,1,29,24.3,6,2,2026-09-27T15:00:00.088997,26.3,16.5,13.2,24.9
res-sac-01,Student Activity Center,ACTIVITY_CENTER,160,15,6,1,45,27.9,3,1,2026-09-27T15:00:00.088997,31.4,19.8,24.6,27.0
res-lib-01,Central Library,LIBRARY,200,16,6,1,90,45.0,4,3,2026-09-27T16:00:00.088997,46.8,44.1,34.9,20.5
res-lib-02,Digital Reading Hall,LIBRARY,120,16,6,1,45,37.3,4,0,2026-09-27T16:00:00.088997,29.2,34.9,17.8,47.6
res-lab-01,Computer Lab 1,COMPUTER_LAB,80,16,6,1,36,44.4,5,4,2026-09-27T16:00:00.088997,39.5,26.0,38.1,23.4
res-lab-02,Computer Lab 2,COMPUTER_LAB,75,16,6,1,29,38.6,4,4,2026-09-27T16:00:00.088997,42.9,30.3,26.4,6.6
res-lab-03,Computer Lab 3,COMPUTER_LAB,60,16,6,1,22,37.0,5,2,2026-09-27T16:00:00.088997,36.6,30.9,17.2,28.7
res-lab-ai,AI & Data Science Lab,RESEARCH_LAB,50,16,6,1,26,51.9,6,3,2026-09-27T16:00:00.088997,47.3,47.9,41.9,60.6
res-lab-res,Advanced Research Lab,RESEARCH_LAB,40,16,6,1,18,45.9,7,4,2026-09-27T16:00:00.088997,35.8,36.1,32.1,30.6
res-sr-01,Study Room A,STUDY_ROOM,24,16,6,1,11,44.7,7,5,2026-09-27T16:00:00.088997,47.4,37.8,39.0,36.8
res-sr-02,Study Room B,STUDY_ROOM,20,16,6,1,7,36.0,8,6,2026-09-27T16:00:00.088997,28.7,30.3,27.9,49.8
res-sr-03,Study Room C,STUDY_ROOM,20,16,6,1,8,38.5,1,5,2026-09-27T16:00:00.088997,38.5,33.1,28.5,37.9
res-can-01,Main Canteen,CANTEEN,250,16,6,1,73,29.4,2,1,2026-09-27T16:00:00.088997,31.7,26.1,11.8,5.8
res-sem-01,Dr. Kalam Seminar Hall,SEMINAR_HALL,180,16,6,1,39,21.6,5,4,2026-09-27T16:00:00.088997,19.7,25.7,3.7,18.6
res-cls-01,Block A Classrooms (301-305),CLASSROOM,150,16,6,1,12,8.2,0,3,2026-09-27T16:00:00.088997,5.7,0.6,0.0,0.0
res-cls-02,Block B Classrooms (201-204),CLASSROOM,120,16,6,1,21,17.8,0,7,2026-09-27T16:00:00.088997,14.6,20.6,0.0,14.5
res-sac-01,Student Activity Center,ACTIVITY_CENTER,160,16,6,1,98,61.0,11,1,2026-09-27T16:00:00.088997,56.2,59.4,54.3,52.5
res-lib-01,Central Library,LIBRARY,200,17,6,1,93,46.3,10,12,2026-09-27T17:00:00.088997,44.7,44.0,38.8,49.7
res-lib-02,Digital Reading Hall,LIBRARY,120,17,6,1,34,28.0,0,0,2026-09-27T17:00:00.088997,22.0,39.2,25.8,8.9
res-lab-01,Computer Lab 1,COMPUTER_LAB,80,17,6,1,30,37.0,6,6,2026-09-27T17:00:00.088997,38.2,29.5,31.8,26.3
res-lab-02,Computer Lab 2,COMPUTER_LAB,75,17,6,1,19,26.0,0,3,2026-09-27T17:00:00.088997,24.8,24.3,25.1,32.0
res-lab-03,Computer Lab 3,COMPUTER_LAB,60,17,6,1,17,28.7,5,5,2026-09-27T17:00:00.088997,25.5,24.4,18.1,42.0
res-lab-ai,AI & Data Science Lab,RESEARCH_LAB,50,17,6,1,24,47.2,7,3,2026-09-27T17:00:00.088997,43.3,34.4,49.1,44.4
res-lab-res,Advanced Research Lab,RESEARCH_LAB,40,17,6,1,18,44.8,2,5,2026-09-27T17:00:00.088997,40.8,38.5,25.4,35.4
res-sr-01,Study Room A,STUDY_ROOM,24,17,6,1,11,45.8,8,4,2026-09-27T17:00:00.088997,42.5,31.5,47.7,44.5
res-sr-02,Study Room B,STUDY_ROOM,20,17,6,1,8,40.0,0,0,2026-09-27T17:00:00.088997,35.8,40.8,34.6,10.0
res-sr-03,Study Room C,STUDY_ROOM,20,17,6,1,7,36.6,1,2,2026-09-27T17:00:00.088997,38.5,36.2,38.5,24.4
res-can-01,Main Canteen,CANTEEN,250,17,6,1,34,13.5,0,0,2026-09-27T17:00:00.088997,10.2,8.7,0.0,0.0
res-sem-01,Dr. Kalam Seminar Hall,SEMINAR_HALL,180,17,6,1,19,10.8,0,0,2026-09-27T17:00:00.088997,3.8,21.8,7.0,0.0
res-cls-01,Block A Classrooms (301-305),CLASSROOM,150,17,6,1,15,10.3,1,0,2026-09-27T17:00:00.088997,6.2,4.3,0.0,0.0
res-cls-02,Block B Classrooms (201-204),CLASSROOM,120,17,6,1,14,11.4,0,8,2026-09-27T17:00:00.088997,12.4,0.0,0.0,0.0
res-sac-01,Student Activity Center,ACTIVITY_CENTER,160,17,6,1,119,74.6,10,7,2026-09-27T17:00:00.088997,70.2,64.2,63.0,50.5
res-lib-01,Central Library,LIBRARY,200,18,6,1,80,40.2,8,1,2026-09-27T18:00:00.088997,40.7,39.8,22.5,18.1
res-lib-02,Digital Reading Hall,LIBRARY,120,18,6,1,29,24.3,0,2,2026-09-27T18:00:00.088997,30.4,25.2,17.0,22.4
res-lab-01,Computer Lab 1,COMPUTER_LAB,80,18,6,1,28,34.8,7,0,2026-09-27T18:00:00.088997,32.2,17.3,28.2,19.9
res-lab-02,Computer Lab 2,COMPUTER_LAB,75,18,6,1,23,30.4,5,1,2026-09-27T18:00:00.088997,26.8,27.7,17.3,18.1
res-lab-03,Computer Lab 3,COMPUTER_LAB,60,18,6,1,18,29.4,1,1,2026-09-27T18:00:00.088997,26.1,43.3,26.9,31.0
res-lab-ai,AI & Data Science Lab,RESEARCH_LAB,50,18,6,1,21,42.2,7,5,2026-09-27T18:00:00.088997,41.6,28.5,37.4,28.9
res-lab-res,Advanced Research Lab,RESEARCH_LAB,40,18,6,1,18,44.9,5,6,2026-09-27T18:00:00.088997,46.7,22.5,33.0,10.6
res-sr-01,Study Room A,STUDY_ROOM,24,18,6,1,10,41.0,4,8,2026-09-27T18:00:00.088997,39.8,33.1,41.4,25.2
res-sr-02,Study Room B,STUDY_ROOM,20,18,6,1,8,37.9,5,8,2026-09-27T18:00:00.088997,39.3,36.3,54.6,17.1
res-sr-03,Study Room C,STUDY_ROOM,20,18,6,1,5,25.1,3,7,2026-09-27T18:00:00.088997,19.4,30.7,4.2,11.7
res-can-01,Main Canteen,CANTEEN,250,18,6,1,27,10.7,0,0,2026-09-27T18:00:00.088997,11.9,14.3,0.0,0.9
res-sem-01,Dr. Kalam Seminar Hall,SEMINAR_HALL,180,18,6,1,9,5.0,0,0,2026-09-27T18:00:00.088997,0.0,9.3,7.4,0.0
res-cls-01,Block A Classrooms (301-305),CLASSROOM,150,18,6,1,12,8.0,0,0,2026-09-27T18:00:00.088997,7.5,7.7,1.3,0.0
res-cls-02,Block B Classrooms (201-204),CLASSROOM,120,18,6,1,13,10.5,0,0,2026-09-27T18:00:00.088997,7.9,9.7,14.9,0.0
res-sac-01,Student Activity Center,ACTIVITY_CENTER,160,18,6,1,121,75.8,9,13,2026-09-27T18:00:00.088997,70.0,76.1,79.8,59.5
res-lib-01,Central Library,LIBRARY,200,19,6,1,63,31.3,5,4,2026-09-27T19:00:00.088997,32.1,38.8,24.8,5.0
res-lib-02,Digital Reading Hall,LIBRARY,120,19,6,1,24,20.3,3,5,2026-09-27T19:00:00.088997,17.5,12.8,0.0,14.8
res-lab-01,Computer Lab 1,COMPUTER_LAB,80,19,6,1,39,48.4,5,6,2026-09-27T19:00:00.088997,44.2,35.7,44.3,36.7
res-lab-02,Computer Lab 2,COMPUTER_LAB,75,19,6,1,12,15.5,6,2,2026-09-27T19:00:00.088997,13.8,7.9,11.1,8.9
res-lab-03,Computer Lab 3,COMPUTER_LAB,60,19,6,1,10,16.6,5,5,2026-09-27T19:00:00.088997,22.6,6.6,3.4,8.9
res-lab-ai,AI & Data Science Lab,RESEARCH_LAB,50,19,6,1,13,26.9,1,4,2026-09-27T19:00:00.088997,28.5,29.5,17.2,20.4
res-lab-res,Advanced Research Lab,RESEARCH_LAB,40,19,6,1,15,37.8,4,1,2026-09-27T19:00:00.088997,32.0,36.8,22.3,4.5
res-sr-01,Study Room A,STUDY_ROOM,24,19,6,1,8,33.0,8,0,2026-09-27T19:00:00.088997,29.9,32.1,8.6,18.5
res-sr-02,Study Room B,STUDY_ROOM,20,19,6,1,6,30.5,0,1,2026-09-27T19:00:00.088997,24.0,18.2,21.9,45.2
res-sr-03,Study Room C,STUDY_ROOM,20,19,6,1,5,22.8,5,4,2026-09-27T19:00:00.088997,18.0,19.6,24.6,20.7
res-can-01,Main Canteen,CANTEEN,250,19,6,1,27,10.8,2,8,2026-09-27T19:00:00.088997,12.1,3.9,2.1,0.0
res-sem-01,Dr. Kalam Seminar Hall,SEMINAR_HALL,180,19,6,1,26,14.4,6,1,2026-09-27T19:00:00.088997,21.1,13.2,2.5,13.3
res-cls-01,Block A Classrooms (301-305),CLASSROOM,150,19,6,1,17,11.6,3,0,2026-09-27T19:00:00.088997,6.4,15.5,18.8,16.6
res-cls-02,Block B Classrooms (201-204),CLASSROOM,120,19,6,1,23,18.9,3,3,2026-09-27T19:00:00.088997,13.2,10.4,0.0,3.0
res-sac-01,Student Activity Center,ACTIVITY_CENTER,160,19,6,1,102,63.6,10,7,2026-09-27T19:00:00.088997,53.5,57.5,73.3,50.1
res-lib-01,Central Library,LIBRARY,200,20,6,1,42,21.0,0,0,2026-09-27T20:00:00.088997,21.1,13.4,9.8,3.8
res-lib-02,Digital Reading Hall,LIBRARY,120,20,6,1,23,19.4,0,2,2026-09-27T20:00:00.088997,11.7,9.9,20.5,12.0
res-lab-01,Computer Lab 1,COMPUTER_LAB,80,20,6,1,30,37.7,10,3,2026-09-27T20:00:00.088997,35.8,31.2,25.8,13.6
res-lab-02,Computer Lab 2,COMPUTER_LAB,75,20,6,1,19,25.3,4,3,2026-09-27T20:00:00.088997,23.6,25.9,17.6,8.4
res-lab-03,Computer Lab 3,COMPUTER_LAB,60,20,6,1,7,11.3,0,5,2026-09-27T20:00:00.088997,6.5,0.7,0.0,0.0
res-lab-ai,AI & Data Science Lab,RESEARCH_LAB,50,20,6,1,18,36.6,3,11,2026-09-27T20:00:00.088997,34.8,43.9,36.6,28.9
res-lab-res,Advanced Research Lab,RESEARCH_LAB,40,20,6,1,14,35.4,7,5,2026-09-27T20:00:00.088997,42.7,27.4,18.5,15.3
res-sr-01,Study Room A,STUDY_ROOM,24,20,6,1,8,31.7,8,1,2026-09-27T20:00:00.088997,20.3,25.5,14.6,13.8
res-sr-02,Study Room B,STUDY_ROOM,20,20,6,1,5,23.9,0,8,2026-09-27T20:00:00.088997,19.2,27.4,13.9,0.0
res-sr-03,Study Room C,STUDY_ROOM,20,20,6,1,3,17.0,0,1,2026-09-27T20:00:00.088997,15.6,7.2,0.0,4.4
res-can-01,Main Canteen,CANTEEN,250,20,6,1,35,13.9,0,1,2026-09-27T20:00:00.088997,17.9,8.3,6.6,2.5
res-sem-01,Dr. Kalam Seminar Hall,SEMINAR_HALL,180,20,6,1,9,5.0,0,0,2026-09-27T20:00:00.088997,4.5,4.5,4.2,0.0
res-cls-01,Block A Classrooms (301-305),CLASSROOM,150,20,6,1,22,14.4,2,1,2026-09-27T20:00:00.088997,0.0,4.5,0.0,9.9
res-cls-02,Block B Classrooms (201-204),CLASSROOM,120,20,6,1,12,10.4,0,1,2026-09-27T20:00:00.088997,2.7,0.0,0.0,4.9
res-sac-01,Student Activity Center,ACTIVITY_CENTER,160,20,6,1,100,62.6,5,10,2026-09-27T20:00:00.088997,60.8,59.0,54.0,48.2
res-lib-01,Central Library,LIBRARY,200,21,6,1,54,26.8,5,0,2026-09-27T21:00:00.088997,24.0,31.8,20.4,18.2
res-lib-02,Digital Reading Hall,LIBRARY,120,21,6,1,30,24.7,1,2,2026-09-27T21:00:00.088997,25.9,27.1,0.0,3.8
res-lab-01,Computer Lab 1,COMPUTER_LAB,80,21,6,1,25,31.0,3,0,2026-09-27T21:00:00.088997,31.7,27.0,31.0,30.4
res-lab-02,Computer Lab 2,COMPUTER_LAB,75,21,6,1,21,27.7,2,3,2026-09-27T21:00:00.088997,23.9,14.5,28.3,14.7
res-lab-03,Computer Lab 3,COMPUTER_LAB,60,21,6,1,5,9.0,2,0,2026-09-27T21:00:00.088997,0.0,0.0,0.0,0.0
res-lab-ai,AI & Data Science Lab,RESEARCH_LAB,50,21,6,1,17,33.2,6,5,2026-09-27T21:00:00.088997,31.0,38.5,31.5,23.8
res-lab-res,Advanced Research Lab,RESEARCH_LAB,40,21,6,1,9,22.3,1,2,2026-09-27T21:00:00.088997,11.9,14.9,30.1,12.0
res-sr-01,Study Room A,STUDY_ROOM,24,21,6,1,5,20.4,5,3,2026-09-27T21:00:00.088997,15.3,15.6,2.2,10.6
res-sr-02,Study Room B,STUDY_ROOM,20,21,6,1,3,16.4,4,0,2026-09-27T21:00:00.088997,11.1,10.7,11.7,0.0
res-sr-03,Study Room C,STUDY_ROOM,20,21,6,1,3,12.9,1,5,2026-09-27T21:00:00.088997,0.8,11.6,1.5,0.0
res-can-01,Main Canteen,CANTEEN,250,21,6,1,18,7.3,0,2,2026-09-27T21:00:00.088997,3.1,12.2,4.9,0.0
res-sem-01,Dr. Kalam Seminar Hall,SEMINAR_HALL,180,21,6,1,9,5.0,4,4,2026-09-27T21:00:00.088997,0.0,0.0,2.7,4.2
res-cls-01,Block A Classrooms (301-305),CLASSROOM,150,21,6,1,13,8.8,0,1,2026-09-27T21:00:00.088997,12.7,4.0,0.0,0.0
res-cls-02,Block B Classrooms (201-204),CLASSROOM,120,21,6,1,16,13.1,1,5,2026-09-27T21:00:00.088997,14.6,7.8,5.5,0.0
res-sac-01,Student Activity Center,ACTIVITY_CENTER,160,21,6,1,68,42.6,4,3,2026-09-27T21:00:00.088997,38.4,40.4,24.5,18.8
res-lib-01,Central Library,LIBRARY,200,8,0,0,50,24.8,1,3,2026-09-28T08:00:00.088997,24.4,39.4,39.0,43.0
res-lib-02,Digital Reading Hall,LIBRARY,120,8,0,0,21,17.6,9,0,2026-09-28T08:00:00.088997,16.7,26.8,27.3,17.8
res-lab-01,Computer Lab 1,COMPUTER_LAB,80,8,0,0,35,43.8,8,4,2026-09-28T08:00:00.088997,55.4,53.6,51.7,81.2
res-lab-02,Computer Lab 2,COMPUTER_LAB,75,8,0,0,21,27.6,5,1,2026-09-28T08:00:00.088997,29.8,30.2,48.6,18.3
res-lab-03,Computer Lab 3,COMPUTER_LAB,60,8,0,0,12,20.5,0,1,2026-09-28T08:00:00.088997,21.3,22.3,34.7,30.4
res-lab-ai,AI & Data Science Lab,RESEARCH_LAB,50,8,0,0,14,27.3,3,0,2026-09-28T08:00:00.088997,27.2,23.3,31.3,43.3
res-lab-res,Advanced Research Lab,RESEARCH_LAB,40,8,0,0,8,20.1,7,9,2026-09-28T08:00:00.088997,20.3,20.1,38.3,34.2
res-sr-01,Study Room A,STUDY_ROOM,24,8,0,0,6,24.5,4,1,2026-09-28T08:00:00.088997,25.8,32.1,30.6,49.2
res-sr-02,Study Room B,STUDY_ROOM,20,8,0,0,2,9.8,4,0,2026-09-28T08:00:00.088997,12.4,12.8,4.1,0.0
res-sr-03,Study Room C,STUDY_ROOM,20,8,0,0,2,10.6,1,0,2026-09-28T08:00:00.088997,8.4,23.7,7.5,28.8
res-can-01,Main Canteen,CANTEEN,250,8,0,0,16,6.4,0,0,2026-09-28T08:00:00.088997,10.9,3.2,17.0,4.9
res-sem-01,Dr. Kalam Seminar Hall,SEMINAR_HALL,180,8,0,0,9,5.0,1,7,2026-09-28T08:00:00.088997,3.4,14.3,10.2,9.3
res-cls-01,Block A Classrooms (301-305),CLASSROOM,150,8,0,0,56,37.1,1,0,2026-09-28T08:00:00.088997,40.9,51.6,51.8,30.2
res-cls-02,Block B Classrooms (201-204),CLASSROOM,120,8,0,0,9,7.5,3,5,2026-09-28T08:00:00.088997,10.5,9.1,30.4,16.6
res-sac-01,Student Activity Center,ACTIVITY_CENTER,160,8,0,0,20,12.6,0,0,2026-09-28T08:00:00.088997,25.9,26.1,14.7,43.4
res-lib-01,Central Library,LIBRARY,200,9,0,0,54,27.1,4,0,2026-09-28T09:00:00.088997,27.1,31.9,17.4,31.3
res-lib-02,Digital Reading Hall,LIBRARY,120,9,0,0,24,20.0,6,0,2026-09-28T09:00:00.088997,25.3,12.7,38.5,19.2
res-lab-01,Computer Lab 1,COMPUTER_LAB,80,9,0,0,28,35.5,5,4,2026-09-28T09:00:00.088997,37.1,33.1,35.5,57.5
res-lab-02,Computer Lab 2,COMPUTER_LAB,75,9,0,0,17,22.6,2,0,2026-09-28T09:00:00.088997,28.0,19.7,38.9,19.9
res-lab-03,Computer Lab 3,COMPUTER_LAB,60,9,0,0,11,19.1,2,0,2026-09-28T09:00:00.088997,27.5,23.6,23.8,40.0
res-lab-ai,AI & Data Science Lab,RESEARCH_LAB,50,9,0,0,12,24.1,0,5,2026-09-28T09:00:00.088997,22.7,34.3,32.5,20.1
res-lab-res,Advanced Research Lab,RESEARCH_LAB,40,9,0,0,9,22.4,1,0,2026-09-28T09:00:00.088997,20.2,17.0,34.1,21.2
res-sr-01,Study Room A,STUDY_ROOM,24,9,0,0,5,19.9,1,0,2026-09-28T09:00:00.088997,15.8,40.1,27.4,51.7
res-sr-02,Study Room B,STUDY_ROOM,20,9,0,0,4,19.7,1,2,2026-09-28T09:00:00.088997,22.3,35.7,35.1,20.0
res-sr-03,Study Room C,STUDY_ROOM,20,9,0,0,3,16.4,4,0,2026-09-28T09:00:00.088997,20.4,29.5,16.7,17.8
res-can-01,Main Canteen,CANTEEN,250,9,0,0,37,14.6,0,0,2026-09-28T09:00:00.088997,20.2,23.1,23.5,38.1
res-sem-01,Dr. Kalam Seminar Hall,SEMINAR_HALL,180,9,0,0,18,9.8,0,6,2026-09-28T09:00:00.088997,18.1,2.9,8.5,0.0
res-cls-01,Block A Classrooms (301-305),CLASSROOM,150,9,0,0,76,50.7,2,2,2026-09-28T09:00:00.088997,57.1,45.2,59.9,62.2
res-cls-02,Block B Classrooms (201-204),CLASSROOM,120,9,0,0,26,21.5,2,0,2026-09-28T09:00:00.088997,20.2,35.7,18.7,51.5
res-sac-01,Student Activity Center,ACTIVITY_CENTER,160,9,0,0,15,9.4,0,0,2026-09-28T09:00:00.088997,15.9,11.1,20.5,20.3
res-lib-01,Central Library,LIBRARY,200,10,0,0,50,24.8,6,4,2026-09-28T10:00:00.088997,22.2,28.1,48.5,38.6
res-lib-02,Digital Reading Hall,LIBRARY,120,10,0,0,31,25.8,0,5,2026-09-28T10:00:00.088997,30.6,25.2,40.5,55.0
res-lab-01,Computer Lab 1,COMPUTER_LAB,80,10,0,0,42,52.6,11,6,2026-09-28T10:00:00.088997,53.9,55.2,60.5,52.1
res-lab-02,Computer Lab 2,COMPUTER_LAB,75,10,0,0,27,35.4,8,0,2026-09-28T10:00:00.088997,31.2,45.3,40.2,22.3
res-lab-03,Computer Lab 3,COMPUTER_LAB,60,10,0,0,9,14.8,1,0,2026-09-28T10:00:00.088997,19.5,11.8,22.9,22.2
res-lab-ai,AI & Data Science Lab,RESEARCH_LAB,50,10,0,0,15,30.2,0,1,2026-09-28T10:00:00.088997,32.2,38.4,54.8,49.8
res-lab-res,Advanced Research Lab,RESEARCH_LAB,40,10,0,0,9,21.8,6,1,2026-09-28T10:00:00.088997,30.1,33.6,25.8,54.9
res-sr-01,Study Room A,STUDY_ROOM,24,10,0,0,5,21.8,9,3,2026-09-28T10:00:00.088997,21.5,22.2,26.6,24.9
res-sr-02,Study Room B,STUDY_ROOM,20,10,0,0,4,20.1,2,0,2026-09-28T10:00:00.088997,22.9,25.8,23.9,33.3
res-sr-03,Study Room C,STUDY_ROOM,20,10,0,0,3,14.8,3,3,2026-09-28T10:00:00.088997,18.3,12.0,41.9,6.2
res-can-01,Main Canteen,CANTEEN,250,10,0,0,81,32.3,0,4,2026-09-28T10:00:00.088997,34.8,36.3,53.9,55.6
res-sem-01,Dr. Kalam Seminar Hall,SEMINAR_HALL,180,10,0,0,48,26.5,5,7,2026-09-28T10:00:00.088997,32.9,30.7,20.2,40.4
res-cls-01,Block A Classrooms (301-305),CLASSROOM,150,10,0,0,104,69.5,6,7,2026-09-28T10:00:00.088997,71.2,82.9,94.2,93.7
res-cls-02,Block B Classrooms (201-204),CLASSROOM,120,10,0,0,51,42.5,8,6,2026-09-28T10:00:00.088997,44.2,60.1,43.9,59.8
res-sac-01,Student Activity Center,ACTIVITY_CENTER,160,10,0,0,29,18.4,1,3,2026-09-28T10:00:00.088997,24.1,24.8,30.6,29.6
res-lib-01,Central Library,LIBRARY,200,11,0,0,56,28.2,2,1,2026-09-28T11:00:00.088997,30.3,40.3,20.5,27.3
res-lib-02,Digital Reading Hall,LIBRARY,120,11,0,0,74,62.0,8,4,2026-09-28T11:00:00.088997,67.2,62.3,51.1,76.2
res-lab-01,Computer Lab 1,COMPUTER_LAB,80,11,0,0,52,65.0,8,7,2026-09-28T11:00:00.088997,67.5,59.7,73.2,80.3
res-lab-02,Computer Lab 2,COMPUTER_LAB,75,11,0,0,39,52.3,1,2,2026-09-28T11:00:00.088997,57.3,45.3,67.8,67.0
res-lab-03,Computer Lab 3,COMPUTER_LAB,60,11,0,0,8,14.0,0,0,2026-09-28T11:00:00.088997,19.1,26.5,12.7,37.7
res-lab-ai,AI & Data Science Lab,RESEARCH_LAB,50,11,0,0,16,32.7,3,1,2026-09-28T11:00:00.088997,32.4,48.7,42.3,58.7
res-lab-res,Advanced Research Lab,RESEARCH_LAB,40,11,0,0,8,21.0,1,3,2026-09-28T11:00:00.088997,31.6,22.1,37.2,33.3
res-sr-01,Study Room A,STUDY_ROOM,24,11,0,0,3,14.2,0,0,2026-09-28T11:00:00.088997,17.6,24.5,8.1,32.0
res-sr-02,Study Room B,STUDY_ROOM,20,11,0,0,3,14.5,1,3,2026-09-28T11:00:00.088997,23.5,21.3,10.3,22.3
res-sr-03,Study Room C,STUDY_ROOM,20,11,0,0,4,18.4,4,3,2026-09-28T11:00:00.088997,18.4,15.2,31.7,13.8
res-can-01,Main Canteen,CANTEEN,250,11,0,0,137,54.8,8,4,2026-09-28T11:00:00.088997,56.3,61.0,57.3,48.2
res-sem-01,Dr. Kalam Seminar Hall,SEMINAR_HALL,180,11,0,0,84,46.9,5,8,2026-09-28T11:00:00.088997,45.7,58.3,44.5,40.7
res-cls-01,Block A Classrooms (301-305),CLASSROOM,150,11,0,0,111,73.8,6,3,2026-09-28T11:00:00.088997,83.6,76.1,100.0,71.9
res-cls-02,Block B Classrooms (201-204),CLASSROOM,120,11,0,0,64,53.2,10,3,2026-09-28T11:00:00.088997,55.8,50.1,60.9,46.8
res-sac-01,Student Activity Center,ACTIVITY_CENTER,160,11,0,0,24,14.7,0,2,2026-09-28T11:00:00.088997,19.2,21.2,26.8,23.4
res-lib-01,Central Library,LIBRARY,200,12,0,0,47,23.3,4,1,2026-09-28T12:00:00.088997,25.0,30.6,22.0,28.4
res-lib-02,Digital Reading Hall,LIBRARY,120,12,0,0,83,69.1,8,6,2026-09-28T12:00:00.088997,73.7,76.1,76.6,74.5
res-lab-01,Computer Lab 1,COMPUTER_LAB,80,12,0,0,58,72.3,12,9,2026-09-28T12:00:00.088997,66.9,82.8,89.8,67.0
res-lab-02,Computer Lab 2,COMPUTER_LAB,75,12,0,0,52,68.8,10,9,2026-09-28T12:00:00.088997,68.5,76.5,73.7,67.5
res-lab-03,Computer Lab 3,COMPUTER_LAB,60,12,0,0,22,36.5,2,3,2026-09-28T12:00:00.088997,33.2,40.7,47.8,35.0
res-lab-ai,AI & Data Science Lab,RESEARCH_LAB,50,12,0,0,27,53.8,2,9,2026-09-28T12:00:00.088997,61.5,59.5,55.0,35.4
res-lab-res,Advanced Research Lab,RESEARCH_LAB,40,12,0,0,8,19.2,3,1,2026-09-28T12:00:00.088997,17.8,30.3,29.5,0.0
res-sr-01,Study Room A,STUDY_ROOM,24,12,0,0,5,21.2,3,0,2026-09-28T12:00:00.088997,27.9,27.0,27.2,8.2
res-sr-02,Study Room B,STUDY_ROOM,20,12,0,0,3,16.8,1,1,2026-09-28T12:00:00.088997,23.0,13.3,13.5,14.1
res-sr-03,Study Room C,STUDY_ROOM,20,12,0,0,7,36.5,7,9,2026-09-28T12:00:00.088997,36.7,37.6,48.6,35.9
res-can-01,Main Canteen,CANTEEN,250,12,0,0,154,61.6,6,6,2026-09-28T12:00:00.088997,60.9,63.3,77.2,55.3
res-sem-01,Dr. Kalam Seminar Hall,SEMINAR_HALL,180,12,0,0,117,65.1,8,3,2026-09-28T12:00:00.088997,68.8,64.4,70.3,40.6
res-cls-01,Block A Classrooms (301-305),CLASSROOM,150,12,0,0,97,64.4,8,5,2026-09-28T12:00:00.088997,62.9,76.3,71.4,46.1
res-cls-02,Block B Classrooms (201-204),CLASSROOM,120,12,0,0,81,67.8,2,6,2026-09-28T12:00:00.088997,64.3,77.1,76.1,74.5
res-sac-01,Student Activity Center,ACTIVITY_CENTER,160,12,0,0,25,15.9,0,0,2026-09-28T12:00:00.088997,21.1,13.1,20.2,24.0
res-lib-01,Central Library,LIBRARY,200,13,0,0,100,50.2,7,7,2026-09-28T13:00:00.088997,55.9,64.7,36.8,33.7
res-lib-02,Digital Reading Hall,LIBRARY,120,13,0,0,94,78.4,9,7,2026-09-28T13:00:00.088997,73.4,79.5,83.4,69.4
res-lab-01,Computer Lab 1,COMPUTER_LAB,80,13,0,0,76,95.0,11,3,2026-09-28T13:00:00.088997,96.5,100.0,76.3,92.0
res-lab-02,Computer Lab 2,COMPUTER_LAB,75,13,0,0,60,80.3,9,9,2026-09-28T13:00:00.088997,81.1,100.0,67.9,61.4
res-lab-03,Computer Lab 3,COMPUTER_LAB,60,13,0,0,35,57.8,4,1,2026-09-28T13:00:00.088997,55.4,67.4,47.1,66.3
res-lab-ai,AI & Data Science Lab,RESEARCH_LAB,50,13,0,0,35,70.3,10,8,2026-09-28T13:00:00.088997,70.4,70.0,46.7,64.9
res-lab-res,Advanced Research Lab,RESEARCH_LAB,40,13,0,0,10,24.8,0,1,2026-09-28T13:00:00.088997,24.1,33.1,13.8,28.7
res-sr-01,Study Room A,STUDY_ROOM,24,13,0,0,7,30.3,0,1,2026-09-28T13:00:00.088997,30.8,38.4,18.9,23.5
res-sr-02,Study Room B,STUDY_ROOM,20,13,0,0,2,11.8,0,0,2026-09-28T13:00:00.088997,10.5,24.5,0.0,0.0
res-sr-03,Study Room C,STUDY_ROOM,20,13,0,0,10,52.1,8,10,2026-09-28T13:00:00.088997,56.0,53.5,62.6,47.0
res-can-01,Main Canteen,CANTEEN,250,13,0,0,186,74.4,9,7,2026-09-28T13:00:00.088997,75.4,71.1,81.0,62.1
res-sem-01,Dr. Kalam Seminar Hall,SEMINAR_HALL,180,13,0,0,127,70.7,14,5,2026-09-28T13:00:00.088997,75.4,71.0,65.6,61.2
res-cls-01,Block A Classrooms (301-305),CLASSROOM,150,13,0,0,83,55.2,10,3,2026-09-28T13:00:00.088997,62.8,69.1,44.9,43.1
res-cls-02,Block B Classrooms (201-204),CLASSROOM,120,13,0,0,84,70.1,7,3,2026-09-28T13:00:00.088997,75.3,62.8,55.9,57.6
res-sac-01,Student Activity Center,ACTIVITY_CENTER,160,13,0,0,32,20.2,0,3,2026-09-28T13:00:00.088997,21.9,30.9,15.6,18.2
res-lib-01,Central Library,LIBRARY,200,14,0,0,130,64.8,4,7,2026-09-28T14:00:00.088997,60.9,60.0,59.7,67.7
res-lib-02,Digital Reading Hall,LIBRARY,120,14,0,0,102,85.3,8,5,2026-09-28T14:00:00.088997,90.1,70.8,73.2,81.0
res-lab-01,Computer Lab 1,COMPUTER_LAB,80,14,0,0,76,95.0,10,9,2026-09-28T14:00:00.088997,89.5,90.8,76.6,74.0
res-lab-02,Computer Lab 2,COMPUTER_LAB,75,14,0,0,68,90.2,9,11,2026-09-28T14:00:00.088997,87.6,77.0,92.7,62.4
res-lab-03,Computer Lab 3,COMPUTER_LAB,60,14,0,0,42,69.5,7,9,2026-09-28T14:00:00.088997,65.4,58.9,62.9,54.9
res-lab-ai,AI & Data Science Lab,RESEARCH_LAB,50,14,0,0,43,85.0,10,4,2026-09-28T14:00:00.088997,76.1,92.8,77.9,75.1
res-lab-res,Advanced Research Lab,RESEARCH_LAB,40,14,0,0,16,39.7,7,2,2026-09-28T14:00:00.088997,26.5,31.3,29.1,25.6
res-sr-01,Study Room A,STUDY_ROOM,24,14,0,0,13,52.1,4,2,2026-09-28T14:00:00.088997,48.9,37.2,26.5,41.3
res-sr-02,Study Room B,STUDY_ROOM,20,14,0,0,5,27.3,5,1,2026-09-28T14:00:00.088997,20.5,10.6,11.2,20.3
res-sr-03,Study Room C,STUDY_ROOM,20,14,0,0,14,70.8,8,3,2026-09-28T14:00:00.088997,65.3,60.7,59.2,72.3
res-can-01,Main Canteen,CANTEEN,250,14,0,0,179,71.7,8,7,2026-09-28T14:00:00.088997,66.5,56.4,79.8,31.8
res-sem-01,Dr. Kalam Seminar Hall,SEMINAR_HALL,180,14,0,0,98,54.5,11,5,2026-09-28T14:00:00.088997,48.0,53.6,53.5,26.5
res-cls-01,Block A Classrooms (301-305),CLASSROOM,150,14,0,0,46,30.6,6,0,2026-09-28T14:00:00.088997,29.8,34.2,1.1,14.6
res-cls-02,Block B Classrooms (201-204),CLASSROOM,120,14,0,0,73,61.1,1,4,2026-09-28T14:00:00.088997,63.3,51.9,39.8,62.7
res-sac-01,Student Activity Center,ACTIVITY_CENTER,160,14,0,0,27,16.8,1,1,2026-09-28T14:00:00.088997,18.9,13.5,14.6,0.0
res-lib-01,Central Library,LIBRARY,200,15,0,0,148,74.2,10,10,2026-09-28T15:00:00.088997,71.3,74.5,63.2,61.1
res-lib-02,Digital Reading Hall,LIBRARY,120,15,0,0,92,77.1,8,6,2026-09-28T15:00:00.088997,67.6,76.2,62.7,66.8
res-lab-01,Computer Lab 1,COMPUTER_LAB,80,15,0,0,67,83.8,8,8,2026-09-28T15:00:00.088997,81.6,85.9,89.5,79.6
res-lab-02,Computer Lab 2,COMPUTER_LAB,75,15,0,0,60,80.2,12,9,2026-09-28T15:00:00.088997,84.0,67.3,66.0,58.3
res-lab-03,Computer Lab 3,COMPUTER_LAB,60,15,0,0,47,78.8,11,4,2026-09-28T15:00:00.088997,78.8,70.3,67.7,69.2
res-lab-ai,AI & Data Science Lab,RESEARCH_LAB,50,15,0,0,48,95.0,9,9,2026-09-28T15:00:00.088997,88.7,85.7,77.2,85.9
res-lab-res,Advanced Research Lab,RESEARCH_LAB,40,15,0,0,25,63.7,9,4,2026-09-28T15:00:00.088997,63.8,59.4,55.2,36.8
res-sr-01,Study Room A,STUDY_ROOM,24,15,0,0,17,70.7,9,7,2026-09-28T15:00:00.088997,70.3,69.9,52.8,56.1
res-sr-02,Study Room B,STUDY_ROOM,20,15,0,0,10,49.9,5,7,2026-09-28T15:00:00.088997,48.3,33.2,49.5,36.5
res-sr-03,Study Room C,STUDY_ROOM,20,15,0,0,14,70.0,7,3,2026-09-28T15:00:00.088997,71.1,64.8,53.7,67.8
res-can-01,Main Canteen,CANTEEN,250,15,0,0,135,53.9,5,1,2026-09-28T15:00:00.088997,48.5,43.7,52.6,21.7
res-sem-01,Dr. Kalam Seminar Hall,SEMINAR_HALL,180,15,0,0,84,46.8,4,7,2026-09-28T15:00:00.088997,45.8,45.0,34.1,20.1
res-cls-01,Block A Classrooms (301-305),CLASSROOM,150,15,0,0,13,8.7,3,3,2026-09-28T15:00:00.088997,5.0,0.0,0.0,0.0
res-cls-02,Block B Classrooms (201-204),CLASSROOM,120,15,0,0,52,43.4,9,4,2026-09-28T15:00:00.088997,43.9,33.7,35.8,33.1
res-sac-01,Student Activity Center,ACTIVITY_CENTER,160,15,0,0,60,37.2,4,4,2026-09-28T15:00:00.088997,37.1,39.2,8.8,38.6
res-lib-01,Central Library,LIBRARY,200,16,0,0,166,83.2,10,15,2026-09-28T16:00:00.088997,81.0,79.2,72.4,79.2
res-lib-02,Digital Reading Hall,LIBRARY,120,16,0,0,65,54.3,4,5,2026-09-28T16:00:00.088997,47.9,48.6,42.6,44.0
res-lab-01,Computer Lab 1,COMPUTER_LAB,80,16,0,0,52,65.0,7,6,2026-09-28T16:00:00.088997,63.4,61.7,55.5,43.6
res-lab-02,Computer Lab 2,COMPUTER_LAB,75,16,0,0,44,58.2,6,8,2026-09-28T16:00:00.088997,60.8,45.0,55.8,56.0
res-lab-03,Computer Lab 3,COMPUTER_LAB,60,16,0,0,40,66.5,9,9,2026-09-28T16:00:00.088997,60.7,60.1,60.2,61.3
res-lab-ai,AI & Data Science Lab,RESEARCH_LAB,50,16,0,0,41,82.9,13,2,2026-09-28T16:00:00.088997,86.2,81.2,69.3,81.3
res-lab-res,Advanced Research Lab,RESEARCH_LAB,40,16,0,0,29,72.7,9,7,2026-09-28T16:00:00.088997,71.6,62.6,60.2,62.2
res-sr-01,Study Room A,STUDY_ROOM,24,16,0,0,19,79.2,10,6,2026-09-28T16:00:00.088997,81.2,83.6,68.5,78.3
res-sr-02,Study Room B,STUDY_ROOM,20,16,0,0,13,64.2,4,5,2026-09-28T16:00:00.088997,62.6,48.5,61.9,53.3
res-sr-03,Study Room C,STUDY_ROOM,20,16,0,0,16,81.1,11,8,2026-09-28T16:00:00.088997,77.7,85.3,92.7,65.1
res-can-01,Main Canteen,CANTEEN,250,16,0,0,92,37.0,2,1,2026-09-28T16:00:00.088997,33.4,36.1,19.3,43.6
res-sem-01,Dr. Kalam Seminar Hall,SEMINAR_HALL,180,16,0,0,57,31.5,5,2,2026-09-28T16:00:00.088997,32.9,9.0,27.5,21.5
res-cls-01,Block A Classrooms (301-305),CLASSROOM,150,16,0,0,8,5.0,1,2,2026-09-28T16:00:00.088997,0.0,0.0,15.6,0.0
res-cls-02,Block B Classrooms (201-204),CLASSROOM,120,16,0,0,31,25.7,6,3,2026-09-28T16:00:00.088997,27.8,8.0,15.6,0.0
res-sac-01,Student Activity Center,ACTIVITY_CENTER,160,16,0,0,80,50.0,4,3,2026-09-28T16:00:00.088997,48.2,44.9,43.2,40.1
res-lib-01,Central Library,LIBRARY,200,17,0,0,166,83.2,7,6,2026-09-28T17:00:00.088997,81.1,78.1,65.5,84.2
res-lib-02,Digital Reading Hall,LIBRARY,120,17,0,0,42,34.7,1,2,2026-09-28T17:00:00.088997,40.7,30.7,30.3,15.4
res-lab-01,Computer Lab 1,COMPUTER_LAB,80,17,0,0,36,45.5,9,4,2026-09-28T17:00:00.088997,43.3,40.6,60.5,34.0
res-lab-02,Computer Lab 2,COMPUTER_LAB,75,17,0,0,25,33.5,2,5,2026-09-28T17:00:00.088997,25.8,31.2,19.0,0.0
res-lab-03,Computer Lab 3,COMPUTER_LAB,60,17,0,0,32,53.1,6,9,2026-09-28T17:00:00.088997,54.8,46.3,53.8,36.8
res-lab-ai,AI & Data Science Lab,RESEARCH_LAB,50,17,0,0,33,66.2,8,2,2026-09-28T17:00:00.088997,67.3,66.0,50.2,55.9
res-lab-res,Advanced Research Lab,RESEARCH_LAB,40,17,0,0,34,85.5,12,4,2026-09-28T17:00:00.088997,85.9,72.6,84.5,86.3
res-sr-01,Study Room A,STUDY_ROOM,24,17,0,0,19,79.4,13,3,2026-09-28T17:00:00.088997,81.8,83.1,74.6,65.1
res-sr-02,Study Room B,STUDY_ROOM,20,17,0,0,16,78.4,7,15,2026-09-28T17:00:00.088997,74.0,81.3,63.7,85.5
res-sr-03,Study Room C,STUDY_ROOM,20,17,0,0,15,73.1,9,8,2026-09-28T17:00:00.088997,67.3,61.7,67.8,78.6
res-can-01,Main Canteen,CANTEEN,250,17,0,0,20,7.8,7,0,2026-09-28T17:00:00.088997,6.7,4.2,0.0,0.0
res-sem-01,Dr. Kalam Seminar Hall,SEMINAR_HALL,180,17,0,0,9,5.0,1,0,2026-09-28T17:00:00.088997,5.5,4.5,0.0,0.0
res-cls-01,Block A Classrooms (301-305),CLASSROOM,150,17,0,0,24,16.2,0,0,2026-09-28T17:00:00.088997,10.8,15.7,20.0,2.1
res-cls-02,Block B Classrooms (201-204),CLASSROOM,120,17,0,0,13,10.9,2,6,2026-09-28T17:00:00.088997,1.8,10.4,6.3,0.0
res-sac-01,Student Activity Center,ACTIVITY_CENTER,160,17,0,0,117,73.2,11,9,2026-09-28T17:00:00.088997,79.8,68.9,65.4,59.0
res-lib-01,Central Library,LIBRARY,200,18,0,0,138,69.2,8,6,2026-09-28T18:00:00.088997,67.3,63.4,55.8,62.2
res-lib-02,Digital Reading Hall,LIBRARY,120,18,0,0,23,18.9,4,2,2026-09-28T18:00:00.088997,15.3,23.2,9.9,14.3
res-lab-01,Computer Lab 1,COMPUTER_LAB,80,18,0,0,26,32.2,0,1,2026-09-28T18:00:00.088997,21.7,25.8,37.4,9.3
res-lab-02,Computer Lab 2,COMPUTER_LAB,75,18,0,0,12,16.6,6,0,2026-09-28T18:00:00.088997,14.5,16.3,13.3,13.6
res-lab-03,Computer Lab 3,COMPUTER_LAB,60,18,0,0,25,41.4,0,0,2026-09-28T18:00:00.088997,44.1,31.7,27.3,14.2
res-lab-ai,AI & Data Science Lab,RESEARCH_LAB,50,18,0,0,26,51.2,5,2,2026-09-28T18:00:00.088997,44.9,48.1,35.9,31.9
res-lab-res,Advanced Research Lab,RESEARCH_LAB,40,18,0,0,27,68.1,13,9,2026-09-28T18:00:00.088997,64.2,57.7,60.2,55.9
res-sr-01,Study Room A,STUDY_ROOM,24,18,0,0,16,65.0,0,4,2026-09-28T18:00:00.088997,56.7,61.0,58.6,41.3
res-sr-02,Study Room B,STUDY_ROOM,20,18,0,0,15,75.0,14,9,2026-09-28T18:00:00.088997,71.2,83.7,56.2,53.2
res-sr-03,Study Room C,STUDY_ROOM,20,18,0,0,9,47.4,1,10,2026-09-28T18:00:00.088997,46.2,37.7,43.5,37.2
res-can-01,Main Canteen,CANTEEN,250,18,0,0,22,8.8,0,0,2026-09-28T18:00:00.088997,15.5,0.0,16.1,0.0
res-sem-01,Dr. Kalam Seminar Hall,SEMINAR_HALL,180,18,0,0,15,8.2,2,2,2026-09-28T18:00:00.088997,9.1,0.0,0.0,0.0
res-cls-01,Block A Classrooms (301-305),CLASSROOM,150,18,0,0,16,10.8,0,0,2026-09-28T18:00:00.088997,7.8,0.0,5.1,0.0
res-cls-02,Block B Classrooms (201-204),CLASSROOM,120,18,0,0,8,6.6,0,5,2026-09-28T18:00:00.088997,0.0,0.0,0.0,0.0
res-sac-01,Student Activity Center,ACTIVITY_CENTER,160,18,0,0,139,87.0,11,6,2026-09-28T18:00:00.088997,84.9,78.6,78.2,83.9
res-lib-01,Central Library,LIBRARY,200,19,0,0,93,46.5,6,5,2026-09-28T19:00:00.088997,43.2,37.0,33.7,42.8
res-lib-02,Digital Reading Hall,LIBRARY,120,19,0,0,28,23.1,0,1,2026-09-28T19:00:00.088997,18.1,22.9,10.9,37.5
res-lab-01,Computer Lab 1,COMPUTER_LAB,80,19,0,0,29,35.9,7,0,2026-09-28T19:00:00.088997,33.9,34.6,18.6,24.1
res-lab-02,Computer Lab 2,COMPUTER_LAB,75,19,0,0,22,29.2,2,0,2026-09-28T19:00:00.088997,34.4,17.2,22.6,8.7
res-lab-03,Computer Lab 3,COMPUTER_LAB,60,19,0,0,7,11.3,3,0,2026-09-28T19:00:00.088997,10.9,0.0,7.8,0.0
res-lab-ai,AI & Data Science Lab,RESEARCH_LAB,50,19,0,0,11,22.5,8,4,2026-09-28T19:00:00.088997,21.4,25.0,16.7,0.9
res-lab-res,Advanced Research Lab,RESEARCH_LAB,40,19,0,0,25,61.3,5,4,2026-09-28T19:00:00.088997,54.3,50.5,61.4,53.3
res-sr-01,Study Room A,STUDY_ROOM,24,19,0,0,12,50.9,3,3,2026-09-28T19:00:00.088997,42.1,46.6,51.4,67.3
res-sr-02,Study Room B,STUDY_ROOM,20,19,0,0,12,60.7,9,3,2026-09-28T19:00:00.088997,54.1,48.9,53.9,37.5
res-sr-03,Study Room C,STUDY_ROOM,20,19,0,0,5,24.4,1,0,2026-09-28T19:00:00.088997,19.1,4.8,17.2,13.2
res-can-01,Main Canteen,CANTEEN,250,19,0,0,17,6.8,1,4,2026-09-28T19:00:00.088997,4.9,9.8,19.0,25.2
res-sem-01,Dr. Kalam Seminar Hall,SEMINAR_HALL,180,19,0,0,9,5.0,0,0,2026-09-28T19:00:00.088997,3.5,9.5,2.6,0.0
res-cls-01,Block A Classrooms (301-305),CLASSROOM,150,19,0,0,11,7.6,0,0,2026-09-28T19:00:00.088997,5.6,0.0,0.0,0.0
res-cls-02,Block B Classrooms (201-204),CLASSROOM,120,19,0,0,14,11.6,2,1,2026-09-28T19:00:00.088997,13.6,12.0,5.5,0.4
res-sac-01,Student Activity Center,ACTIVITY_CENTER,160,19,0,0,116,72.4,8,0,2026-09-28T19:00:00.088997,74.9,69.8,53.4,77.5
res-lib-01,Central Library,LIBRARY,200,20,0,0,45,22.6,2,5,2026-09-28T20:00:00.088997,21.5,25.7,11.5,30.9
res-lib-02,Digital Reading Hall,LIBRARY,120,20,0,0,20,16.9,5,0,2026-09-28T20:00:00.088997,10.5,13.7,5.3,4.0
res-lab-01,Computer Lab 1,COMPUTER_LAB,80,20,0,0,28,35.2,0,0,2026-09-28T20:00:00.088997,34.1,26.2,39.2,20.9
res-lab-02,Computer Lab 2,COMPUTER_LAB,75,20,0,0,21,27.9,4,0,2026-09-28T20:00:00.088997,18.0,30.0,11.1,11.0
res-lab-03,Computer Lab 3,COMPUTER_LAB,60,20,0,0,9,14.4,1,4,2026-09-28T20:00:00.088997,12.4,8.6,15.6,9.6
res-lab-ai,AI & Data Science Lab,RESEARCH_LAB,50,20,0,0,14,27.1,0,0,2026-09-28T20:00:00.088997,24.9,14.6,19.9,13.5
res-lab-res,Advanced Research Lab,RESEARCH_LAB,40,20,0,0,13,32.6,0,0,2026-09-28T20:00:00.088997,29.2,34.1,7.6,4.7
res-sr-01,Study Room A,STUDY_ROOM,24,20,0,0,7,31.1,0,0,2026-09-28T20:00:00.088997,31.3,23.2,9.8,0.0
res-sr-02,Study Room B,STUDY_ROOM,20,20,0,0,11,56.7,10,4,2026-09-28T20:00:00.088997,55.1,48.8,53.3,34.5
res-sr-03,Study Room C,STUDY_ROOM,20,20,0,0,3,12.8,2,5,2026-09-28T20:00:00.088997,13.8,15.2,2.0,0.0
res-can-01,Main Canteen,CANTEEN,250,20,0,0,12,5.0,0,1,2026-09-28T20:00:00.088997,1.8,0.0,8.2,0.6
res-sem-01,Dr. Kalam Seminar Hall,SEMINAR_HALL,180,20,0,0,18,10.3,0,0,2026-09-28T20:00:00.088997,13.1,5.0,0.0,0.0
res-cls-01,Block A Classrooms (301-305),CLASSROOM,150,20,0,0,15,10.0,4,0,2026-09-28T20:00:00.088997,11.1,7.8,0.0,0.0
res-cls-02,Block B Classrooms (201-204),CLASSROOM,120,20,0,0,10,8.2,0,0,2026-09-28T20:00:00.088997,12.3,3.0,0.0,19.2
res-sac-01,Student Activity Center,ACTIVITY_CENTER,160,20,0,0,85,53.3,3,9,2026-09-28T20:00:00.088997,53.9,47.5,52.8,44.9
res-lib-01,Central Library,LIBRARY,200,21,0,0,41,20.3,0,0,2026-09-28T21:00:00.088997,22.6,12.7,16.4,10.5
res-lib-02,Digital Reading Hall,LIBRARY,120,21,0,0,16,13.2,0,2,2026-09-28T21:00:00.088997,8.1,6.1,8.8,2.1
res-lab-01,Computer Lab 1,COMPUTER_LAB,80,21,0,0,31,39.2,5,1,2026-09-28T21:00:00.088997,35.3,34.3,43.2,21.5
res-lab-02,Computer Lab 2,COMPUTER_LAB,75,21,0,0,14,18.1,3,0,2026-09-28T21:00:00.088997,10.9,13.2,18.8,0.0
res-lab-03,Computer Lab 3,COMPUTER_LAB,60,21,0,0,10,17.0,4,4,2026-09-28T21:00:00.088997,12.1,5.3,0.1,14.5
res-lab-ai,AI & Data Science Lab,RESEARCH_LAB,50,21,0,0,16,32.7,1,9,2026-09-28T21:00:00.088997,26.4,33.7,38.3,22.0
res-lab-res,Advanced Research Lab,RESEARCH_LAB,40,21,0,0,7,16.9,0,0,2026-09-28T21:00:00.088997,19.2,4.7,0.0,9.3
res-sr-01,Study Room A,STUDY_ROOM,24,21,0,0,5,22.3,8,0,2026-09-28T21:00:00.088997,19.8,24.3,15.4,8.0
res-sr-02,Study Room B,STUDY_ROOM,20,21,0,0,6,30.0,1,5,2026-09-28T21:00:00.088997,22.9,15.8,19.5,0.0
res-sr-03,Study Room C,STUDY_ROOM,20,21,0,0,3,15.3,0,2,2026-09-28T21:00:00.088997,14.1,9.9,11.3,5.8
res-can-01,Main Canteen,CANTEEN,250,21,0,0,22,8.8,6,2,2026-09-28T21:00:00.088997,9.9,10.3,6.8,21.6
res-sem-01,Dr. Kalam Seminar Hall,SEMINAR_HALL,180,21,0,0,10,5.7,0,0,2026-09-28T21:00:00.088997,2.6,0.0,3.8,0.0
res-cls-01,Block A Classrooms (301-305),CLASSROOM,150,21,0,0,15,10.3,2,1,2026-09-28T21:00:00.088997,4.7,9.5,1.5,0.0
res-cls-02,Block B Classrooms (201-204),CLASSROOM,120,21,0,0,7,6.1,4,5,2026-09-28T21:00:00.088997,6.2,5.8,0.0,0.0
res-sac-01,Student Activity Center,ACTIVITY_CENTER,160,21,0,0,68,42.7,6,4,2026-09-28T21:00:00.088997,40.0,44.8,44.8,38.5
res-lib-01,Central Library,LIBRARY,200,8,1,0,51,25.3,1,4,2026-09-29T08:00:00.088997,22.9,24.9,20.2,50.1
res-lib-02,Digital Reading Hall,LIBRARY,120,8,1,0,21,17.1,3,1,2026-09-29T08:00:00.088997,30.7,24.8,8.4,41.2
res-lab-01,Computer Lab 1,COMPUTER_LAB,80,8,1,0,27,33.5,3,1,2026-09-29T08:00:00.088997,36.2,39.5,35.6,37.4
res-lab-02,Computer Lab 2,COMPUTER_LAB,75,8,1,0,19,25.4,0,0,2026-09-29T08:00:00.088997,34.1,32.4,28.7,15.1
res-lab-03,Computer Lab 3,COMPUTER_LAB,60,8,1,0,9,14.8,4,9,2026-09-29T08:00:00.088997,24.3,14.5,18.3,7.1
res-lab-ai,AI & Data Science Lab,RESEARCH_LAB,50,8,1,0,13,26.6,2,1,2026-09-29T08:00:00.088997,36.9,23.7,34.2,11.9
res-lab-res,Advanced Research Lab,RESEARCH_LAB,40,8,1,0,9,21.3,0,5,2026-09-29T08:00:00.088997,22.2,17.9,10.4,19.6
res-sr-01,Study Room A,STUDY_ROOM,24,8,1,0,5,21.0,3,0,2026-09-29T08:00:00.088997,26.7,19.1,2.6,34.3
res-sr-02,Study Room B,STUDY_ROOM,20,8,1,0,4,20.2,6,0,2026-09-29T08:00:00.088997,20.0,29.5,22.5,31.4
res-sr-03,Study Room C,STUDY_ROOM,20,8,1,0,2,12.1,0,0,2026-09-29T08:00:00.088997,18.0,17.2,31.6,28.4
res-can-01,Main Canteen,CANTEEN,250,8,1,0,41,16.4,4,3,2026-09-29T08:00:00.088997,17.9,39.5,25.4,2.7
res-sem-01,Dr. Kalam Seminar Hall,SEMINAR_HALL,180,8,1,0,11,6.1,0,3,2026-09-29T08:00:00.088997,11.0,9.9,6.1,17.8
res-cls-01,Block A Classrooms (301-305),CLASSROOM,150,8,1,0,45,30.2,5,4,2026-09-29T08:00:00.088997,44.0,32.5,35.5,38.4
res-cls-02,Block B Classrooms (201-204),CLASSROOM,120,8,1,0,11,9.6,4,0,2026-09-29T08:00:00.088997,19.4,18.0,13.2,10.7
res-sac-01,Student Activity Center,ACTIVITY_CENTER,160,8,1,0,31,19.2,2,1,2026-09-29T08:00:00.088997,18.8,23.8,21.4,45.5
res-lib-01,Central Library,LIBRARY,200,9,1,0,56,27.9,2,2,2026-09-29T09:00:00.088997,30.2,32.8,27.3,15.1
res-lib-02,Digital Reading Hall,LIBRARY,120,9,1,0,20,16.8,1,0,2026-09-29T09:00:00.088997,22.1,20.4,41.7,20.1
res-lab-01,Computer Lab 1,COMPUTER_LAB,80,9,1,0,28,35.6,3,4,2026-09-29T09:00:00.088997,41.8,44.2,25.3,51.6
res-lab-02,Computer Lab 2,COMPUTER_LAB,75,9,1,0,16,21.0,1,4,2026-09-29T09:00:00.088997,18.5,32.9,25.8,57.0
res-lab-03,Computer Lab 3,COMPUTER_LAB,60,9,1,0,9,15.3,6,5,2026-09-29T09:00:00.088997,14.8,12.5,24.3,18.3
res-lab-ai,AI & Data Science Lab,RESEARCH_LAB,50,9,1,0,18,36.3,3,2,2026-09-29T09:00:00.088997,32.7,43.8,33.8,51.6
res-lab-res,Advanced Research Lab,RESEARCH_LAB,40,9,1,0,9,22.3,0,5,2026-09-29T09:00:00.088997,23.2,18.5,44.2,21.2
res-sr-01,Study Room A,STUDY_ROOM,24,9,1,0,5,22.0,3,3,2026-09-29T09:00:00.088997,25.5,21.2,45.3,43.5
res-sr-02,Study Room B,STUDY_ROOM,20,9,1,0,3,16.9,0,0,2026-09-29T09:00:00.088997,21.5,9.9,27.9,10.9
res-sr-03,Study Room C,STUDY_ROOM,20,9,1,0,2,11.5,0,1,2026-09-29T09:00:00.088997,18.0,18.6,23.6,23.5
res-can-01,Main Canteen,CANTEEN,250,9,1,0,32,12.7,2,0,2026-09-29T09:00:00.088997,18.4,22.5,17.5,0.0
res-sem-01,Dr. Kalam Seminar Hall,SEMINAR_HALL,180,9,1,0,11,6.0,1,0,2026-09-29T09:00:00.088997,8.7,17.4,35.5,17.7
res-cls-01,Block A Classrooms (301-305),CLASSROOM,150,9,1,0,80,53.4,3,3,2026-09-29T09:00:00.088997,54.8,65.4,68.7,86.5
res-cls-02,Block B Classrooms (201-204),CLASSROOM,120,9,1,0,19,15.8,0,4,2026-09-29T09:00:00.088997,23.6,21.0,0.0,16.9
res-sac-01,Student Activity Center,ACTIVITY_CENTER,160,9,1,0,26,16.3,0,2,2026-09-29T09:00:00.088997,25.9,29.9,31.6,25.6
res-lib-01,Central Library,LIBRARY,200,10,1,0,46,23.0,5,2,2026-09-29T10:00:00.088997,25.3,18.7,24.6,42.0
res-lib-02,Digital Reading Hall,LIBRARY,120,10,1,0,33,27.4,4,3,2026-09-29T10:00:00.088997,31.3,35.8,41.0,29.9
res-lab-01,Computer Lab 1,COMPUTER_LAB,80,10,1,0,33,40.9,2,6,2026-09-29T10:00:00.088997,38.1,39.7,39.5,28.8
res-lab-02,Computer Lab 2,COMPUTER_LAB,75,10,1,0,24,32.2,6,1,2026-09-29T10:00:00.088997,27.2,34.1,44.8,20.2
res-lab-03,Computer Lab 3,COMPUTER_LAB,60,10,1,0,11,18.8,0,0,2026-09-29T10:00:00.088997,19.2,20.4,26.2,38.2
res-lab-ai,AI & Data Science Lab,RESEARCH_LAB,50,10,1,0,15,29.8,1,4,2026-09-29T10:00:00.088997,32.7,30.8,38.2,30.8
res-lab-res,Advanced Research Lab,RESEARCH_LAB,40,10,1,0,7,16.5,4,2,2026-09-29T10:00:00.088997,21.6,25.3,16.6,38.6
res-sr-01,Study Room A,STUDY_ROOM,24,10,1,0,5,18.8,5,1,2026-09-29T10:00:00.088997,22.1,25.9,34.1,9.2
res-sr-02,Study Room B,STUDY_ROOM,20,10,1,0,2,8.7,3,1,2026-09-29T10:00:00.088997,7.6,15.9,4.0,57.9
res-sr-03,Study Room C,STUDY_ROOM,20,10,1,0,4,20.2,4,2,2026-09-29T10:00:00.088997,19.8,17.4,27.2,19.9
res-can-01,Main Canteen,CANTEEN,250,10,1,0,74,29.6,0,3,2026-09-29T10:00:00.088997,30.1,37.8,41.7,42.3
res-sem-01,Dr. Kalam Seminar Hall,SEMINAR_HALL,180,10,1,0,69,38.4,7,0,2026-09-29T10:00:00.088997,42.3,43.1,34.3,31.4
res-cls-01,Block A Classrooms (301-305),CLASSROOM,150,10,1,0,103,68.7,10,3,2026-09-29T10:00:00.088997,74.6,75.4,87.5,91.8
res-cls-02,Block B Classrooms (201-204),CLASSROOM,120,10,1,0,51,42.2,9,0,2026-09-29T10:00:00.088997,53.8,42.0,49.8,45.4
res-sac-01,Student Activity Center,ACTIVITY_CENTER,160,10,1,0,22,13.5,10,0,2026-09-29T10:00:00.088997,18.9,17.1,29.9,17.0
res-lib-01,Central Library,LIBRARY,200,11,1,0,52,26.0,5,0,2026-09-29T11:00:00.088997,39.1,35.1,32.0,27.7
res-lib-02,Digital Reading Hall,LIBRARY,120,11,1,0,64,53.3,2,10,2026-09-29T11:00:00.088997,57.0,57.7,70.7,54.6
res-lab-01,Computer Lab 1,COMPUTER_LAB,80,11,1,0,51,63.3,7,6,2026-09-29T11:00:00.088997,67.4,59.4,67.2,36.3
res-lab-02,Computer Lab 2,COMPUTER_LAB,75,11,1,0,40,53.2,8,8,2026-09-29T11:00:00.088997,50.6,56.2,61.4,76.1
res-lab-03,Computer Lab 3,COMPUTER_LAB,60,11,1,0,13,21.1,2,1,2026-09-29T11:00:00.088997,17.3,26.8,47.8,46.6
res-lab-ai,AI & Data Science Lab,RESEARCH_LAB,50,11,1,0,15,30.7,4,1,2026-09-29T11:00:00.088997,31.3,36.6,40.1,52.8
res-lab-res,Advanced Research Lab,RESEARCH_LAB,40,11,1,0,10,23.8,4,0,2026-09-29T11:00:00.088997,22.0,23.5,34.0,9.5
res-sr-01,Study Room A,STUDY_ROOM,24,11,1,0,5,20.0,6,3,2026-09-29T11:00:00.088997,20.6,20.8,35.2,33.6
res-sr-02,Study Room B,STUDY_ROOM,20,11,1,0,3,14.0,0,1,2026-09-29T11:00:00.088997,14.8,23.7,33.2,7.6
res-sr-03,Study Room C,STUDY_ROOM,20,11,1,0,2,10.1,5,1,2026-09-29T11:00:00.088997,7.6,21.0,21.2,46.5
res-can-01,Main Canteen,CANTEEN,250,11,1,0,128,51.1,9,0,2026-09-29T11:00:00.088997,58.7,61.7,73.5,74.4
res-sem-01,Dr. Kalam Seminar Hall,SEMINAR_HALL,180,11,1,0,84,46.6,2,2,2026-09-29T11:00:00.088997,41.6,46.1,58.5,56.0
res-cls-01,Block A Classrooms (301-305),CLASSROOM,150,11,1,0,111,74.1,6,2,2026-09-29T11:00:00.088997,76.8,81.4,73.2,77.7
res-cls-02,Block B Classrooms (201-204),CLASSROOM,120,11,1,0,79,66.2,11,2,2026-09-29T11:00:00.088997,67.9,80.0,72.3,73.0
res-sac-01,Student Activity Center,ACTIVITY_CENTER,160,11,1,0,31,19.4,5,4,2026-09-29T11:00:00.088997,20.3,28.3,40.8,28.8
res-lib-01,Central Library,LIBRARY,200,12,1,0,47,23.4,6,8,2026-09-29T12:00:00.088997,33.8,26.1,28.9,0.0
res-lib-02,Digital Reading Hall,LIBRARY,120,12,1,0,85,70.5,5,5,2026-09-29T12:00:00.088997,75.4,77.9,62.2,77.4
res-lab-01,Computer Lab 1,COMPUTER_LAB,80,12,1,0,65,80.7,6,4,2026-09-29T12:00:00.088997,80.1,80.3,80.9,39.2
res-lab-02,Computer Lab 2,COMPUTER_LAB,75,12,1,0,57,75.6,9,14,2026-09-29T12:00:00.088997,79.5,77.6,72.8,62.4
res-lab-03,Computer Lab 3,COMPUTER_LAB,60,12,1,0,24,39.6,3,4,2026-09-29T12:00:00.088997,49.2,42.3,30.6,38.1
res-lab-ai,AI & Data Science Lab,RESEARCH_LAB,50,12,1,0,27,54.0,1,6,2026-09-29T12:00:00.088997,52.0,61.7,79.2,39.9
res-lab-res,Advanced Research Lab,RESEARCH_LAB,40,12,1,0,10,24.3,0,0,2026-09-29T12:00:00.088997,34.4,31.2,38.1,26.2
res-sr-01,Study Room A,STUDY_ROOM,24,12,1,0,4,17.9,4,3,2026-09-29T12:00:00.088997,14.7,32.0,37.7,0.0
res-sr-02,Study Room B,STUDY_ROOM,20,12,1,0,3,15.8,1,5,2026-09-29T12:00:00.088997,12.2,42.4,22.2,12.7
res-sr-03,Study Room C,STUDY_ROOM,20,12,1,0,6,32.3,3,2,2026-09-29T12:00:00.088997,32.3,32.0,42.8,18.7
res-can-01,Main Canteen,CANTEEN,250,12,1,0,162,64.8,6,8,2026-09-29T12:00:00.088997,63.6,68.4,80.9,55.8
res-sem-01,Dr. Kalam Seminar Hall,SEMINAR_HALL,180,12,1,0,104,57.7,6,7,2026-09-29T12:00:00.088997,63.6,58.1,60.6,37.3
res-cls-01,Block A Classrooms (301-305),CLASSROOM,150,12,1,0,96,64.3,8,8,2026-09-29T12:00:00.088997,70.5,68.7,59.6,60.3
res-cls-02,Block B Classrooms (201-204),CLASSROOM,120,12,1,0,87,72.8,8,3,2026-09-29T12:00:00.088997,74.0,70.6,85.1,55.6
res-sac-01,Student Activity Center,ACTIVITY_CENTER,160,12,1,0,21,12.9,0,4,2026-09-29T12:00:00.088997,13.9,18.4,14.3,0.0
res-lib-01,Central Library,LIBRARY,200,13,1,0,91,45.7,4,5,2026-09-29T13:00:00.088997,46.2,46.3,24.1,34.2
res-lib-02,Digital Reading Hall,LIBRARY,120,13,1,0,95,78.9,13,8,2026-09-29T13:00:00.088997,83.2,82.4,72.8,56.3
res-lab-01,Computer Lab 1,COMPUTER_LAB,80,13,1,0,74,92.4,11,10,2026-09-29T13:00:00.088997,86.6,94.4,100.0,86.2
res-lab-02,Computer Lab 2,COMPUTER_LAB,75,13,1,0,70,93.3,9,7,2026-09-29T13:00:00.088997,99.1,100.0,84.4,66.1
res-lab-03,Computer Lab 3,COMPUTER_LAB,60,13,1,0,37,61.6,14,1,2026-09-29T13:00:00.088997,69.3,63.8,50.6,52.9
res-lab-ai,AI & Data Science Lab,RESEARCH_LAB,50,13,1,0,34,67.2,7,1,2026-09-29T13:00:00.088997,71.1,85.6,53.4,53.2
res-lab-res,Advanced Research Lab,RESEARCH_LAB,40,13,1,0,8,19.5,5,3,2026-09-29T13:00:00.088997,25.2,21.5,15.4,0.0
res-sr-01,Study Room A,STUDY_ROOM,24,13,1,0,8,34.5,0,2,2026-09-29T13:00:00.088997,39.4,30.3,36.3,21.0
res-sr-02,Study Room B,STUDY_ROOM,20,13,1,0,4,20.8,0,0,2026-09-29T13:00:00.088997,22.7,29.3,18.9,0.0
res-sr-03,Study Room C,STUDY_ROOM,20,13,1,0,8,41.4,4,5,2026-09-29T13:00:00.088997,45.2,55.8,30.0,7.2
res-can-01,Main Canteen,CANTEEN,250,13,1,0,199,79.8,10,8,2026-09-29T13:00:00.088997,84.9,92.4,71.6,81.9
res-sem-01,Dr. Kalam Seminar Hall,SEMINAR_HALL,180,13,1,0,130,72.2,6,6,2026-09-29T13:00:00.088997,76.7,73.0,72.2,62.1
res-cls-01,Block A Classrooms (301-305),CLASSROOM,150,13,1,0,80,53.5,10,6,2026-09-29T13:00:00.088997,55.8,58.0,44.3,45.3
res-cls-02,Block B Classrooms (201-204),CLASSROOM,120,13,1,0,93,77.6,7,5,2026-09-29T13:00:00.088997,84.7,79.2,71.5,58.5
res-sac-01,Student Activity Center,ACTIVITY_CENTER,160,13,1,0,13,8.3,1,4,2026-09-29T13:00:00.088997,10.0,4.4,1.3,0.0
res-lib-01,Central Library,LIBRARY,200,14,1,0,113,56.5,6,7,2026-09-29T14:00:00.088997,59.3,62.1,54.4,55.7
res-lib-02,Digital Reading Hall,LIBRARY,120,14,1,0,92,77.0,14,11,2026-09-29T14:00:00.088997,73.5,76.1,74.2,82.6
res-lab-01,Computer Lab 1,COMPUTER_LAB,80,14,1,0,76,95.0,9,8,2026-09-29T14:00:00.088997,96.6,78.5,60.0,93.7
res-lab-02,Computer Lab 2,COMPUTER_LAB,75,14,1,0,66,88.2,10,4,2026-09-29T14:00:00.088997,79.4,79.4,83.5,69.2
res-lab-03,Computer Lab 3,COMPUTER_LAB,60,14,1,0,45,75.5,6,5,2026-09-29T14:00:00.088997,76.3,68.2,64.5,55.8
res-lab-ai,AI & Data Science Lab,RESEARCH_LAB,50,14,1,0,42,83.6,11,9,2026-09-29T14:00:00.088997,82.5,74.9,73.7,90.7
res-lab-res,Advanced Research Lab,RESEARCH_LAB,40,14,1,0,15,37.1,10,4,2026-09-29T14:00:00.088997,34.4,37.8,10.5,41.7
res-sr-01,Study Room A,STUDY_ROOM,24,14,1,0,14,60.3,10,0,2026-09-29T14:00:00.088997,61.4,65.2,66.2,31.4
res-sr-02,Study Room B,STUDY_ROOM,20,14,1,0,6,30.9,9,3,2026-09-29T14:00:00.088997,23.1,30.8,32.3,17.2
res-sr-03,Study Room C,STUDY_ROOM,20,14,1,0,12,60.3,10,3,2026-09-29T14:00:00.088997,59.9,64.7,37.4,59.2
res-can-01,Main Canteen,CANTEEN,250,14,1,0,165,66.0,7,8,2026-09-29T14:00:00.088997,61.0,54.0,42.0,68.8
res-sem-01,Dr. Kalam Seminar Hall,SEMINAR_HALL,180,14,1,0,109,60.4,8,4,2026-09-29T14:00:00.088997,53.7,59.3,55.3,45.5
res-cls-01,Block A Classrooms (301-305),CLASSROOM,150,14,1,0,51,34.0,1,6,2026-09-29T14:00:00.088997,37.2,33.5,22.6,22.7
res-cls-02,Block B Classrooms (201-204),CLASSROOM,120,14,1,0,80,66.3,11,12,2026-09-29T14:00:00.088997,61.2,56.1,59.6,59.2
res-sac-01,Student Activity Center,ACTIVITY_CENTER,160,14,1,0,23,14.4,0,5,2026-09-29T14:00:00.088997,12.1,2.1,0.0,5.4
res-lib-01,Central Library,LIBRARY,200,15,1,0,188,93.9,8,8,2026-09-29T15:00:00.088997,100.0,86.0,90.0,100.0
res-lib-02,Digital Reading Hall,LIBRARY,120,15,1,0,80,66.3,7,5,2026-09-29T15:00:00.088997,58.2,70.7,53.0,43.8
res-lab-01,Computer Lab 1,COMPUTER_LAB,80,15,1,0,67,83.3,12,8,2026-09-29T15:00:00.088997,78.1,80.8,82.6,71.0
res-lab-02,Computer Lab 2,COMPUTER_LAB,75,15,1,0,56,74.1,11,6,2026-09-29T15:00:00.088997,78.6,64.6,59.1,51.3
res-lab-03,Computer Lab 3,COMPUTER_LAB,60,15,1,0,47,79.0,9,3,2026-09-29T15:00:00.088997,77.4,77.4,57.9,60.8
res-lab-ai,AI & Data Science Lab,RESEARCH_LAB,50,15,1,0,48,95.0,8,8,2026-09-29T15:00:00.088997,97.4,100.0,91.0,81.0
res-lab-res,Advanced Research Lab,RESEARCH_LAB,40,15,1,0,24,60.0,9,9,2026-09-29T15:00:00.088997,53.4,60.5,46.6,37.7
res-sr-01,Study Room A,STUDY_ROOM,24,15,1,0,17,69.5,11,7,2026-09-29T15:00:00.088997,68.6,66.6,65.7,56.1
res-sr-02,Study Room B,STUDY_ROOM,20,15,1,0,10,50.4,4,6,2026-09-29T15:00:00.088997,51.8,49.6,49.2,44.0
res-sr-03,Study Room C,STUDY_ROOM,20,15,1,0,16,81.8,3,10,2026-09-29T15:00:00.088997,87.7,73.1,67.2,85.3
res-can-01,Main Canteen,CANTEEN,250,15,1,0,121,48.3,3,5,2026-09-29T15:00:00.088997,43.1,48.6,33.2,40.6
res-sem-01,Dr. Kalam Seminar Hall,SEMINAR_HALL,180,15,1,0,87,48.2,10,8,2026-09-29T15:00:00.088997,44.0,35.6,47.7,28.3
res-cls-01,Block A Classrooms (301-305),CLASSROOM,150,15,1,0,13,8.7,0,2,2026-09-29T15:00:00.088997,4.1,3.4,0.5,0.0
res-cls-02,Block B Classrooms (201-204),CLASSROOM,120,15,1,0,55,45.5,4,2,2026-09-29T15:00:00.088997,36.1,41.1,36.1,25.0
res-sac-01,Student Activity Center,ACTIVITY_CENTER,160,15,1,0,61,38.0,7,7,2026-09-29T15:00:00.088997,29.9,30.9,38.7,45.2
res-lib-01,Central Library,LIBRARY,200,16,1,0,173,86.7,14,4,2026-09-29T16:00:00.088997,89.3,80.0,92.8,69.2
res-lib-02,Digital Reading Hall,LIBRARY,120,16,1,0,62,51.6,5,0,2026-09-29T16:00:00.088997,42.6,49.7,52.5,46.9
res-lab-01,Computer Lab 1,COMPUTER_LAB,80,16,1,0,50,62.9,8,3,2026-09-29T16:00:00.088997,62.5,64.7,58.2,68.5
res-lab-02,Computer Lab 2,COMPUTER_LAB,75,16,1,0,43,57.3,6,5,2026-09-29T16:00:00.088997,49.9,49.9,46.4,41.9
res-lab-03,Computer Lab 3,COMPUTER_LAB,60,16,1,0,44,72.9,4,3,2026-09-29T16:00:00.088997,75.5,55.9,70.5,56.5
res-lab-ai,AI & Data Science Lab,RESEARCH_LAB,50,16,1,0,44,87.5,15,8,2026-09-29T16:00:00.088997,88.0,82.9,78.5,72.7
res-lab-res,Advanced Research Lab,RESEARCH_LAB,40,16,1,0,32,79.7,7,4,2026-09-29T16:00:00.088997,78.0,75.8,55.3,67.6
res-sr-01,Study Room A,STUDY_ROOM,24,16,1,0,19,77.2,11,2,2026-09-29T16:00:00.088997,82.9,70.2,61.4,61.8
res-sr-02,Study Room B,STUDY_ROOM,20,16,1,0,13,67.3,10,5,2026-09-29T16:00:00.088997,59.5,55.0,61.9,67.1
res-sr-03,Study Room C,STUDY_ROOM,20,16,1,0,16,81.6,10,11,2026-09-29T16:00:00.088997,87.2,83.7,81.9,59.9
res-can-01,Main Canteen,CANTEEN,250,16,1,0,92,36.6,5,5,2026-09-29T16:00:00.088997,39.7,33.8,27.7,11.8
res-sem-01,Dr. Kalam Seminar Hall,SEMINAR_HALL,180,16,1,0,48,26.6,3,3,2026-09-29T16:00:00.088997,25.6,27.4,26.4,13.9
res-cls-01,Block A Classrooms (301-305),CLASSROOM,150,16,1,0,10,6.6,1,7,2026-09-29T16:00:00.088997,5.9,0.0,3.4,1.8
res-cls-02,Block B Classrooms (201-204),CLASSROOM,120,16,1,0,29,24.1,7,3,2026-09-29T16:00:00.088997,27.4,20.5,29.7,26.6
res-sac-01,Student Activity Center,ACTIVITY_CENTER,160,16,1,0,97,60.7,9,12,2026-09-29T16:00:00.088997,63.0,50.6,54.9,45.5
res-lib-01,Central Library,LIBRARY,200,17,1,0,180,90.1,14,15,2026-09-29T17:00:00.088997,85.1,91.7,69.9,59.0
res-lib-02,Digital Reading Hall,LIBRARY,120,17,1,0,36,30.2,8,0,2026-09-29T17:00:00.088997,28.1,32.3,29.8,44.8
res-lab-01,Computer Lab 1,COMPUTER_LAB,80,17,1,0,37,46.8,4,1,2026-09-29T17:00:00.088997,43.3,35.2,22.6,58.4
res-lab-02,Computer Lab 2,COMPUTER_LAB,75,17,1,0,28,37.0,12,1,2026-09-29T17:00:00.088997,33.3,27.3,23.2,35.5
res-lab-03,Computer Lab 3,COMPUTER_LAB,60,17,1,0,36,59.3,9,9,2026-09-29T17:00:00.088997,61.7,48.2,46.6,48.7
res-lab-ai,AI & Data Science Lab,RESEARCH_LAB,50,17,1,0,43,86.9,12,9,2026-09-29T17:00:00.088997,87.6,78.3,81.3,86.4
res-lab-res,Advanced Research Lab,RESEARCH_LAB,40,17,1,0,34,84.9,7,8,2026-09-29T17:00:00.088997,81.6,71.7,71.7,56.2
res-sr-01,Study Room A,STUDY_ROOM,24,17,1,0,19,77.2,5,10,2026-09-29T17:00:00.088997,81.1,63.0,83.4,51.7
res-sr-02,Study Room B,STUDY_ROOM,20,17,1,0,16,80.1,10,9,2026-09-29T17:00:00.088997,73.5,64.2,64.9,73.2
res-sr-03,Study Room C,STUDY_ROOM,20,17,1,0,15,72.9,5,6,2026-09-29T17:00:00.088997,67.9,67.8,47.5,78.9
res-can-01,Main Canteen,CANTEEN,250,17,1,0,25,10.1,3,0,2026-09-29T17:00:00.088997,8.9,11.9,3.3,0.1
res-sem-01,Dr. Kalam Seminar Hall,SEMINAR_HALL,180,17,1,0,9,5.0,0,0,2026-09-29T17:00:00.088997,0.0,7.5,13.3,0.0
res-cls-01,Block A Classrooms (301-305),CLASSROOM,150,17,1,0,17,11.6,0,5,2026-09-29T17:00:00.088997,10.1,6.5,0.0,0.0
res-cls-02,Block B Classrooms (201-204),CLASSROOM,120,17,1,0,16,13.0,2,2,2026-09-29T17:00:00.088997,8.6,7.2,12.2,12.8
res-sac-01,Student Activity Center,ACTIVITY_CENTER,160,17,1,0,107,67.2,6,2,2026-09-29T17:00:00.088997,66.0,67.5,56.7,47.2
res-lib-01,Central Library,LIBRARY,200,18,1,0,131,65.7,14,10,2026-09-29T18:00:00.088997,66.6,62.6,57.6,42.8
res-lib-02,Digital Reading Hall,LIBRARY,120,18,1,0,19,15.8,0,0,2026-09-29T18:00:00.088997,11.3,10.1,7.5,0.0
res-lab-01,Computer Lab 1,COMPUTER_LAB,80,18,1,0,30,37.0,3,4,2026-09-29T18:00:00.088997,32.0,36.1,24.2,44.3
res-lab-02,Computer Lab 2,COMPUTER_LAB,75,18,1,0,18,24.1,2,4,2026-09-29T18:00:00.088997,25.3,24.6,32.1,20.0
res-lab-03,Computer Lab 3,COMPUTER_LAB,60,18,1,0,23,37.5,2,3,2026-09-29T18:00:00.088997,41.4,24.2,22.1,22.9
res-lab-ai,AI & Data Science Lab,RESEARCH_LAB,50,18,1,0,25,49.5,4,10,2026-09-29T18:00:00.088997,46.3,46.9,26.5,24.2
res-lab-res,Advanced Research Lab,RESEARCH_LAB,40,18,1,0,32,80.6,14,8,2026-09-29T18:00:00.088997,77.4,78.6,49.2,71.4
res-sr-01,Study Room A,STUDY_ROOM,24,18,1,0,16,65.9,10,0,2026-09-29T18:00:00.088997,61.4,60.6,51.0,49.4
res-sr-02,Study Room B,STUDY_ROOM,20,18,1,0,16,80.7,9,5,2026-09-29T18:00:00.088997,82.5,77.3,75.4,58.0
res-sr-03,Study Room C,STUDY_ROOM,20,18,1,0,8,37.7,1,0,2026-09-29T18:00:00.088997,33.2,27.6,30.7,36.3
res-can-01,Main Canteen,CANTEEN,250,18,1,0,36,14.3,4,0,2026-09-29T18:00:00.088997,12.5,18.7,0.0,18.5
res-sem-01,Dr. Kalam Seminar Hall,SEMINAR_HALL,180,18,1,0,9,5.0,1,1,2026-09-29T18:00:00.088997,3.8,13.4,0.0,0.0
res-cls-01,Block A Classrooms (301-305),CLASSROOM,150,18,1,0,17,11.4,0,2,2026-09-29T18:00:00.088997,13.0,6.2,7.4,1.2
res-cls-02,Block B Classrooms (201-204),CLASSROOM,120,18,1,0,21,17.2,0,0,2026-09-29T18:00:00.088997,18.7,6.6,12.7,3.1
res-sac-01,Student Activity Center,ACTIVITY_CENTER,160,18,1,0,127,79.6,16,11,2026-09-29T18:00:00.088997,81.7,77.8,65.4,70.7
res-lib-01,Central Library,LIBRARY,200,19,1,0,100,50.1,6,5,2026-09-29T19:00:00.088997,46.5,46.8,37.4,46.6
res-lib-02,Digital Reading Hall,LIBRARY,120,19,1,0,14,11.9,5,0,2026-09-29T19:00:00.088997,5.7,9.4,8.8,24.9
res-lab-01,Computer Lab 1,COMPUTER_LAB,80,19,1,0,29,36.2,4,4,2026-09-29T19:00:00.088997,40.5,45.7,26.5,30.7
res-lab-02,Computer Lab 2,COMPUTER_LAB,75,19,1,0,19,24.7,2,8,2026-09-29T19:00:00.088997,19.0,5.7,19.6,27.1
res-lab-03,Computer Lab 3,COMPUTER_LAB,60,19,1,0,10,15.9,3,3,2026-09-29T19:00:00.088997,14.3,14.2,12.7,0.0
res-lab-ai,AI & Data Science Lab,RESEARCH_LAB,50,19,1,0,15,30.5,0,2,2026-09-29T19:00:00.088997,26.5,31.7,24.7,24.1
res-lab-res,Advanced Research Lab,RESEARCH_LAB,40,19,1,0,25,61.3,10,1,2026-09-29T19:00:00.088997,55.7,64.0,49.3,23.5
res-sr-01,Study Room A,STUDY_ROOM,24,19,1,0,14,58.7,10,8,2026-09-29T19:00:00.088997,57.1,63.7,62.0,65.3
res-sr-02,Study Room B,STUDY_ROOM,20,19,1,0,14,67.9,8,5,2026-09-29T19:00:00.088997,60.8,65.9,65.1,51.7
res-sr-03,Study Room C,STUDY_ROOM,20,19,1,0,6,29.3,2,5,2026-09-29T19:00:00.088997,23.7,17.9,19.1,27.2
res-can-01,Main Canteen,CANTEEN,250,19,1,0,13,5.4,3,0,2026-09-29T19:00:00.088997,2.4,0.0,0.0,0.0
res-sem-01,Dr. Kalam Seminar Hall,SEMINAR_HALL,180,19,1,0,9,5.0,0,0,2026-09-29T19:00:00.088997,4.8,0.0,0.0,0.0
res-cls-01,Block A Classrooms (301-305),CLASSROOM,150,19,1,0,12,7.7,0,0,2026-09-29T19:00:00.088997,2.7,0.0,0.0,0.0
res-cls-02,Block B Classrooms (201-204),CLASSROOM,120,19,1,0,7,5.7,2,4,2026-09-29T19:00:00.088997,3.7,1.1,0.0,6.5
res-sac-01,Student Activity Center,ACTIVITY_CENTER,160,19,1,0,126,78.8,8,6,2026-09-29T19:00:00.088997,78.2,74.6,66.3,72.5
res-lib-01,Central Library,LIBRARY,200,20,1,0,58,28.8,1,10,2026-09-29T20:00:00.088997,20.6,18.6,22.9,43.7
res-lib-02,Digital Reading Hall,LIBRARY,120,20,1,0,21,17.7,0,3,2026-09-29T20:00:00.088997,14.8,16.7,9.1,0.0
res-lab-01,Computer Lab 1,COMPUTER_LAB,80,20,1,0,36,44.4,0,9,2026-09-29T20:00:00.088997,46.1,34.9,53.2,15.9
res-lab-02,Computer Lab 2,COMPUTER_LAB,75,20,1,0,22,29.0,0,0,2026-09-29T20:00:00.088997,22.4,19.5,21.1,7.1
res-lab-03,Computer Lab 3,COMPUTER_LAB,60,20,1,0,4,6.9,2,0,2026-09-29T20:00:00.088997,6.5,2.9,7.4,0.0
res-lab-ai,AI & Data Science Lab,RESEARCH_LAB,50,20,1,0,17,34.1,1,1,2026-09-29T20:00:00.088997,37.6,37.2,31.2,11.4
res-lab-res,Advanced Research Lab,RESEARCH_LAB,40,20,1,0,16,38.9,8,7,2026-09-29T20:00:00.088997,36.6,48.0,35.0,13.6
res-sr-01,Study Room A,STUDY_ROOM,24,20,1,0,7,30.7,3,3,2026-09-29T20:00:00.088997,33.7,20.0,10.7,25.9
res-sr-02,Study Room B,STUDY_ROOM,20,20,1,0,9,45.9,12,7,2026-09-29T20:00:00.088997,41.8,48.1,44.4,41.5
res-sr-03,Study Room C,STUDY_ROOM,20,20,1,0,3,14.5,3,0,2026-09-29T20:00:00.088997,17.8,0.0,2.5,0.0
res-can-01,Main Canteen,CANTEEN,250,20,1,0,20,8.0,0,0,2026-09-29T20:00:00.088997,0.0,4.2,18.8,0.0
res-sem-01,Dr. Kalam Seminar Hall,SEMINAR_HALL,180,20,1,0,16,8.8,5,0,2026-09-29T20:00:00.088997,5.0,0.0,0.0,17.3
res-cls-01,Block A Classrooms (301-305),CLASSROOM,150,20,1,0,16,10.9,3,0,2026-09-29T20:00:00.088997,4.1,10.0,14.2,2.7
res-cls-02,Block B Classrooms (201-204),CLASSROOM,120,20,1,0,14,12.0,0,3,2026-09-29T20:00:00.088997,15.3,9.4,0.0,19.6
res-sac-01,Student Activity Center,ACTIVITY_CENTER,160,20,1,0,85,53.2,7,8,2026-09-29T20:00:00.088997,55.6,37.4,46.3,41.9
res-lib-01,Central Library,LIBRARY,200,21,1,0,62,30.8,5,7,2026-09-29T21:00:00.088997,30.9,25.3,24.5,37.0
res-lib-02,Digital Reading Hall,LIBRARY,120,21,1,0,18,14.8,4,0,2026-09-29T21:00:00.088997,9.4,16.0,0.0,7.3
res-lab-01,Computer Lab 1,COMPUTER_LAB,80,21,1,0,26,33.0,0,4,2026-09-29T21:00:00.088997,31.5,16.6,18.8,0.0
res-lab-02,Computer Lab 2,COMPUTER_LAB,75,21,1,0,21,27.9,7,5,2026-09-29T21:00:00.088997,29.9,19.8,24.8,15.8
res-lab-03,Computer Lab 3,COMPUTER_LAB,60,21,1,0,9,15.7,4,5,2026-09-29T21:00:00.088997,12.2,2.3,6.1,1.1
res-lab-ai,AI & Data Science Lab,RESEARCH_LAB,50,21,1,0,16,31.1,6,0,2026-09-29T21:00:00.088997,26.5,20.4,34.4,16.6
res-lab-res,Advanced Research Lab,RESEARCH_LAB,40,21,1,0,7,17.9,3,0,2026-09-29T21:00:00.088997,15.9,23.8,26.0,1.1
res-sr-01,Study Room A,STUDY_ROOM,24,21,1,0,5,19.3,0,0,2026-09-29T21:00:00.088997,21.4,28.8,7.3,0.0
res-sr-02,Study Room B,STUDY_ROOM,20,21,1,0,5,25.7,3,0,2026-09-29T21:00:00.088997,21.9,26.8,18.9,29.0
res-sr-03,Study Room C,STUDY_ROOM,20,21,1,0,3,16.5,0,0,2026-09-29T21:00:00.088997,15.5,4.7,0.0,0.0
res-can-01,Main Canteen,CANTEEN,250,21,1,0,30,12.1,0,4,2026-09-29T21:00:00.088997,6.5,0.0,2.9,19.8
res-sem-01,Dr. Kalam Seminar Hall,SEMINAR_HALL,180,21,1,0,9,5.1,0,0,2026-09-29T21:00:00.088997,7.9,0.0,11.0,1.0
res-cls-01,Block A Classrooms (301-305),CLASSROOM,150,21,1,0,10,6.9,4,0,2026-09-29T21:00:00.088997,0.0,0.0,5.8,8.6
res-cls-02,Block B Classrooms (201-204),CLASSROOM,120,21,1,0,10,8.4,0,0,2026-09-29T21:00:00.088997,2.1,0.0,2.8,19.7
res-sac-01,Student Activity Center,ACTIVITY_CENTER,160,21,1,0,66,41.0,1,2,2026-09-29T21:00:00.088997,37.0,38.3,47.1,23.4
res-lib-01,Central Library,LIBRARY,200,8,2,0,62,31.2,10,2,2026-09-30T08:00:00.088997,31.7,34.0,39.7,36.9
res-lib-02,Digital Reading Hall,LIBRARY,120,8,2,0,28,23.5,0,0,2026-09-30T08:00:00.088997,26.9,33.8,51.3,18.1
res-lab-01,Computer Lab 1,COMPUTER_LAB,80,8,2,0,26,32.4,0,0,2026-09-30T08:00:00.088997,27.3,34.3,38.3,48.0
res-lab-02,Computer Lab 2,COMPUTER_LAB,75,8,2,0,18,23.8,4,2,2026-09-30T08:00:00.088997,21.7,18.7,37.1,53.6
res-lab-03,Computer Lab 3,COMPUTER_LAB,60,8,2,0,15,25.1,5,6,2026-09-30T08:00:00.088997,29.0,32.0,34.1,33.9
res-lab-ai,AI & Data Science Lab,RESEARCH_LAB,50,8,2,0,16,32.4,2,2,2026-09-30T08:00:00.088997,29.7,40.3,31.8,42.8
res-lab-res,Advanced Research Lab,RESEARCH_LAB,40,8,2,0,9,22.0,4,4,2026-09-30T08:00:00.088997,23.1,29.9,25.6,8.4
res-sr-01,Study Room A,STUDY_ROOM,24,8,2,0,5,22.1,3,5,2026-09-30T08:00:00.088997,24.0,17.5,29.3,42.8
res-sr-02,Study Room B,STUDY_ROOM,20,8,2,0,3,16.9,1,0,2026-09-30T08:00:00.088997,14.8,24.8,9.9,23.1
res-sr-03,Study Room C,STUDY_ROOM,20,8,2,0,3,15.2,5,3,2026-09-30T08:00:00.088997,21.0,22.0,15.5,17.8
res-can-01,Main Canteen,CANTEEN,250,8,2,0,16,6.3,2,0,2026-09-30T08:00:00.088997,6.7,11.4,29.0,24.2
res-sem-01,Dr. Kalam Seminar Hall,SEMINAR_HALL,180,8,2,0,9,5.0,1,5,2026-09-30T08:00:00.088997,9.5,0.4,4.8,3.1
res-cls-01,Block A Classrooms (301-305),CLASSROOM,150,8,2,0,58,38.5,8,1,2026-09-30T08:00:00.088997,38.0,43.8,47.2,37.0
res-cls-02,Block B Classrooms (201-204),CLASSROOM,120,8,2,0,11,9.0,0,4,2026-09-30T08:00:00.088997,4.0,3.4,20.9,4.2
res-sac-01,Student Activity Center,ACTIVITY_CENTER,160,8,2,0,21,13.0,1,3,2026-09-30T08:00:00.088997,14.1,28.7,21.0,37.3
res-lib-01,Central Library,LIBRARY,200,9,2,0,52,26.1,9,5,2026-09-30T09:00:00.088997,28.3,34.9,31.8,32.9
res-lib-02,Digital Reading Hall,LIBRARY,120,9,2,0,18,14.8,0,7,2026-09-30T09:00:00.088997,12.0,15.9,21.9,24.1
res-lab-01,Computer Lab 1,COMPUTER_LAB,80,9,2,0,29,36.5,2,4,2026-09-30T09:00:00.088997,43.1,49.1,42.1,53.9
res-lab-02,Computer Lab 2,COMPUTER_LAB,75,9,2,0,15,20.4,0,0,2026-09-30T09:00:00.088997,22.2,20.3,14.7,25.8
res-lab-03,Computer Lab 3,COMPUTER_LAB,60,9,2,0,5,8.1,4,0,2026-09-30T09:00:00.088997,14.0,10.1,5.3,32.2
res-lab-ai,AI & Data Science Lab,RESEARCH_LAB,50,9,2,0,15,30.4,9,1,2026-09-30T09:00:00.088997,30.6,41.4,47.5,42.2
res-lab-res,Advanced Research Lab,RESEARCH_LAB,40,9,2,0,13,33.3,3,0,2026-09-30T09:00:00.088997,31.3,36.7,55.0,41.1
res-sr-01,Study Room A,STUDY_ROOM,24,9,2,0,6,26.3,4,5,2026-09-30T09:00:00.088997,29.8,33.5,41.0,29.5
res-sr-02,Study Room B,STUDY_ROOM,20,9,2,0,3,12.8,2,7,2026-09-30T09:00:00.088997,8.6,5.6,18.4,35.1
res-sr-03,Study Room C,STUDY_ROOM,20,9,2,0,3,15.2,0,1,2026-09-30T09:00:00.088997,10.3,24.0,20.4,24.2
res-can-01,Main Canteen,CANTEEN,250,9,2,0,29,11.7,2,0,2026-09-30T09:00:00.088997,17.8,21.5,3.7,18.9
res-sem-01,Dr. Kalam Seminar Hall,SEMINAR_HALL,180,9,2,0,9,5.0,0,2,2026-09-30T09:00:00.088997,5.3,9.1,7.0,19.4
res-cls-01,Block A Classrooms (301-305),CLASSROOM,150,9,2,0,82,54.7,13,4,2026-09-30T09:00:00.088997,50.9,56.7,70.4,55.5
res-cls-02,Block B Classrooms (201-204),CLASSROOM,120,9,2,0,19,15.9,0,0,2026-09-30T09:00:00.088997,13.5,22.2,23.2,35.3
res-sac-01,Student Activity Center,ACTIVITY_CENTER,160,9,2,0,21,13.2,3,0,2026-09-30T09:00:00.088997,10.7,15.0,6.7,44.7
res-lib-01,Central Library,LIBRARY,200,10,2,0,51,25.6,0,1,2026-09-30T10:00:00.088997,17.8,39.2,45.6,36.9
res-lib-02,Digital Reading Hall,LIBRARY,120,10,2,0,40,33.1,0,0,2026-09-30T10:00:00.088997,28.3,37.1,50.6,38.5
res-lab-01,Computer Lab 1,COMPUTER_LAB,80,10,2,0,39,48.2,8,0,2026-09-30T10:00:00.088997,57.6,60.1,60.8,69.3
res-lab-02,Computer Lab 2,COMPUTER_LAB,75,10,2,0,31,40.7,5,8,2026-09-30T10:00:00.088997,40.9,48.5,60.6,18.4
res-lab-03,Computer Lab 3,COMPUTER_LAB,60,10,2,0,10,16.8,4,0,2026-09-30T10:00:00.088997,19.9,17.0,28.3,25.6
res-lab-ai,AI & Data Science Lab,RESEARCH_LAB,50,10,2,0,13,26.2,6,1,2026-09-30T10:00:00.088997,29.3,39.1,26.0,36.3
res-lab-res,Advanced Research Lab,RESEARCH_LAB,40,10,2,0,7,18.0,1,8,2026-09-30T10:00:00.088997,21.8,24.9,30.7,33.2
res-sr-01,Study Room A,STUDY_ROOM,24,10,2,0,3,12.7,8,0,2026-09-30T10:00:00.088997,21.6,21.4,22.3,19.0
res-sr-02,Study Room B,STUDY_ROOM,20,10,2,0,5,25.4,4,2,2026-09-30T10:00:00.088997,25.3,26.5,33.9,24.3
res-sr-03,Study Room C,STUDY_ROOM,20,10,2,0,4,17.7,0,4,2026-09-30T10:00:00.088997,23.6,22.4,30.9,35.3
res-can-01,Main Canteen,CANTEEN,250,10,2,0,67,26.9,8,1,2026-09-30T10:00:00.088997,31.7,36.3,12.5,29.0
res-sem-01,Dr. Kalam Seminar Hall,SEMINAR_HALL,180,10,2,0,56,31.1,3,5,2026-09-30T10:00:00.088997,33.5,43.5,40.2,58.2
res-cls-01,Block A Classrooms (301-305),CLASSROOM,150,10,2,0,94,63.0,7,4,2026-09-30T10:00:00.088997,66.5,66.3,68.9,64.5
res-cls-02,Block B Classrooms (201-204),CLASSROOM,120,10,2,0,49,41.0,4,0,2026-09-30T10:00:00.088997,33.8,46.4,24.1,48.7
res-sac-01,Student Activity Center,ACTIVITY_CENTER,160,10,2,0,22,13.5,3,0,2026-09-30T10:00:00.088997,21.8,23.6,7.9,20.1
res-lib-01,Central Library,LIBRARY,200,11,2,0,62,31.1,1,2,2026-09-30T11:00:00.088997,38.7,32.9,49.2,30.2
res-lib-02,Digital Reading Hall,LIBRARY,120,11,2,0,50,41.3,8,5,2026-09-30T11:00:00.088997,45.4,39.8,40.2,65.1
res-lab-01,Computer Lab 1,COMPUTER_LAB,80,11,2,0,55,68.9,7,7,2026-09-30T11:00:00.088997,76.9,78.2,72.6,62.0
res-lab-02,Computer Lab 2,COMPUTER_LAB,75,11,2,0,45,60.2,4,2,2026-09-30T11:00:00.088997,67.5,70.5,71.7,55.4
res-lab-03,Computer Lab 3,COMPUTER_LAB,60,11,2,0,13,22.2,5,1,2026-09-30T11:00:00.088997,22.1,27.6,25.9,58.7
res-lab-ai,AI & Data Science Lab,RESEARCH_LAB,50,11,2,0,14,28.5,0,7,2026-09-30T11:00:00.088997,28.2,38.2,42.5,37.8
res-lab-res,Advanced Research Lab,RESEARCH_LAB,40,11,2,0,6,16.1,1,0,2026-09-30T11:00:00.088997,18.0,25.7,39.6,13.1
res-sr-01,Study Room A,STUDY_ROOM,24,11,2,0,5,19.0,0,2,2026-09-30T11:00:00.088997,14.9,18.4,11.8,11.7
res-sr-02,Study Room B,STUDY_ROOM,20,11,2,0,2,12.4,6,2,2026-09-30T11:00:00.088997,14.6,25.4,23.8,28.1
res-sr-03,Study Room C,STUDY_ROOM,20,11,2,0,3,13.1,0,0,2026-09-30T11:00:00.088997,12.7,16.4,24.2,22.7
res-can-01,Main Canteen,CANTEEN,250,11,2,0,126,50.6,3,6,2026-09-30T11:00:00.088997,50.6,57.7,41.3,64.6
res-sem-01,Dr. Kalam Seminar Hall,SEMINAR_HALL,180,11,2,0,90,50.0,7,4,2026-09-30T11:00:00.088997,55.7,47.4,57.2,57.7
res-cls-01,Block A Classrooms (301-305),CLASSROOM,150,11,2,0,119,79.1,3,4,2026-09-30T11:00:00.088997,88.1,69.6,94.5,80.7
res-cls-02,Block B Classrooms (201-204),CLASSROOM,120,11,2,0,73,61.1,11,6,2026-09-30T11:00:00.088997,68.8,63.1,65.9,80.5
res-sac-01,Student Activity Center,ACTIVITY_CENTER,160,11,2,0,21,13.2,3,4,2026-09-30T11:00:00.088997,18.7,8.8,18.2,26.6
res-lib-01,Central Library,LIBRARY,200,12,2,0,48,24.0,3,3,2026-09-30T12:00:00.088997,23.9,27.9,21.4,6.3
res-lib-02,Digital Reading Hall,LIBRARY,120,12,2,0,77,64.0,8,5,2026-09-30T12:00:00.088997,62.3,79.7,69.8,55.4
res-lab-01,Computer Lab 1,COMPUTER_LAB,80,12,2,0,66,82.5,8,9,2026-09-30T12:00:00.088997,83.2,87.5,97.8,64.3
res-lab-02,Computer Lab 2,COMPUTER_LAB,75,12,2,0,52,69.7,3,11,2026-09-30T12:00:00.088997,75.5,78.7,73.8,41.7
res-lab-03,Computer Lab 3,COMPUTER_LAB,60,12,2,0,22,36.7,4,0,2026-09-30T12:00:00.088997,32.8,31.3,50.6,10.2
res-lab-ai,AI & Data Science Lab,RESEARCH_LAB,50,12,2,0,27,54.0,5,7,2026-09-30T12:00:00.088997,57.4,57.6,63.2,40.7
res-lab-res,Advanced Research Lab,RESEARCH_LAB,40,12,2,0,7,17.5,5,0,2026-09-30T12:00:00.088997,19.2,14.0,28.0,0.0
res-sr-01,Study Room A,STUDY_ROOM,24,12,2,0,4,18.1,0,1,2026-09-30T12:00:00.088997,12.1,27.2,25.7,0.5
res-sr-02,Study Room B,STUDY_ROOM,20,12,2,0,2,8.8,2,0,2026-09-30T12:00:00.088997,16.0,16.7,30.6,0.0
res-sr-03,Study Room C,STUDY_ROOM,20,12,2,0,6,31.1,5,1,2026-09-30T12:00:00.088997,33.9,31.1,57.7,17.9
res-can-01,Main Canteen,CANTEEN,250,12,2,0,167,67.0,9,3,2026-09-30T12:00:00.088997,74.3,65.8,63.7,53.0
res-sem-01,Dr. Kalam Seminar Hall,SEMINAR_HALL,180,12,2,0,102,56.8,11,4,2026-09-30T12:00:00.088997,45.9,63.0,69.7,39.7
res-cls-01,Block A Classrooms (301-305),CLASSROOM,150,12,2,0,92,61.5,7,4,2026-09-30T12:00:00.088997,59.5,60.1,70.9,60.3
res-cls-02,Block B Classrooms (201-204),CLASSROOM,120,12,2,0,89,74.0,3,9,2026-09-30T12:00:00.088997,79.1,87.3,73.4,61.3
res-sac-01,Student Activity Center,ACTIVITY_CENTER,160,12,2,0,28,17.3,0,3,2026-09-30T12:00:00.088997,19.2,17.2,18.4,20.3
res-lib-01,Central Library,LIBRARY,200,13,2,0,88,43.8,1,5,2026-09-30T13:00:00.088997,45.7,40.9,31.1,22.0
res-lib-02,Digital Reading Hall,LIBRARY,120,13,2,0,95,79.6,17,7,2026-09-30T13:00:00.088997,78.0,96.7,79.6,76.3
res-lab-01,Computer Lab 1,COMPUTER_LAB,80,13,2,0,75,93.8,14,11,2026-09-30T13:00:00.088997,96.4,88.5,85.6,100.0
res-lab-02,Computer Lab 2,COMPUTER_LAB,75,13,2,0,66,88.0,9,8,2026-09-30T13:00:00.088997,89.4,88.2,79.6,93.3
res-lab-03,Computer Lab 3,COMPUTER_LAB,60,13,2,0,37,62.3,5,10,2026-09-30T13:00:00.088997,67.4,71.1,58.2,39.2
res-lab-ai,AI & Data Science Lab,RESEARCH_LAB,50,13,2,0,35,70.4,10,3,2026-09-30T13:00:00.088997,68.2,77.2,55.3,68.3
res-lab-res,Advanced Research Lab,RESEARCH_LAB,40,13,2,0,7,17.0,2,2,2026-09-30T13:00:00.088997,17.1,20.5,2.9,4.8
res-sr-01,Study Room A,STUDY_ROOM,24,13,2,0,7,28.0,2,5,2026-09-30T13:00:00.088997,25.4,30.0,24.6,0.0
res-sr-02,Study Room B,STUDY_ROOM,20,13,2,0,4,22.4,5,0,2026-09-30T13:00:00.088997,16.0,27.6,4.3,22.0
res-sr-03,Study Room C,STUDY_ROOM,20,13,2,0,10,49.5,6,3,2026-09-30T13:00:00.088997,57.9,59.0,46.9,51.9
res-can-01,Main Canteen,CANTEEN,250,13,2,0,177,70.9,12,6,2026-09-30T13:00:00.088997,74.3,75.0,46.0,70.4
res-sem-01,Dr. Kalam Seminar Hall,SEMINAR_HALL,180,13,2,0,113,62.7,4,4,2026-09-30T13:00:00.088997,56.9,61.1,56.9,46.5
res-cls-01,Block A Classrooms (301-305),CLASSROOM,150,13,2,0,76,51.0,3,5,2026-09-30T13:00:00.088997,51.7,46.1,41.2,24.1
res-cls-02,Block B Classrooms (201-204),CLASSROOM,120,13,2,0,91,75.7,7,15,2026-09-30T13:00:00.088997,81.6,79.9,72.9,38.6
res-sac-01,Student Activity Center,ACTIVITY_CENTER,160,13,2,0,30,18.8,0,2,2026-09-30T13:00:00.088997,17.9,20.1,9.2,7.8
res-lib-01,Central Library,LIBRARY,200,14,2,0,134,66.9,8,1,2026-09-30T14:00:00.088997,74.2,63.3,62.8,50.8
res-lib-02,Digital Reading Hall,LIBRARY,120,14,2,0,94,78.6,9,8,2026-09-30T14:00:00.088997,81.8,86.1,83.9,45.4
res-lab-01,Computer Lab 1,COMPUTER_LAB,80,14,2,0,76,95.0,12,8,2026-09-30T14:00:00.088997,92.8,77.1,95.2,60.5
res-lab-02,Computer Lab 2,COMPUTER_LAB,75,14,2,0,61,80.8,6,7,2026-09-30T14:00:00.088997,72.3,69.5,83.2,67.5
res-lab-03,Computer Lab 3,COMPUTER_LAB,60,14,2,0,44,73.6,5,7,2026-09-30T14:00:00.088997,71.1,63.8,65.1,38.9
res-lab-ai,AI & Data Science Lab,RESEARCH_LAB,50,14,2,0,44,88.6,9,8,2026-09-30T14:00:00.088997,90.0,86.2,77.8,63.2
res-lab-res,Advanced Research Lab,RESEARCH_LAB,40,14,2,0,19,48.1,1,6,2026-09-30T14:00:00.088997,39.7,48.6,49.2,13.1
res-sr-01,Study Room A,STUDY_ROOM,24,14,2,0,13,54.7,7,7,2026-09-30T14:00:00.088997,54.1,43.9,44.7,62.7
res-sr-02,Study Room B,STUDY_ROOM,20,14,2,0,4,22.4,3,5,2026-09-30T14:00:00.088997,16.4,8.9,3.0,15.1
res-sr-03,Study Room C,STUDY_ROOM,20,14,2,0,12,60.0,6,10,2026-09-30T14:00:00.088997,57.8,50.3,53.1,47.2
res-can-01,Main Canteen,CANTEEN,250,14,2,0,172,68.7,13,8,2026-09-30T14:00:00.088997,74.8,66.4,53.8,84.1
res-sem-01,Dr. Kalam Seminar Hall,SEMINAR_HALL,180,14,2,0,110,61.4,4,13,2026-09-30T14:00:00.088997,56.4,51.7,48.4,51.4
res-cls-01,Block A Classrooms (301-305),CLASSROOM,150,14,2,0,55,36.5,0,6,2026-09-30T14:00:00.088997,32.3,29.0,43.9,27.1
res-cls-02,Block B Classrooms (201-204),CLASSROOM,120,14,2,0,74,61.9,7,8,2026-09-30T14:00:00.088997,66.3,42.0,63.6,68.4
res-sac-01,Student Activity Center,ACTIVITY_CENTER,160,14,2,0,27,17.0,0,0,2026-09-30T14:00:00.088997,24.5,6.6,22.7,9.7
res-lib-01,Central Library,LIBRARY,200,15,2,0,180,90.1,9,4,2026-09-30T15:00:00.088997,88.1,76.1,100.0,85.6
res-lib-02,Digital Reading Hall,LIBRARY,120,15,2,0,88,73.2,11,5,2026-09-30T15:00:00.088997,70.7,68.8,82.7,47.3
res-lab-01,Computer Lab 1,COMPUTER_LAB,80,15,2,0,66,82.2,8,6,2026-09-30T15:00:00.088997,74.3,60.9,57.7,83.3
res-lab-02,Computer Lab 2,COMPUTER_LAB,75,15,2,0,56,75.0,11,5,2026-09-30T15:00:00.088997,72.6,79.7,81.0,74.3
res-lab-03,Computer Lab 3,COMPUTER_LAB,60,15,2,0,48,80.8,11,9,2026-09-30T15:00:00.088997,78.1,73.4,82.9,53.3
res-lab-ai,AI & Data Science Lab,RESEARCH_LAB,50,15,2,0,48,95.0,10,5,2026-09-30T15:00:00.088997,90.8,84.8,81.8,75.9
res-lab-res,Advanced Research Lab,RESEARCH_LAB,40,15,2,0,24,59.5,6,5,2026-09-30T15:00:00.088997,60.5,53.0,54.4,47.6
res-sr-01,Study Room A,STUDY_ROOM,24,15,2,0,17,72.2,8,5,2026-09-30T15:00:00.088997,66.6,68.5,75.7,57.5
res-sr-02,Study Room B,STUDY_ROOM,20,15,2,0,9,45.1,4,2,2026-09-30T15:00:00.088997,40.4,31.4,34.9,35.9
res-sr-03,Study Room C,STUDY_ROOM,20,15,2,0,15,72.8,6,4,2026-09-30T15:00:00.088997,65.3,62.1,63.0,44.7
res-can-01,Main Canteen,CANTEEN,250,15,2,0,129,51.5,4,2,2026-09-30T15:00:00.088997,51.0,42.6,39.2,55.0
res-sem-01,Dr. Kalam Seminar Hall,SEMINAR_HALL,180,15,2,0,78,43.3,9,3,2026-09-30T15:00:00.088997,36.8,35.0,36.0,46.4
res-cls-01,Block A Classrooms (301-305),CLASSROOM,150,15,2,0,20,13.2,1,5,2026-09-30T15:00:00.088997,3.7,9.7,8.0,5.1
res-cls-02,Block B Classrooms (201-204),CLASSROOM,120,15,2,0,44,36.4,1,3,2026-09-30T15:00:00.088997,38.9,42.9,22.5,8.7
res-sac-01,Student Activity Center,ACTIVITY_CENTER,160,15,2,0,66,41.0,12,7,2026-09-30T15:00:00.088997,36.0,53.2,39.2,19.6
res-lib-01,Central Library,LIBRARY,200,16,2,0,190,95.0,8,7,2026-09-30T16:00:00.088997,95.9,89.9,87.3,83.5
res-lib-02,Digital Reading Hall,LIBRARY,120,16,2,0,69,57.3,0,6,2026-09-30T16:00:00.088997,54.2,47.8,42.5,13.7
res-lab-01,Computer Lab 1,COMPUTER_LAB,80,16,2,0,52,64.7,11,8,2026-09-30T16:00:00.088997,61.9,51.2,64.1,68.4
res-lab-02,Computer Lab 2,COMPUTER_LAB,75,16,2,0,47,62.0,4,3,2026-09-30T16:00:00.088997,66.6,49.8,58.3,28.7
res-lab-03,Computer Lab 3,COMPUTER_LAB,60,16,2,0,42,70.7,10,6,2026-09-30T16:00:00.088997,70.8,58.3,55.3,64.5
res-lab-ai,AI & Data Science Lab,RESEARCH_LAB,50,16,2,0,45,89.7,11,11,2026-09-30T16:00:00.088997,81.0,81.9,98.1,93.1
res-lab-res,Advanced Research Lab,RESEARCH_LAB,40,16,2,0,32,79.4,9,11,2026-09-30T16:00:00.088997,79.1,65.3,80.4,57.0
res-sr-01,Study Room A,STUDY_ROOM,24,16,2,0,20,85.2,5,13,2026-09-30T16:00:00.088997,82.1,73.5,71.0,69.1
res-sr-02,Study Room B,STUDY_ROOM,20,16,2,0,13,65.1,11,6,2026-09-30T16:00:00.088997,54.4,52.7,81.9,54.7
res-sr-03,Study Room C,STUDY_ROOM,20,16,2,0,16,80.9,8,5,2026-09-30T16:00:00.088997,77.0,76.7,68.8,92.0
res-can-01,Main Canteen,CANTEEN,250,16,2,0,76,30.3,0,5,2026-09-30T16:00:00.088997,32.0,25.5,16.9,0.0
res-sem-01,Dr. Kalam Seminar Hall,SEMINAR_HALL,180,16,2,0,59,32.7,6,1,2026-09-30T16:00:00.088997,30.9,26.3,39.3,8.2
res-cls-01,Block A Classrooms (301-305),CLASSROOM,150,16,2,0,11,7.5,0,1,2026-09-30T16:00:00.088997,5.7,3.7,0.0,13.3
res-cls-02,Block B Classrooms (201-204),CLASSROOM,120,16,2,0,24,20.0,5,11,2026-09-30T16:00:00.088997,14.5,17.0,10.8,32.4
res-sac-01,Student Activity Center,ACTIVITY_CENTER,160,16,2,0,89,55.9,7,6,2026-09-30T16:00:00.088997,53.5,55.4,48.7,49.7
res-lib-01,Central Library,LIBRARY,200,17,2,0,165,82.7,8,7,2026-09-30T17:00:00.088997,83.0,81.0,85.9,93.0
res-lib-02,Digital Reading Hall,LIBRARY,120,17,2,0,36,29.7,3,2,2026-09-30T17:00:00.088997,23.3,28.1,28.7,4.8
res-lab-01,Computer Lab 1,COMPUTER_LAB,80,17,2,0,36,45.3,4,0,2026-09-30T17:00:00.088997,43.2,33.4,38.7,36.5
res-lab-02,Computer Lab 2,COMPUTER_LAB,75,17,2,0,29,38.4,5,8,2026-09-30T17:00:00.088997,33.1,28.8,36.3,24.8
res-lab-03,Computer Lab 3,COMPUTER_LAB,60,17,2,0,37,61.5,9,11,2026-09-30T17:00:00.088997,59.2,47.6,56.6,48.7
res-lab-ai,AI & Data Science Lab,RESEARCH_LAB,50,17,2,0,37,74.2,10,5,2026-09-30T17:00:00.088997,68.1,68.3,44.7,63.1
res-lab-res,Advanced Research Lab,RESEARCH_LAB,40,17,2,0,33,83.4,12,2,2026-09-30T17:00:00.088997,81.4,87.8,81.4,83.1
res-sr-01,Study Room A,STUDY_ROOM,24,17,2,0,20,83.5,5,8,2026-09-30T17:00:00.088997,83.1,72.0,74.3,36.7
res-sr-02,Study Room B,STUDY_ROOM,20,17,2,0,15,75.8,7,11,2026-09-30T17:00:00.088997,71.4,69.2,67.1,56.7
res-sr-03,Study Room C,STUDY_ROOM,20,17,2,0,14,68.0,2,10,2026-09-30T17:00:00.088997,65.9,70.8,35.2,26.7
res-can-01,Main Canteen,CANTEEN,250,17,2,0,22,8.8,2,0,2026-09-30T17:00:00.088997,9.2,9.7,6.8,0.0
res-sem-01,Dr. Kalam Seminar Hall,SEMINAR_HALL,180,17,2,0,10,5.4,0,0,2026-09-30T17:00:00.088997,0.0,0.0,2.0,0.0
res-cls-01,Block A Classrooms (301-305),CLASSROOM,150,17,2,0,11,7.0,2,1,2026-09-30T17:00:00.088997,4.2,1.2,2.8,6.7
res-cls-02,Block B Classrooms (201-204),CLASSROOM,120,17,2,0,13,10.8,0,0,2026-09-30T17:00:00.088997,7.2,0.0,7.3,5.7
res-sac-01,Student Activity Center,ACTIVITY_CENTER,160,17,2,0,120,74.8,6,7,2026-09-30T17:00:00.088997,72.8,71.6,67.9,62.6
res-lib-01,Central Library,LIBRARY,200,18,2,0,133,66.5,11,4,2026-09-30T18:00:00.088997,63.8,68.0,51.2,45.4
res-lib-02,Digital Reading Hall,LIBRARY,120,18,2,0,28,22.9,0,4,2026-09-30T18:00:00.088997,19.0,20.4,3.9,25.2
res-lab-01,Computer Lab 1,COMPUTER_LAB,80,18,2,0,24,30.1,5,0,2026-09-30T18:00:00.088997,35.4,24.7,39.7,8.3
res-lab-02,Computer Lab 2,COMPUTER_LAB,75,18,2,0,17,23.2,6,0,2026-09-30T18:00:00.088997,18.4,21.2,6.1,17.5
res-lab-03,Computer Lab 3,COMPUTER_LAB,60,18,2,0,23,38.5,0,6,2026-09-30T18:00:00.088997,31.4,38.1,31.6,21.0
res-lab-ai,AI & Data Science Lab,RESEARCH_LAB,50,18,2,0,24,48.4,6,2,2026-09-30T18:00:00.088997,51.2,50.8,55.1,39.7
res-lab-res,Advanced Research Lab,RESEARCH_LAB,40,18,2,0,30,75.3,8,6,2026-09-30T18:00:00.088997,74.2,72.9,78.3,63.5
res-sr-01,Study Room A,STUDY_ROOM,24,18,2,0,15,64.5,6,11,2026-09-30T18:00:00.088997,56.2,63.9,52.9,41.9
res-sr-02,Study Room B,STUDY_ROOM,20,18,2,0,16,78.7,14,8,2026-09-30T18:00:00.088997,75.7,65.9,69.8,50.7
res-sr-03,Study Room C,STUDY_ROOM,20,18,2,0,9,46.6,5,0,2026-09-30T18:00:00.088997,50.2,34.2,37.0,41.0
res-can-01,Main Canteen,CANTEEN,250,18,2,0,38,15.2,0,0,2026-09-30T18:00:00.088997,17.5,2.7,10.5,8.3
res-sem-01,Dr. Kalam Seminar Hall,SEMINAR_HALL,180,18,2,0,9,5.0,0,0,2026-09-30T18:00:00.088997,0.0,0.0,0.0,0.0
res-cls-01,Block A Classrooms (301-305),CLASSROOM,150,18,2,0,17,11.2,2,0,2026-09-30T18:00:00.088997,4.1,10.8,16.9,0.0
res-cls-02,Block B Classrooms (201-204),CLASSROOM,120,18,2,0,13,11.0,3,1,2026-09-30T18:00:00.088997,8.0,2.2,20.9,0.2
res-sac-01,Student Activity Center,ACTIVITY_CENTER,160,18,2,0,130,81.6,10,5,2026-09-30T18:00:00.088997,79.8,74.6,70.5,73.4
res-lib-01,Central Library,LIBRARY,200,19,2,0,88,44.1,1,5,2026-09-30T19:00:00.088997,40.0,37.0,18.8,43.7
res-lib-02,Digital Reading Hall,LIBRARY,120,19,2,0,27,22.1,4,3,2026-09-30T19:00:00.088997,14.0,18.5,8.6,0.0
res-lab-01,Computer Lab 1,COMPUTER_LAB,80,19,2,0,30,37.0,9,8,2026-09-30T19:00:00.088997,37.5,31.8,27.1,14.1
res-lab-02,Computer Lab 2,COMPUTER_LAB,75,19,2,0,18,23.9,5,7,2026-09-30T19:00:00.088997,18.7,7.0,11.1,22.8
res-lab-03,Computer Lab 3,COMPUTER_LAB,60,19,2,0,14,23.3,6,6,2026-09-30T19:00:00.088997,17.9,13.4,3.4,3.3
res-lab-ai,AI & Data Science Lab,RESEARCH_LAB,50,19,2,0,17,33.7,8,4,2026-09-30T19:00:00.088997,30.6,22.3,24.6,24.1
res-lab-res,Advanced Research Lab,RESEARCH_LAB,40,19,2,0,22,56.2,9,4,2026-09-30T19:00:00.088997,57.6,51.1,50.8,35.7
res-sr-01,Study Room A,STUDY_ROOM,24,19,2,0,12,51.5,8,4,2026-09-30T19:00:00.088997,45.1,47.2,47.0,56.0
res-sr-02,Study Room B,STUDY_ROOM,20,19,2,0,14,69.7,8,5,2026-09-30T19:00:00.088997,66.8,61.5,66.2,70.2
res-sr-03,Study Room C,STUDY_ROOM,20,19,2,0,6,31.8,2,1,2026-09-30T19:00:00.088997,28.1,15.2,12.9,19.3
res-can-01,Main Canteen,CANTEEN,250,19,2,0,29,11.5,2,0,2026-09-30T19:00:00.088997,7.6,4.9,0.1,7.8
res-sem-01,Dr. Kalam Seminar Hall,SEMINAR_HALL,180,19,2,0,9,5.0,0,0,2026-09-30T19:00:00.088997,0.0,0.0,0.0,0.0
res-cls-01,Block A Classrooms (301-305),CLASSROOM,150,19,2,0,19,12.5,3,6,2026-09-30T19:00:00.088997,10.9,8.9,2.3,0.0
res-cls-02,Block B Classrooms (201-204),CLASSROOM,120,19,2,0,22,18.3,2,2,2026-09-30T19:00:00.088997,11.7,15.8,16.2,19.6
res-sac-01,Student Activity Center,ACTIVITY_CENTER,160,19,2,0,119,74.4,8,6,2026-09-30T19:00:00.088997,72.1,70.0,77.8,75.3
res-lib-01,Central Library,LIBRARY,200,20,2,0,56,28.0,9,0,2026-09-30T20:00:00.088997,24.2,22.9,14.0,4.9
res-lib-02,Digital Reading Hall,LIBRARY,120,20,2,0,16,13.1,0,3,2026-09-30T20:00:00.088997,14.2,3.6,7.1,17.4
res-lab-01,Computer Lab 1,COMPUTER_LAB,80,20,2,0,23,28.9,2,3,2026-09-30T20:00:00.088997,27.0,29.0,7.4,4.8
res-lab-02,Computer Lab 2,COMPUTER_LAB,75,20,2,0,21,27.7,0,5,2026-09-30T20:00:00.088997,27.5,27.2,15.5,21.8
res-lab-03,Computer Lab 3,COMPUTER_LAB,60,20,2,0,6,10.3,0,1,2026-09-30T20:00:00.088997,4.7,6.6,0.0,1.5
res-lab-ai,AI & Data Science Lab,RESEARCH_LAB,50,20,2,0,18,37.0,0,3,2026-09-30T20:00:00.088997,28.5,27.0,35.3,19.8
res-lab-res,Advanced Research Lab,RESEARCH_LAB,40,20,2,0,18,45.8,6,4,2026-09-30T20:00:00.088997,39.6,44.9,40.5,15.4
res-sr-01,Study Room A,STUDY_ROOM,24,20,2,0,7,27.9,0,0,2026-09-30T20:00:00.088997,24.7,16.6,12.5,32.6
res-sr-02,Study Room B,STUDY_ROOM,20,20,2,0,10,52.0,4,7,2026-09-30T20:00:00.088997,54.9,50.7,46.7,53.2
res-sr-03,Study Room C,STUDY_ROOM,20,20,2,0,4,18.1,0,1,2026-09-30T20:00:00.088997,13.9,20.0,4.9,0.0
res-can-01,Main Canteen,CANTEEN,250,20,2,0,35,14.1,2,7,2026-09-30T20:00:00.088997,8.7,6.0,16.2,0.0
res-sem-01,Dr. Kalam Seminar Hall,SEMINAR_HALL,180,20,2,0,19,10.3,0,2,2026-09-30T20:00:00.088997,0.9,5.5,0.0,21.4
res-cls-01,Block A Classrooms (301-305),CLASSROOM,150,20,2,0,9,5.7,0,2,2026-09-30T20:00:00.088997,1.3,4.9,0.0,0.0
res-cls-02,Block B Classrooms (201-204),CLASSROOM,120,20,2,0,12,9.9,0,2,2026-09-30T20:00:00.088997,11.4,8.2,7.7,0.0
res-sac-01,Student Activity Center,ACTIVITY_CENTER,160,20,2,0,88,55.2,5,9,2026-09-30T20:00:00.088997,50.8,36.4,38.1,35.2
res-lib-01,Central Library,LIBRARY,200,21,2,0,33,16.4,4,0,2026-09-30T21:00:00.088997,16.2,4.8,21.9,1.1
res-lib-02,Digital Reading Hall,LIBRARY,120,21,2,0,22,18.1,3,0,2026-09-30T21:00:00.088997,18.4,10.2,4.7,5.0
res-lab-01,Computer Lab 1,COMPUTER_LAB,80,21,2,0,25,30.6,3,4,2026-09-30T21:00:00.088997,19.4,32.2,30.0,0.0
res-lab-02,Computer Lab 2,COMPUTER_LAB,75,21,2,0,13,17.0,4,3,2026-09-30T21:00:00.088997,17.5,3.4,25.4,0.0
res-lab-03,Computer Lab 3,COMPUTER_LAB,60,21,2,0,10,16.0,2,6,2026-09-30T21:00:00.088997,14.5,13.5,7.3,0.0
res-lab-ai,AI & Data Science Lab,RESEARCH_LAB,50,21,2,0,10,20.7,2,0,2026-09-30T21:00:00.088997,20.1,16.6,13.8,0.0
res-lab-res,Advanced Research Lab,RESEARCH_LAB,40,21,2,0,10,24.1,4,0,2026-09-30T21:00:00.088997,30.4,17.9,4.1,3.0
res-sr-01,Study Room A,STUDY_ROOM,24,21,2,0,3,14.0,5,4,2026-09-30T21:00:00.088997,14.9,12.3,17.2,0.0
res-sr-02,Study Room B,STUDY_ROOM,20,21,2,0,6,28.5,0,2,2026-09-30T21:00:00.088997,28.3,5.0,14.9,18.5
res-sr-03,Study Room C,STUDY_ROOM,20,21,2,0,3,14.7,0,3,2026-09-30T21:00:00.088997,9.9,2.4,17.3,15.2
res-can-01,Main Canteen,CANTEEN,250,21,2,0,19,7.6,0,3,2026-09-30T21:00:00.088997,5.8,5.8,3.9,0.0
res-sem-01,Dr. Kalam Seminar Hall,SEMINAR_HALL,180,21,2,0,13,7.1,0,1,2026-09-30T21:00:00.088997,4.8,0.0,0.0,0.0
res-cls-01,Block A Classrooms (301-305),CLASSROOM,150,21,2,0,15,10.2,0,0,2026-09-30T21:00:00.088997,1.6,3.6,4.9,20.4
res-cls-02,Block B Classrooms (201-204),CLASSROOM,120,21,2,0,12,9.8,0,0,2026-09-30T21:00:00.088997,12.8,0.7,11.9,0.0
res-sac-01,Student Activity Center,ACTIVITY_CENTER,160,21,2,0,65,40.4,10,0,2026-09-30T21:00:00.088997,42.0,34.8,23.8,27.2
res-lib-01,Central Library,LIBRARY,200,8,3,0,64,31.8,7,0,2026-10-01T08:00:00.088997,30.7,42.4,39.6,41.5
res-lib-02,Digital Reading Hall,LIBRARY,120,8,3,0,16,13.7,0,0,2026-10-01T08:00:00.088997,9.1,11.2,13.4,14.6
res-lab-01,Computer Lab 1,COMPUTER_LAB,80,8,3,0,25,31.6,6,0,2026-10-01T08:00:00.088997,39.3,33.7,43.6,47.3
res-lab-02,Computer Lab 2,COMPUTER_LAB,75,8,3,0,16,21.4,1,0,2026-10-01T08:00:00.088997,24.9,25.6,22.7,32.8
res-lab-03,Computer Lab 3,COMPUTER_LAB,60,8,3,0,10,16.4,7,1,2026-10-01T08:00:00.088997,18.4,23.9,15.8,5.7
res-lab-ai,AI & Data Science Lab,RESEARCH_LAB,50,8,3,0,14,28.8,6,6,2026-10-01T08:00:00.088997,23.2,37.7,17.1,44.3
res-lab-res,Advanced Research Lab,RESEARCH_LAB,40,8,3,0,9,21.6,0,5,2026-10-01T08:00:00.088997,30.6,26.2,30.9,49.3
res-sr-01,Study Room A,STUDY_ROOM,24,8,3,0,4,15.5,0,0,2026-10-01T08:00:00.088997,17.6,20.7,18.5,21.9
res-sr-02,Study Room B,STUDY_ROOM,20,8,3,0,3,12.8,0,0,2026-10-01T08:00:00.088997,11.8,5.8,18.8,0.0
res-sr-03,Study Room C,STUDY_ROOM,20,8,3,0,4,18.0,0,1,2026-10-01T08:00:00.088997,18.5,21.5,37.4,11.8
res-can-01,Main Canteen,CANTEEN,250,8,3,0,12,5.0,0,0,2026-10-01T08:00:00.088997,8.4,14.3,3.0,22.2
res-sem-01,Dr. Kalam Seminar Hall,SEMINAR_HALL,180,8,3,0,9,5.0,0,0,2026-10-01T08:00:00.088997,7.5,9.9,3.1,0.0
res-cls-01,Block A Classrooms (301-305),CLASSROOM,150,8,3,0,54,35.8,2,6,2026-10-01T08:00:00.088997,35.6,48.6,35.2,63.5
res-cls-02,Block B Classrooms (201-204),CLASSROOM,120,8,3,0,13,10.7,2,0,2026-10-01T08:00:00.088997,15.6,20.3,15.8,0.0
res-sac-01,Student Activity Center,ACTIVITY_CENTER,160,8,3,0,17,10.5,0,2,2026-10-01T08:00:00.088997,10.7,12.9,13.4,38.2
res-lib-01,Central Library,LIBRARY,200,9,3,0,50,25.2,3,0,2026-10-01T09:00:00.088997,27.1,24.3,36.3,21.4
res-lib-02,Digital Reading Hall,LIBRARY,120,9,3,0,28,23.0,0,5,2026-10-01T09:00:00.088997,32.6,28.0,42.8,42.0
res-lab-01,Computer Lab 1,COMPUTER_LAB,80,9,3,0,23,29.3,3,4,2026-10-01T09:00:00.088997,33.7,35.3,38.8,39.3
res-lab-02,Computer Lab 2,COMPUTER_LAB,75,9,3,0,19,25.5,0,1,2026-10-01T09:00:00.088997,21.7,27.5,28.2,27.7
res-lab-03,Computer Lab 3,COMPUTER_LAB,60,9,3,0,6,10.8,2,0,2026-10-01T09:00:00.088997,11.1,7.3,16.1,34.5
res-lab-ai,AI & Data Science Lab,RESEARCH_LAB,50,9,3,0,17,34.6,5,2,2026-10-01T09:00:00.088997,38.9,35.6,39.9,35.7
res-lab-res,Advanced Research Lab,RESEARCH_LAB,40,9,3,0,9,23.6,5,2,2026-10-01T09:00:00.088997,32.6,31.1,34.8,36.6
res-sr-01,Study Room A,STUDY_ROOM,24,9,3,0,4,15.0,0,1,2026-10-01T09:00:00.088997,16.8,23.5,16.9,25.8
res-sr-02,Study Room B,STUDY_ROOM,20,9,3,0,3,15.4,2,1,2026-10-01T09:00:00.088997,11.7,6.8,14.9,19.0
res-sr-03,Study Room C,STUDY_ROOM,20,9,3,0,2,10.3,1,4,2026-10-01T09:00:00.088997,15.2,18.1,27.2,9.2
res-can-01,Main Canteen,CANTEEN,250,9,3,0,20,8.2,2,0,2026-10-01T09:00:00.088997,8.5,24.3,17.0,39.3
res-sem-01,Dr. Kalam Seminar Hall,SEMINAR_HALL,180,9,3,0,9,5.0,0,1,2026-10-01T09:00:00.088997,7.4,0.0,10.9,44.7
res-cls-01,Block A Classrooms (301-305),CLASSROOM,150,9,3,0,80,53.0,8,3,2026-10-01T09:00:00.088997,56.0,57.9,71.1,76.1
res-cls-02,Block B Classrooms (201-204),CLASSROOM,120,9,3,0,28,23.4,3,0,2026-10-01T09:00:00.088997,18.6,28.9,39.3,49.4
res-sac-01,Student Activity Center,ACTIVITY_CENTER,160,9,3,0,18,11.4,0,3,2026-10-01T09:00:00.088997,10.2,7.0,15.0,15.3
res-lib-01,Central Library,LIBRARY,200,10,3,0,61,30.3,6,0,2026-10-01T10:00:00.088997,37.9,36.0,47.8,56.2
res-lib-02,Digital Reading Hall,LIBRARY,120,10,3,0,37,30.7,5,1,2026-10-01T10:00:00.088997,36.5,36.3,47.4,59.0
res-lab-01,Computer Lab 1,COMPUTER_LAB,80,10,3,0,39,49.0,5,4,2026-10-01T10:00:00.088997,39.2,49.7,65.4,70.6
res-lab-02,Computer Lab 2,COMPUTER_LAB,75,10,3,0,25,33.9,4,2,2026-10-01T10:00:00.088997,38.6,52.1,48.2,35.8
res-lab-03,Computer Lab 3,COMPUTER_LAB,60,10,3,0,9,14.7,5,0,2026-10-01T10:00:00.088997,14.2,23.9,34.3,32.0
res-lab-ai,AI & Data Science Lab,RESEARCH_LAB,50,10,3,0,14,27.6,4,4,2026-10-01T10:00:00.088997,31.0,32.0,36.1,26.7
res-lab-res,Advanced Research Lab,RESEARCH_LAB,40,10,3,0,12,29.9,4,4,2026-10-01T10:00:00.088997,31.0,40.0,26.2,19.0
res-sr-01,Study Room A,STUDY_ROOM,24,10,3,0,5,19.9,8,5,2026-10-01T10:00:00.088997,18.6,28.0,22.2,35.0
res-sr-02,Study Room B,STUDY_ROOM,20,10,3,0,3,17.0,4,0,2026-10-01T10:00:00.088997,14.0,21.6,15.7,13.7
res-sr-03,Study Room C,STUDY_ROOM,20,10,3,0,3,16.1,0,8,2026-10-01T10:00:00.088997,16.0,19.5,26.8,8.0
res-can-01,Main Canteen,CANTEEN,250,10,3,0,87,34.8,5,2,2026-10-01T10:00:00.088997,37.9,42.4,55.7,74.8
res-sem-01,Dr. Kalam Seminar Hall,SEMINAR_HALL,180,10,3,0,42,23.5,0,2,2026-10-01T10:00:00.088997,17.2,32.4,32.6,37.9
res-cls-01,Block A Classrooms (301-305),CLASSROOM,150,10,3,0,98,65.7,8,7,2026-10-01T10:00:00.088997,68.5,62.6,75.2,97.9
res-cls-02,Block B Classrooms (201-204),CLASSROOM,120,10,3,0,53,43.8,5,9,2026-10-01T10:00:00.088997,42.9,54.2,47.1,66.9
res-sac-01,Student Activity Center,ACTIVITY_CENTER,160,10,3,0,29,18.2,0,1,2026-10-01T10:00:00.088997,24.1,12.1,22.2,35.6
res-lib-01,Central Library,LIBRARY,200,11,3,0,48,23.8,3,0,2026-10-01T11:00:00.088997,22.3,32.8,25.0,18.1
res-lib-02,Digital Reading Hall,LIBRARY,120,11,3,0,69,57.1,8,2,2026-10-01T11:00:00.088997,59.7,55.8,63.8,69.2
res-lab-01,Computer Lab 1,COMPUTER_LAB,80,11,3,0,52,64.6,9,9,2026-10-01T11:00:00.088997,67.7,72.1,59.6,91.0
res-lab-02,Computer Lab 2,COMPUTER_LAB,75,11,3,0,43,57.5,4,6,2026-10-01T11:00:00.088997,62.5,65.6,55.8,76.6
res-lab-03,Computer Lab 3,COMPUTER_LAB,60,11,3,0,9,14.8,3,0,2026-10-01T11:00:00.088997,20.9,20.9,33.5,6.3
res-lab-ai,AI & Data Science Lab,RESEARCH_LAB,50,11,3,0,12,24.4,2,6,2026-10-01T11:00:00.088997,34.2,24.1,32.9,36.3
res-lab-res,Advanced Research Lab,RESEARCH_LAB,40,11,3,0,9,22.9,5,0,2026-10-01T11:00:00.088997,25.1,15.8,38.2,28.8
res-sr-01,Study Room A,STUDY_ROOM,24,11,3,0,4,15.2,2,0,2026-10-01T11:00:00.088997,22.2,14.8,43.2,35.4
res-sr-02,Study Room B,STUDY_ROOM,20,11,3,0,4,20.2,0,7,2026-10-01T11:00:00.088997,17.3,23.9,39.9,36.2
res-sr-03,Study Room C,STUDY_ROOM,20,11,3,0,2,10.0,4,2,2026-10-01T11:00:00.088997,10.4,5.8,22.0,18.1
res-can-01,Main Canteen,CANTEEN,250,11,3,0,132,52.6,1,4,2026-10-01T11:00:00.088997,56.6,68.9,58.8,80.0
res-sem-01,Dr. Kalam Seminar Hall,SEMINAR_HALL,180,11,3,0,90,50.2,6,1,2026-10-01T11:00:00.088997,48.3,58.9,53.4,52.8
res-cls-01,Block A Classrooms (301-305),CLASSROOM,150,11,3,0,111,74.3,8,10,2026-10-01T11:00:00.088997,74.3,84.1,86.2,64.2
res-cls-02,Block B Classrooms (201-204),CLASSROOM,120,11,3,0,74,61.3,0,3,2026-10-01T11:00:00.088997,65.1,66.2,53.3,57.8
res-sac-01,Student Activity Center,ACTIVITY_CENTER,160,11,3,0,8,5.0,0,2,2026-10-01T11:00:00.088997,4.8,11.0,13.1,15.4
res-lib-01,Central Library,LIBRARY,200,12,3,0,58,29.1,2,5,2026-10-01T12:00:00.088997,21.2,40.8,25.5,4.2
res-lib-02,Digital Reading Hall,LIBRARY,120,12,3,0,81,67.3,11,4,2026-10-01T12:00:00.088997,66.6,66.5,77.6,64.2
res-lab-01,Computer Lab 1,COMPUTER_LAB,80,12,3,0,74,91.9,18,11,2026-10-01T12:00:00.088997,95.4,89.6,100.0,82.5
res-lab-02,Computer Lab 2,COMPUTER_LAB,75,12,3,0,55,73.9,10,5,2026-10-01T12:00:00.088997,66.6,82.3,94.0,68.6
res-lab-03,Computer Lab 3,COMPUTER_LAB,60,12,3,0,23,37.8,4,4,2026-10-01T12:00:00.088997,40.3,42.4,46.0,44.4
res-lab-ai,AI & Data Science Lab,RESEARCH_LAB,50,12,3,0,27,54.7,6,7,2026-10-01T12:00:00.088997,59.3,65.3,55.9,36.9
res-lab-res,Advanced Research Lab,RESEARCH_LAB,40,12,3,0,7,16.7,4,3,2026-10-01T12:00:00.088997,13.7,24.1,37.1,1.9
res-sr-01,Study Room A,STUDY_ROOM,24,12,3,0,5,21.3,4,0,2026-10-01T12:00:00.088997,23.9,33.9,23.9,19.2
res-sr-02,Study Room B,STUDY_ROOM,20,12,3,0,3,15.1,0,1,2026-10-01T12:00:00.088997,15.0,14.8,20.8,3.9
res-sr-03,Study Room C,STUDY_ROOM,20,12,3,0,5,26.1,2,3,2026-10-01T12:00:00.088997,30.3,24.3,31.9,0.0
res-can-01,Main Canteen,CANTEEN,250,12,3,0,166,66.2,8,8,2026-10-01T12:00:00.088997,68.8,74.5,74.8,46.1
res-sem-01,Dr. Kalam Seminar Hall,SEMINAR_HALL,180,12,3,0,103,57.4,6,3,2026-10-01T12:00:00.088997,58.9,59.5,69.2,46.0
res-cls-01,Block A Classrooms (301-305),CLASSROOM,150,12,3,0,103,68.7,9,6,2026-10-01T12:00:00.088997,70.2,76.7,98.7,44.8
res-cls-02,Block B Classrooms (201-204),CLASSROOM,120,12,3,0,87,72.3,5,7,2026-10-01T12:00:00.088997,71.6,76.6,81.7,54.4
res-sac-01,Student Activity Center,ACTIVITY_CENTER,160,12,3,0,13,7.9,5,3,2026-10-01T12:00:00.088997,9.3,7.5,16.6,0.2
res-lib-01,Central Library,LIBRARY,200,13,3,0,102,50.9,8,8,2026-10-01T13:00:00.088997,45.9,54.0,51.8,27.8
res-lib-02,Digital Reading Hall,LIBRARY,120,13,3,0,104,87.0,15,12,2026-10-01T13:00:00.088997,91.7,89.3,81.5,58.9
res-lab-01,Computer Lab 1,COMPUTER_LAB,80,13,3,0,75,94.0,9,9,2026-10-01T13:00:00.088997,94.4,100.0,93.9,73.5
res-lab-02,Computer Lab 2,COMPUTER_LAB,75,13,3,0,66,87.7,9,9,2026-10-01T13:00:00.088997,92.5,98.2,85.8,80.7
res-lab-03,Computer Lab 3,COMPUTER_LAB,60,13,3,0,31,51.3,2,2,2026-10-01T13:00:00.088997,54.8,48.6,46.4,42.5
res-lab-ai,AI & Data Science Lab,RESEARCH_LAB,50,13,3,0,32,64.3,4,9,2026-10-01T13:00:00.088997,69.1,64.2,47.0,22.9
res-lab-res,Advanced Research Lab,RESEARCH_LAB,40,13,3,0,10,25.9,3,8,2026-10-01T13:00:00.088997,27.1,32.6,25.9,33.6
res-sr-01,Study Room A,STUDY_ROOM,24,13,3,0,8,33.8,4,3,2026-10-01T13:00:00.088997,31.6,36.5,26.3,38.4
res-sr-02,Study Room B,STUDY_ROOM,20,13,3,0,3,13.3,4,1,2026-10-01T13:00:00.088997,20.3,22.3,10.8,13.0
res-sr-03,Study Room C,STUDY_ROOM,20,13,3,0,10,51.2,9,11,2026-10-01T13:00:00.088997,59.7,59.0,39.2,43.6
res-can-01,Main Canteen,CANTEEN,250,13,3,0,168,67.3,10,3,2026-10-01T13:00:00.088997,73.8,84.2,46.2,54.7
res-sem-01,Dr. Kalam Seminar Hall,SEMINAR_HALL,180,13,3,0,118,65.7,2,6,2026-10-01T13:00:00.088997,70.3,75.3,59.1,33.8
res-cls-01,Block A Classrooms (301-305),CLASSROOM,150,13,3,0,79,52.5,1,0,2026-10-01T13:00:00.088997,50.5,63.8,49.4,44.4
res-cls-02,Block B Classrooms (201-204),CLASSROOM,120,13,3,0,82,68.7,7,2,2026-10-01T13:00:00.088997,76.1,86.9,65.7,65.5
res-sac-01,Student Activity Center,ACTIVITY_CENTER,160,13,3,0,23,14.4,0,0,2026-10-01T13:00:00.088997,14.5,17.1,0.8,2.9
res-lib-01,Central Library,LIBRARY,200,14,3,0,127,63.6,14,2,2026-10-01T14:00:00.088997,65.2,57.0,59.8,57.7
res-lib-02,Digital Reading Hall,LIBRARY,120,14,3,0,99,82.8,6,7,2026-10-01T14:00:00.088997,81.4,78.4,65.5,86.3
res-lab-01,Computer Lab 1,COMPUTER_LAB,80,14,3,0,70,87.2,9,5,2026-10-01T14:00:00.088997,85.9,88.3,66.5,100.0
res-lab-02,Computer Lab 2,COMPUTER_LAB,75,14,3,0,66,87.9,11,4,2026-10-01T14:00:00.088997,85.7,88.8,81.8,77.6
res-lab-03,Computer Lab 3,COMPUTER_LAB,60,14,3,0,43,71.7,4,3,2026-10-01T14:00:00.088997,74.3,72.0,72.9,49.8
res-lab-ai,AI & Data Science Lab,RESEARCH_LAB,50,14,3,0,43,86.2,14,4,2026-10-01T14:00:00.088997,88.8,77.7,70.5,73.9
res-lab-res,Advanced Research Lab,RESEARCH_LAB,40,14,3,0,15,38.3,0,4,2026-10-01T14:00:00.088997,38.5,40.6,35.8,49.9
res-sr-01,Study Room A,STUDY_ROOM,24,14,3,0,14,58.3,9,7,2026-10-01T14:00:00.088997,61.2,40.0,46.0,24.0
res-sr-02,Study Room B,STUDY_ROOM,20,14,3,0,6,29.5,1,12,2026-10-01T14:00:00.088997,25.4,25.1,17.8,11.6
res-sr-03,Study Room C,STUDY_ROOM,20,14,3,0,12,60.1,3,0,2026-10-01T14:00:00.088997,60.3,52.5,69.5,33.2
res-can-01,Main Canteen,CANTEEN,250,14,3,0,182,72.8,13,11,2026-10-01T14:00:00.088997,71.7,65.8,76.3,51.3
res-sem-01,Dr. Kalam Seminar Hall,SEMINAR_HALL,180,14,3,0,113,63.0,7,3,2026-10-01T14:00:00.088997,62.1,62.4,46.6,56.5
res-cls-01,Block A Classrooms (301-305),CLASSROOM,150,14,3,0,36,23.9,0,1,2026-10-01T14:00:00.088997,23.3,24.1,16.6,18.7
res-cls-02,Block B Classrooms (201-204),CLASSROOM,120,14,3,0,71,59.4,8,6,2026-10-01T14:00:00.088997,55.4,52.3,56.8,69.2
res-sac-01,Student Activity Center,ACTIVITY_CENTER,160,14,3,0,32,19.8,0,0,2026-10-01T14:00:00.088997,15.7,15.4,12.3,22.7
res-lib-01,Central Library,LIBRARY,200,15,3,0,174,87.1,10,8,2026-10-01T15:00:00.088997,87.1,88.4,84.0,69.9
res-lib-02,Digital Reading Hall,LIBRARY,120,15,3,0,81,67.6,4,7,2026-10-01T15:00:00.088997,68.1,67.0,70.0,73.4
res-lab-01,Computer Lab 1,COMPUTER_LAB,80,15,3,0,64,79.6,10,9,2026-10-01T15:00:00.088997,77.3,69.6,84.6,60.5
res-lab-02,Computer Lab 2,COMPUTER_LAB,75,15,3,0,50,66.3,8,5,2026-10-01T15:00:00.088997,71.7,64.2,55.6,51.9
res-lab-03,Computer Lab 3,COMPUTER_LAB,60,15,3,0,47,79.2,16,9,2026-10-01T15:00:00.088997,71.5,72.7,71.0,53.9
res-lab-ai,AI & Data Science Lab,RESEARCH_LAB,50,15,3,0,44,87.9,12,6,2026-10-01T15:00:00.088997,90.9,82.9,75.6,46.9
res-lab-res,Advanced Research Lab,RESEARCH_LAB,40,15,3,0,27,66.9,8,5,2026-10-01T15:00:00.088997,61.3,71.5,49.3,50.5
res-sr-01,Study Room A,STUDY_ROOM,24,15,3,0,17,72.4,13,6,2026-10-01T15:00:00.088997,67.4,66.7,72.5,73.9
res-sr-02,Study Room B,STUDY_ROOM,20,15,3,0,8,42.4,5,0,2026-10-01T15:00:00.088997,43.9,39.9,26.1,48.8
res-sr-03,Study Room C,STUDY_ROOM,20,15,3,0,16,78.5,10,7,2026-10-01T15:00:00.088997,76.4,71.2,63.8,81.2
res-can-01,Main Canteen,CANTEEN,250,15,3,0,125,50.0,4,4,2026-10-01T15:00:00.088997,53.7,51.8,38.5,52.8
res-sem-01,Dr. Kalam Seminar Hall,SEMINAR_HALL,180,15,3,0,85,47.5,3,3,2026-10-01T15:00:00.088997,50.9,54.9,42.3,28.7
res-cls-01,Block A Classrooms (301-305),CLASSROOM,150,15,3,0,14,9.5,0,0,2026-10-01T15:00:00.088997,4.6,4.0,2.6,0.0
res-cls-02,Block B Classrooms (201-204),CLASSROOM,120,15,3,0,50,42.0,7,3,2026-10-01T15:00:00.088997,39.3,35.9,47.9,24.1
res-sac-01,Student Activity Center,ACTIVITY_CENTER,160,15,3,0,64,40.2,2,5,2026-10-01T15:00:00.088997,40.4,41.7,28.7,14.8
res-lib-01,Central Library,LIBRARY,200,16,3,0,174,86.9,13,14,2026-10-01T16:00:00.088997,88.2,74.3,86.1,63.5
res-lib-02,Digital Reading Hall,LIBRARY,120,16,3,0,62,51.5,6,6,2026-10-01T16:00:00.088997,49.7,42.9,53.0,33.2
res-lab-01,Computer Lab 1,COMPUTER_LAB,80,16,3,0,58,72.9,4,7,2026-10-01T16:00:00.088997,66.0,62.9,60.3,79.1
res-lab-02,Computer Lab 2,COMPUTER_LAB,75,16,3,0,47,63.1,10,6,2026-10-01T16:00:00.088997,61.9,65.7,61.4,51.3
res-lab-03,Computer Lab 3,COMPUTER_LAB,60,16,3,0,47,77.8,11,8,2026-10-01T16:00:00.088997,74.0,69.5,66.8,71.3
res-lab-ai,AI & Data Science Lab,RESEARCH_LAB,50,16,3,0,45,90.2,6,3,2026-10-01T16:00:00.088997,84.4,82.8,93.0,74.9
res-lab-res,Advanced Research Lab,RESEARCH_LAB,40,16,3,0,31,77.9,10,4,2026-10-01T16:00:00.088997,81.7,68.9,83.9,64.4
res-sr-01,Study Room A,STUDY_ROOM,24,16,3,0,19,80.8,6,8,2026-10-01T16:00:00.088997,87.8,78.3,75.2,60.8
res-sr-02,Study Room B,STUDY_ROOM,20,16,3,0,13,67.4,8,6,2026-10-01T16:00:00.088997,67.4,51.5,58.5,41.1
res-sr-03,Study Room C,STUDY_ROOM,20,16,3,0,15,77.2,7,5,2026-10-01T16:00:00.088997,69.9,78.9,63.1,57.8
res-can-01,Main Canteen,CANTEEN,250,16,3,0,97,38.9,6,0,2026-10-01T16:00:00.088997,42.4,43.8,44.9,34.9
res-sem-01,Dr. Kalam Seminar Hall,SEMINAR_HALL,180,16,3,0,42,23.4,2,0,2026-10-01T16:00:00.088997,17.9,11.7,9.7,13.3
res-cls-01,Block A Classrooms (301-305),CLASSROOM,150,16,3,0,12,8.2,0,0,2026-10-01T16:00:00.088997,12.2,16.2,0.0,0.3
res-cls-02,Block B Classrooms (201-204),CLASSROOM,120,16,3,0,22,18.4,4,0,2026-10-01T16:00:00.088997,13.6,25.4,0.0,0.0
res-sac-01,Student Activity Center,ACTIVITY_CENTER,160,16,3,0,96,60.0,6,4,2026-10-01T16:00:00.088997,68.9,59.3,51.4,39.5
res-lib-01,Central Library,LIBRARY,200,17,3,0,167,83.7,4,6,2026-10-01T17:00:00.088997,81.5,79.9,74.4,63.3
res-lib-02,Digital Reading Hall,LIBRARY,120,17,3,0,43,35.5,0,2,2026-10-01T17:00:00.088997,31.4,36.6,23.4,28.7
res-lab-01,Computer Lab 1,COMPUTER_LAB,80,17,3,0,39,48.1,0,4,2026-10-01T17:00:00.088997,39.2,45.2,33.6,50.4
res-lab-02,Computer Lab 2,COMPUTER_LAB,75,17,3,0,27,36.1,2,7,2026-10-01T17:00:00.088997,30.6,36.4,32.3,19.7
res-lab-03,Computer Lab 3,COMPUTER_LAB,60,17,3,0,31,51.7,9,6,2026-10-01T17:00:00.088997,46.6,48.1,52.7,41.0
res-lab-ai,AI & Data Science Lab,RESEARCH_LAB,50,17,3,0,36,73.0,11,11,2026-10-01T17:00:00.088997,70.5,59.9,53.2,52.7
res-lab-res,Advanced Research Lab,RESEARCH_LAB,40,17,3,0,33,81.3,4,13,2026-10-01T17:00:00.088997,81.4,73.1,73.0,47.8
res-sr-01,Study Room A,STUDY_ROOM,24,17,3,0,21,86.8,4,10,2026-10-01T17:00:00.088997,77.4,79.3,89.9,55.1
res-sr-02,Study Room B,STUDY_ROOM,20,17,3,0,15,76.5,11,9,2026-10-01T17:00:00.088997,74.8,74.5,63.0,87.7
res-sr-03,Study Room C,STUDY_ROOM,20,17,3,0,12,58.6,10,6,2026-10-01T17:00:00.088997,59.1,58.4,55.6,36.9
res-can-01,Main Canteen,CANTEEN,250,17,3,0,22,8.9,0,0,2026-10-01T17:00:00.088997,8.1,7.5,4.4,0.0
res-sem-01,Dr. Kalam Seminar Hall,SEMINAR_HALL,180,17,3,0,9,5.0,0,0,2026-10-01T17:00:00.088997,0.0,0.0,9.7,0.0
res-cls-01,Block A Classrooms (301-305),CLASSROOM,150,17,3,0,8,5.5,0,1,2026-10-01T17:00:00.088997,8.4,0.0,0.0,0.0
res-cls-02,Block B Classrooms (201-204),CLASSROOM,120,17,3,0,13,10.8,4,6,2026-10-01T17:00:00.088997,4.0,6.6,0.0,0.0
res-sac-01,Student Activity Center,ACTIVITY_CENTER,160,17,3,0,109,67.9,7,4,2026-10-01T17:00:00.088997,75.9,60.2,68.8,48.0
res-lib-01,Central Library,LIBRARY,200,18,3,0,152,76.0,10,10,2026-10-01T18:00:00.088997,71.6,76.8,71.0,59.4
res-lib-02,Digital Reading Hall,LIBRARY,120,18,3,0,19,15.7,1,0,2026-10-01T18:00:00.088997,17.2,9.3,0.0,11.4
res-lab-01,Computer Lab 1,COMPUTER_LAB,80,18,3,0,32,40.2,0,9,2026-10-01T18:00:00.088997,43.8,31.4,22.1,40.8
res-lab-02,Computer Lab 2,COMPUTER_LAB,75,18,3,0,15,19.5,0,0,2026-10-01T18:00:00.088997,17.5,23.3,14.9,19.7
res-lab-03,Computer Lab 3,COMPUTER_LAB,60,18,3,0,22,36.4,4,0,2026-10-01T18:00:00.088997,34.0,26.9,26.9,21.6
res-lab-ai,AI & Data Science Lab,RESEARCH_LAB,50,18,3,0,26,51.5,12,10,2026-10-01T18:00:00.088997,55.2,57.3,56.3,39.3
res-lab-res,Advanced Research Lab,RESEARCH_LAB,40,18,3,0,31,76.4,9,7,2026-10-01T18:00:00.088997,70.2,73.2,54.3,66.0
res-sr-01,Study Room A,STUDY_ROOM,24,18,3,0,16,66.1,7,7,2026-10-01T18:00:00.088997,62.7,51.3,47.4,59.6
res-sr-02,Study Room B,STUDY_ROOM,20,18,3,0,15,74.9,10,7,2026-10-01T18:00:00.088997,72.1,72.0,60.8,67.7
res-sr-03,Study Room C,STUDY_ROOM,20,18,3,0,9,46.2,13,1,2026-10-01T18:00:00.088997,42.8,39.3,26.0,42.9
res-can-01,Main Canteen,CANTEEN,250,18,3,0,21,8.3,0,2,2026-10-01T18:00:00.088997,3.7,2.7,6.4,0.0
res-sem-01,Dr. Kalam Seminar Hall,SEMINAR_HALL,180,18,3,0,9,5.0,7,0,2026-10-01T18:00:00.088997,0.0,0.0,13.1,0.0
res-cls-01,Block A Classrooms (301-305),CLASSROOM,150,18,3,0,16,11.0,0,2,2026-10-01T18:00:00.088997,8.9,7.5,14.5,4.2
res-cls-02,Block B Classrooms (201-204),CLASSROOM,120,18,3,0,8,7.1,1,7,2026-10-01T18:00:00.088997,7.3,3.0,0.0,3.8
res-sac-01,Student Activity Center,ACTIVITY_CENTER,160,18,3,0,134,83.5,10,8,2026-10-01T18:00:00.088997,92.8,83.6,86.6,72.3
res-lib-01,Central Library,LIBRARY,200,19,3,0,95,47.3,7,4,2026-10-01T19:00:00.088997,45.1,45.0,34.6,37.9
res-lib-02,Digital Reading Hall,LIBRARY,120,19,3,0,24,20.3,5,0,2026-10-01T19:00:00.088997,10.3,13.5,15.9,19.9
res-lab-01,Computer Lab 1,COMPUTER_LAB,80,19,3,0,26,32.2,5,6,2026-10-01T19:00:00.088997,33.2,22.5,18.1,25.4
res-lab-02,Computer Lab 2,COMPUTER_LAB,75,19,3,0,24,31.5,3,2,2026-10-01T19:00:00.088997,24.0,24.3,17.1,19.8
res-lab-03,Computer Lab 3,COMPUTER_LAB,60,19,3,0,5,8.9,0,0,2026-10-01T19:00:00.088997,10.7,0.0,0.0,0.3
res-lab-ai,AI & Data Science Lab,RESEARCH_LAB,50,19,3,0,14,28.2,10,5,2026-10-01T19:00:00.088997,26.3,25.4,0.0,31.0
res-lab-res,Advanced Research Lab,RESEARCH_LAB,40,19,3,0,26,64.1,7,8,2026-10-01T19:00:00.088997,64.8,56.6,59.5,64.7
res-sr-01,Study Room A,STUDY_ROOM,24,19,3,0,13,54.7,5,6,2026-10-01T19:00:00.088997,58.2,54.4,36.2,49.7
res-sr-02,Study Room B,STUDY_ROOM,20,19,3,0,13,66.9,11,6,2026-10-01T19:00:00.088997,63.4,53.7,52.6,69.4
res-sr-03,Study Room C,STUDY_ROOM,20,19,3,0,6,27.6,3,6,2026-10-01T19:00:00.088997,29.9,18.2,30.4,0.0
res-can-01,Main Canteen,CANTEEN,250,19,3,0,30,11.8,2,4,2026-10-01T19:00:00.088997,11.4,5.4,2.3,32.2
res-sem-01,Dr. Kalam Seminar Hall,SEMINAR_HALL,180,19,3,0,10,5.3,2,0,2026-10-01T19:00:00.088997,0.0,3.4,0.0,0.0
res-cls-01,Block A Classrooms (301-305),CLASSROOM,150,19,3,0,11,7.1,0,0,2026-10-01T19:00:00.088997,11.2,4.1,0.0,4.4
res-cls-02,Block B Classrooms (201-204),CLASSROOM,120,19,3,0,16,13.3,0,4,2026-10-01T19:00:00.088997,15.3,13.4,0.0,0.0
res-sac-01,Student Activity Center,ACTIVITY_CENTER,160,19,3,0,104,65.1,5,5,2026-10-01T19:00:00.088997,62.0,59.8,72.7,49.0
res-lib-01,Central Library,LIBRARY,200,20,3,0,50,24.8,0,9,2026-10-01T20:00:00.088997,17.5,15.6,23.1,15.8
res-lib-02,Digital Reading Hall,LIBRARY,120,20,3,0,32,26.6,5,2,2026-10-01T20:00:00.088997,28.7,28.5,12.6,26.1
res-lab-01,Computer Lab 1,COMPUTER_LAB,80,20,3,0,27,34.1,3,3,2026-10-01T20:00:00.088997,30.6,26.5,35.0,3.8
res-lab-02,Computer Lab 2,COMPUTER_LAB,75,20,3,0,16,20.8,4,1,2026-10-01T20:00:00.088997,22.7,17.9,0.8,9.5
res-lab-03,Computer Lab 3,COMPUTER_LAB,60,20,3,0,10,17.1,2,0,2026-10-01T20:00:00.088997,14.0,8.8,0.0,0.0
res-lab-ai,AI & Data Science Lab,RESEARCH_LAB,50,20,3,0,16,31.6,1,4,2026-10-01T20:00:00.088997,27.2,18.7,19.9,44.7
res-lab-res,Advanced Research Lab,RESEARCH_LAB,40,20,3,0,17,42.4,7,4,2026-10-01T20:00:00.088997,34.8,46.1,32.2,14.7
res-sr-01,Study Room A,STUDY_ROOM,24,20,3,0,7,29.7,2,5,2026-10-01T20:00:00.088997,25.0,40.5,13.3,25.1
res-sr-02,Study Room B,STUDY_ROOM,20,20,3,0,8,40.0,4,5,2026-10-01T20:00:00.088997,33.5,44.0,35.9,24.2
res-sr-03,Study Room C,STUDY_ROOM,20,20,3,0,3,16.7,0,5,2026-10-01T20:00:00.088997,18.8,13.9,14.2,0.0
res-can-01,Main Canteen,CANTEEN,250,20,3,0,40,15.9,1,4,2026-10-01T20:00:00.088997,16.9,16.9,0.0,0.0
res-sem-01,Dr. Kalam Seminar Hall,SEMINAR_HALL,180,20,3,0,25,14.0,0,0,2026-10-01T20:00:00.088997,12.2,9.3,1.1,9.4
res-cls-01,Block A Classrooms (301-305),CLASSROOM,150,20,3,0,20,13.6,1,0,2026-10-01T20:00:00.088997,11.5,5.6,0.0,5.2
res-cls-02,Block B Classrooms (201-204),CLASSROOM,120,20,3,0,16,13.1,1,0,2026-10-01T20:00:00.088997,8.8,13.5,0.0,9.4
res-sac-01,Student Activity Center,ACTIVITY_CENTER,160,20,3,0,88,55.2,6,3,2026-10-01T20:00:00.088997,48.7,58.8,54.6,51.0
res-lib-01,Central Library,LIBRARY,200,21,3,0,57,28.6,4,5,2026-10-01T21:00:00.088997,24.0,31.9,32.2,21.2
res-lib-02,Digital Reading Hall,LIBRARY,120,21,3,0,23,18.8,0,2,2026-10-01T21:00:00.088997,23.6,6.9,20.0,1.2
res-lab-01,Computer Lab 1,COMPUTER_LAB,80,21,3,0,27,33.5,0,1,2026-10-01T21:00:00.088997,34.0,33.1,27.6,15.4
res-lab-02,Computer Lab 2,COMPUTER_LAB,75,21,3,0,15,20.6,2,0,2026-10-01T21:00:00.088997,19.4,13.7,9.9,10.5
res-lab-03,Computer Lab 3,COMPUTER_LAB,60,21,3,0,10,16.4,5,0,2026-10-01T21:00:00.088997,16.6,22.2,13.6,18.4
res-lab-ai,AI & Data Science Lab,RESEARCH_LAB,50,21,3,0,14,27.5,1,2,2026-10-01T21:00:00.088997,25.3,28.9,13.0,14.5
res-lab-res,Advanced Research Lab,RESEARCH_LAB,40,21,3,0,10,24.3,3,2,2026-10-01T21:00:00.088997,23.3,12.5,6.0,0.0
res-sr-01,Study Room A,STUDY_ROOM,24,21,3,0,5,20.8,5,4,2026-10-01T21:00:00.088997,23.4,24.6,14.1,8.1
res-sr-02,Study Room B,STUDY_ROOM,20,21,3,0,7,32.7,1,0,2026-10-01T21:00:00.088997,29.3,25.0,25.1,10.5
res-sr-03,Study Room C,STUDY_ROOM,20,21,3,0,3,16.5,0,5,2026-10-01T21:00:00.088997,9.7,10.6,5.5,7.2
res-can-01,Main Canteen,CANTEEN,250,21,3,0,34,13.7,2,0,2026-10-01T21:00:00.088997,14.5,13.8,8.1,6.4
res-sem-01,Dr. Kalam Seminar Hall,SEMINAR_HALL,180,21,3,0,14,7.6,0,0,2026-10-01T21:00:00.088997,7.1,0.8,0.0,0.1
res-cls-01,Block A Classrooms (301-305),CLASSROOM,150,21,3,0,17,11.6,2,0,2026-10-01T21:00:00.088997,3.9,11.4,0.0,0.0
res-cls-02,Block B Classrooms (201-204),CLASSROOM,120,21,3,0,8,6.4,4,1,2026-10-01T21:00:00.088997,5.8,5.5,0.0,6.5
res-sac-01,Student Activity Center,ACTIVITY_CENTER,160,21,3,0,53,33.0,0,0,2026-10-01T21:00:00.088997,32.7,31.0,20.7,18.2
res-lib-01,Central Library,LIBRARY,200,8,4,0,60,30.1,1,3,2026-10-02T08:00:00.088997,29.3,41.6,43.7,23.3
res-lib-02,Digital Reading Hall,LIBRARY,120,8,4,0,23,19.0,0,4,2026-10-02T08:00:00.088997,29.1,10.9,14.1,31.0
res-lab-01,Computer Lab 1,COMPUTER_LAB,80,8,4,0,28,34.9,2,0,2026-10-02T08:00:00.088997,38.2,45.3,68.5,60.6
res-lab-02,Computer Lab 2,COMPUTER_LAB,75,8,4,0,15,19.8,2,3,2026-10-02T08:00:00.088997,19.1,29.5,34.1,44.7
res-lab-03,Computer Lab 3,COMPUTER_LAB,60,8,4,0,11,18.2,3,0,2026-10-02T08:00:00.088997,15.0,24.5,22.6,24.5
res-lab-ai,AI & Data Science Lab,RESEARCH_LAB,50,8,4,0,17,34.5,8,0,2026-10-02T08:00:00.088997,35.6,36.9,45.3,17.3
res-lab-res,Advanced Research Lab,RESEARCH_LAB,40,8,4,0,6,14.2,1,3,2026-10-02T08:00:00.088997,16.5,23.2,23.9,39.5
res-sr-01,Study Room A,STUDY_ROOM,24,8,4,0,6,25.9,0,5,2026-10-02T08:00:00.088997,30.0,46.0,26.8,34.5
res-sr-02,Study Room B,STUDY_ROOM,20,8,4,0,2,10.9,0,2,2026-10-02T08:00:00.088997,13.7,19.1,23.5,18.0
res-sr-03,Study Room C,STUDY_ROOM,20,8,4,0,3,14.0,0,0,2026-10-02T08:00:00.088997,15.8,20.2,28.4,31.3
res-can-01,Main Canteen,CANTEEN,250,8,4,0,41,16.2,0,0,2026-10-02T08:00:00.088997,14.7,28.9,19.7,40.1
res-sem-01,Dr. Kalam Seminar Hall,SEMINAR_HALL,180,8,4,0,19,10.8,2,1,2026-10-02T08:00:00.088997,13.0,13.9,14.9,19.0
res-cls-01,Block A Classrooms (301-305),CLASSROOM,150,8,4,0,60,40.1,1,4,2026-10-02T08:00:00.088997,44.9,43.4,51.8,32.0
res-cls-02,Block B Classrooms (201-204),CLASSROOM,120,8,4,0,18,15.3,5,1,2026-10-02T08:00:00.088997,13.8,25.1,13.0,13.2
res-sac-01,Student Activity Center,ACTIVITY_CENTER,160,8,4,0,24,14.8,6,3,2026-10-02T08:00:00.088997,14.2,9.7,23.2,27.8
res-lib-01,Central Library,LIBRARY,200,9,4,0,49,24.7,8,2,2026-10-02T09:00:00.088997,17.6,27.3,36.8,39.4
res-lib-02,Digital Reading Hall,LIBRARY,120,9,4,0,23,19.3,1,0,2026-10-02T09:00:00.088997,21.6,22.3,29.5,35.2
res-lab-01,Computer Lab 1,COMPUTER_LAB,80,9,4,0,32,40.0,1,0,2026-10-02T09:00:00.088997,39.7,40.6,40.5,67.3
res-lab-02,Computer Lab 2,COMPUTER_LAB,75,9,4,0,19,25.6,8,2,2026-10-02T09:00:00.088997,22.9,25.7,42.8,22.0
res-lab-03,Computer Lab 3,COMPUTER_LAB,60,9,4,0,10,17.2,0,0,2026-10-02T09:00:00.088997,24.8,18.7,17.8,26.3
res-lab-ai,AI & Data Science Lab,RESEARCH_LAB,50,9,4,0,14,28.0,10,5,2026-10-02T09:00:00.088997,27.6,30.1,17.8,39.6
res-lab-res,Advanced Research Lab,RESEARCH_LAB,40,9,4,0,7,17.0,2,0,2026-10-02T09:00:00.088997,18.9,32.2,25.5,17.7
res-sr-01,Study Room A,STUDY_ROOM,24,9,4,0,5,19.9,2,8,2026-10-02T09:00:00.088997,20.6,17.7,28.1,32.3
res-sr-02,Study Room B,STUDY_ROOM,20,9,4,0,3,17.2,4,7,2026-10-02T09:00:00.088997,16.9,18.1,8.6,35.2
res-sr-03,Study Room C,STUDY_ROOM,20,9,4,0,2,11.5,4,0,2026-10-02T09:00:00.088997,20.4,7.8,28.7,32.3
res-can-01,Main Canteen,CANTEEN,250,9,4,0,30,12.1,0,2,2026-10-02T09:00:00.088997,14.6,6.1,34.1,18.0
res-sem-01,Dr. Kalam Seminar Hall,SEMINAR_HALL,180,9,4,0,20,10.9,1,4,2026-10-02T09:00:00.088997,9.5,17.2,20.2,17.0
res-cls-01,Block A Classrooms (301-305),CLASSROOM,150,9,4,0,73,48.5,0,2,2026-10-02T09:00:00.088997,53.3,45.2,45.8,41.3
res-cls-02,Block B Classrooms (201-204),CLASSROOM,120,9,4,0,27,22.6,0,5,2026-10-02T09:00:00.088997,27.6,28.8,33.4,23.5
res-sac-01,Student Activity Center,ACTIVITY_CENTER,160,9,4,0,19,11.9,3,3,2026-10-02T09:00:00.088997,16.8,14.1,16.4,10.8
res-lib-01,Central Library,LIBRARY,200,10,4,0,56,28.1,0,0,2026-10-02T10:00:00.088997,22.1,20.2,48.3,47.5
res-lib-02,Digital Reading Hall,LIBRARY,120,10,4,0,32,27.0,2,7,2026-10-02T10:00:00.088997,31.0,44.7,34.0,29.1
res-lab-01,Computer Lab 1,COMPUTER_LAB,80,10,4,0,34,42.5,5,7,2026-10-02T10:00:00.088997,44.9,45.3,61.8,58.8
res-lab-02,Computer Lab 2,COMPUTER_LAB,75,10,4,0,27,36.3,2,2,2026-10-02T10:00:00.088997,40.2,36.7,33.2,40.6
res-lab-03,Computer Lab 3,COMPUTER_LAB,60,10,4,0,9,14.8,5,0,2026-10-02T10:00:00.088997,17.7,18.1,20.8,43.3
res-lab-ai,AI & Data Science Lab,RESEARCH_LAB,50,10,4,0,15,30.3,0,5,2026-10-02T10:00:00.088997,35.6,29.3,27.6,45.3
res-lab-res,Advanced Research Lab,RESEARCH_LAB,40,10,4,0,8,19.9,0,5,2026-10-02T10:00:00.088997,19.5,27.4,38.4,25.8
res-sr-01,Study Room A,STUDY_ROOM,24,10,4,0,3,12.7,0,1,2026-10-02T10:00:00.088997,18.7,14.6,36.2,7.1
res-sr-02,Study Room B,STUDY_ROOM,20,10,4,0,3,15.7,1,5,2026-10-02T10:00:00.088997,11.8,23.2,21.5,44.0
res-sr-03,Study Room C,STUDY_ROOM,20,10,4,0,2,11.7,2,0,2026-10-02T10:00:00.088997,14.4,14.5,16.2,0.0
res-can-01,Main Canteen,CANTEEN,250,10,4,0,86,34.4,0,0,2026-10-02T10:00:00.088997,30.2,33.1,46.9,49.9
res-sem-01,Dr. Kalam Seminar Hall,SEMINAR_HALL,180,10,4,0,55,30.4,0,3,2026-10-02T10:00:00.088997,30.0,41.2,42.3,32.6
res-cls-01,Block A Classrooms (301-305),CLASSROOM,150,10,4,0,107,71.0,10,2,2026-10-02T10:00:00.088997,66.4,68.0,93.9,68.9
res-cls-02,Block B Classrooms (201-204),CLASSROOM,120,10,4,0,60,50.4,2,1,2026-10-02T10:00:00.088997,55.9,60.9,63.4,68.5
res-sac-01,Student Activity Center,ACTIVITY_CENTER,160,10,4,0,19,11.8,3,1,2026-10-02T10:00:00.088997,12.3,17.4,29.3,26.5
res-lib-01,Central Library,LIBRARY,200,11,4,0,33,16.4,4,4,2026-10-02T11:00:00.088997,16.9,22.1,25.4,2.6
res-lib-02,Digital Reading Hall,LIBRARY,120,11,4,0,62,51.3,5,4,2026-10-02T11:00:00.088997,51.2,60.3,52.0,72.2
res-lab-01,Computer Lab 1,COMPUTER_LAB,80,11,4,0,56,70.3,12,12,2026-10-02T11:00:00.088997,79.3,68.2,81.4,71.7
res-lab-02,Computer Lab 2,COMPUTER_LAB,75,11,4,0,53,71.0,10,11,2026-10-02T11:00:00.088997,74.7,60.2,72.0,72.8
res-lab-03,Computer Lab 3,COMPUTER_LAB,60,11,4,0,8,13.4,2,2,2026-10-02T11:00:00.088997,4.9,17.0,17.1,40.0
res-lab-ai,AI & Data Science Lab,RESEARCH_LAB,50,11,4,0,16,32.4,3,3,2026-10-02T11:00:00.088997,27.6,41.3,36.8,32.7
res-lab-res,Advanced Research Lab,RESEARCH_LAB,40,11,4,0,10,25.3,3,0,2026-10-02T11:00:00.088997,24.8,32.5,35.9,35.6
res-sr-01,Study Room A,STUDY_ROOM,24,11,4,0,4,15.2,0,0,2026-10-02T11:00:00.088997,16.4,19.9,21.7,23.8
res-sr-02,Study Room B,STUDY_ROOM,20,11,4,0,5,22.5,5,5,2026-10-02T11:00:00.088997,26.4,28.0,34.2,35.2
res-sr-03,Study Room C,STUDY_ROOM,20,11,4,0,4,18.2,0,3,2026-10-02T11:00:00.088997,20.9,12.4,27.0,12.6
res-can-01,Main Canteen,CANTEEN,250,11,4,0,125,49.9,5,0,2026-10-02T11:00:00.088997,51.7,55.3,64.7,54.4
res-sem-01,Dr. Kalam Seminar Hall,SEMINAR_HALL,180,11,4,0,87,48.1,5,3,2026-10-02T11:00:00.088997,43.4,52.4,62.8,46.9
res-cls-01,Block A Classrooms (301-305),CLASSROOM,150,11,4,0,111,74.1,8,10,2026-10-02T11:00:00.088997,76.2,80.9,82.1,78.2
res-cls-02,Block B Classrooms (201-204),CLASSROOM,120,11,4,0,67,55.5,5,6,2026-10-02T11:00:00.088997,58.0,69.4,72.0,80.4
res-sac-01,Student Activity Center,ACTIVITY_CENTER,160,11,4,0,11,6.9,5,1,2026-10-02T11:00:00.088997,10.5,17.2,15.1,4.0
res-lib-01,Central Library,LIBRARY,200,12,4,0,62,30.8,1,0,2026-10-02T12:00:00.088997,31.9,33.5,38.8,17.6
res-lib-02,Digital Reading Hall,LIBRARY,120,12,4,0,91,75.5,10,4,2026-10-02T12:00:00.088997,74.6,78.1,80.0,57.3
res-lab-01,Computer Lab 1,COMPUTER_LAB,80,12,4,0,65,80.7,10,6,2026-10-02T12:00:00.088997,78.9,88.6,96.3,65.7
res-lab-02,Computer Lab 2,COMPUTER_LAB,75,12,4,0,62,82.2,16,9,2026-10-02T12:00:00.088997,82.3,88.8,79.2,59.7
res-lab-03,Computer Lab 3,COMPUTER_LAB,60,12,4,0,19,31.1,1,0,2026-10-02T12:00:00.088997,35.5,31.6,41.5,28.0
res-lab-ai,AI & Data Science Lab,RESEARCH_LAB,50,12,4,0,29,57.5,5,6,2026-10-02T12:00:00.088997,60.8,70.1,72.5,61.1
res-lab-res,Advanced Research Lab,RESEARCH_LAB,40,12,4,0,5,13.3,0,4,2026-10-02T12:00:00.088997,17.7,17.6,17.1,10.8
res-sr-01,Study Room A,STUDY_ROOM,24,12,4,0,3,12.1,3,1,2026-10-02T12:00:00.088997,12.1,20.1,16.6,0.4
res-sr-02,Study Room B,STUDY_ROOM,20,12,4,0,3,14.8,4,1,2026-10-02T12:00:00.088997,9.2,11.5,13.1,8.3
res-sr-03,Study Room C,STUDY_ROOM,20,12,4,0,6,29.0,8,0,2026-10-02T12:00:00.088997,36.3,22.4,37.2,20.0
res-can-01,Main Canteen,CANTEEN,250,12,4,0,170,67.8,7,7,2026-10-02T12:00:00.088997,64.9,78.0,78.1,60.2
res-sem-01,Dr. Kalam Seminar Hall,SEMINAR_HALL,180,12,4,0,109,60.8,6,7,2026-10-02T12:00:00.088997,69.1,57.4,55.8,52.0
res-cls-01,Block A Classrooms (301-305),CLASSROOM,150,12,4,0,98,65.5,8,6,2026-10-02T12:00:00.088997,70.0,68.8,62.7,44.1
res-cls-02,Block B Classrooms (201-204),CLASSROOM,120,12,4,0,86,71.5,4,7,2026-10-02T12:00:00.088997,73.7,74.3,81.4,40.1
res-sac-01,Student Activity Center,ACTIVITY_CENTER,160,12,4,0,18,11.2,0,3,2026-10-02T12:00:00.088997,22.4,10.9,17.1,0.0
res-lib-01,Central Library,LIBRARY,200,13,4,0,97,48.7,4,5,2026-10-02T13:00:00.088997,53.3,46.3,43.1,15.1
res-lib-02,Digital Reading Hall,LIBRARY,120,13,4,0,97,81.1,8,7,2026-10-02T13:00:00.088997,81.9,83.1,70.7,72.0
res-lab-01,Computer Lab 1,COMPUTER_LAB,80,13,4,0,76,95.0,11,7,2026-10-02T13:00:00.088997,100.0,100.0,75.4,85.0
res-lab-02,Computer Lab 2,COMPUTER_LAB,75,13,4,0,64,85.3,13,8,2026-10-02T13:00:00.088997,87.5,93.2,74.6,93.4
res-lab-03,Computer Lab 3,COMPUTER_LAB,60,13,4,0,35,59.1,9,5,2026-10-02T13:00:00.088997,60.6,68.9,57.5,32.1
res-lab-ai,AI & Data Science Lab,RESEARCH_LAB,50,13,4,0,36,72.5,10,6,2026-10-02T13:00:00.088997,76.0,77.0,44.3,44.8
res-lab-res,Advanced Research Lab,RESEARCH_LAB,40,13,4,0,10,23.9,2,2,2026-10-02T13:00:00.088997,25.9,23.9,11.7,15.8
res-sr-01,Study Room A,STUDY_ROOM,24,13,4,0,8,33.5,10,1,2026-10-02T13:00:00.088997,42.2,33.4,29.9,23.7
res-sr-02,Study Room B,STUDY_ROOM,20,13,4,0,3,14.5,1,0,2026-10-02T13:00:00.088997,20.1,14.4,9.4,11.6
res-sr-03,Study Room C,STUDY_ROOM,20,13,4,0,11,53.4,9,7,2026-10-02T13:00:00.088997,52.9,53.7,35.2,26.6
res-can-01,Main Canteen,CANTEEN,250,13,4,0,187,75.0,6,11,2026-10-02T13:00:00.088997,74.7,80.6,64.6,46.1
res-sem-01,Dr. Kalam Seminar Hall,SEMINAR_HALL,180,13,4,0,134,74.4,11,9,2026-10-02T13:00:00.088997,78.7,74.8,59.7,67.8
res-cls-01,Block A Classrooms (301-305),CLASSROOM,150,13,4,0,87,58.2,8,8,2026-10-02T13:00:00.088997,58.1,69.8,46.4,49.1
res-cls-02,Block B Classrooms (201-204),CLASSROOM,120,13,4,0,85,70.7,11,9,2026-10-02T13:00:00.088997,66.8,83.6,84.1,54.4
res-sac-01,Student Activity Center,ACTIVITY_CENTER,160,13,4,0,23,14.5,5,1,2026-10-02T13:00:00.088997,16.5,30.9,0.0,0.0
res-lib-01,Central Library,LIBRARY,200,14,4,0,137,68.7,3,5,2026-10-02T14:00:00.088997,65.2,69.5,66.9,36.5
res-lib-02,Digital Reading Hall,LIBRARY,120,14,4,0,95,79.4,7,7,2026-10-02T14:00:00.088997,73.0,77.1,65.1,74.4
res-lab-01,Computer Lab 1,COMPUTER_LAB,80,14,4,0,76,95.0,8,13,2026-10-02T14:00:00.088997,98.7,91.7,84.8,70.3
res-lab-02,Computer Lab 2,COMPUTER_LAB,75,14,4,0,69,91.4,13,6,2026-10-02T14:00:00.088997,86.7,89.2,72.8,71.9
res-lab-03,Computer Lab 3,COMPUTER_LAB,60,14,4,0,41,67.7,5,4,2026-10-02T14:00:00.088997,69.3,52.2,63.6,58.8
res-lab-ai,AI & Data Science Lab,RESEARCH_LAB,50,14,4,0,45,90.7,11,7,2026-10-02T14:00:00.088997,85.5,91.7,87.2,72.8
res-lab-res,Advanced Research Lab,RESEARCH_LAB,40,14,4,0,19,46.4,4,4,2026-10-02T14:00:00.088997,42.0,44.6,29.5,30.8
res-sr-01,Study Room A,STUDY_ROOM,24,14,4,0,12,50.3,6,6,2026-10-02T14:00:00.088997,43.8,47.7,29.0,64.6
res-sr-02,Study Room B,STUDY_ROOM,20,14,4,0,5,24.8,6,3,2026-10-02T14:00:00.088997,23.7,12.8,24.3,13.3
res-sr-03,Study Room C,STUDY_ROOM,20,14,4,0,13,67.0,7,7,2026-10-02T14:00:00.088997,61.4,61.0,55.2,46.5
res-can-01,Main Canteen,CANTEEN,250,14,4,0,169,67.4,9,7,2026-10-02T14:00:00.088997,65.0,64.9,61.6,56.6
res-sem-01,Dr. Kalam Seminar Hall,SEMINAR_HALL,180,14,4,0,113,62.5,11,2,2026-10-02T14:00:00.088997,59.3,59.6,40.3,67.1
res-cls-01,Block A Classrooms (301-305),CLASSROOM,150,14,4,0,51,33.8,6,6,2026-10-02T14:00:00.088997,33.5,15.4,27.1,24.3
res-cls-02,Block B Classrooms (201-204),CLASSROOM,120,14,4,0,67,55.7,1,6,2026-10-02T14:00:00.088997,48.7,63.1,50.1,59.9
res-sac-01,Student Activity Center,ACTIVITY_CENTER,160,14,4,0,24,15.1,4,1,2026-10-02T14:00:00.088997,17.1,0.0,15.1,11.1
res-lib-01,Central Library,LIBRARY,200,15,4,0,163,81.3,8,7,2026-10-02T15:00:00.088997,80.4,83.5,68.5,48.8
res-lib-02,Digital Reading Hall,LIBRARY,120,15,4,0,96,80.0,11,6,2026-10-02T15:00:00.088997,82.8,80.6,76.4,62.3
res-lab-01,Computer Lab 1,COMPUTER_LAB,80,15,4,0,70,87.7,13,3,2026-10-02T15:00:00.088997,86.6,84.5,82.1,76.3
res-lab-02,Computer Lab 2,COMPUTER_LAB,75,15,4,0,60,79.8,8,7,2026-10-02T15:00:00.088997,79.1,73.7,59.3,70.4
res-lab-03,Computer Lab 3,COMPUTER_LAB,60,15,4,0,49,80.9,8,7,2026-10-02T15:00:00.088997,66.2,83.2,81.0,52.8
res-lab-ai,AI & Data Science Lab,RESEARCH_LAB,50,15,4,0,46,92.3,15,5,2026-10-02T15:00:00.088997,92.2,84.3,88.0,80.9
res-lab-res,Advanced Research Lab,RESEARCH_LAB,40,15,4,0,24,60.9,8,4,2026-10-02T15:00:00.088997,51.7,50.3,43.5,29.6
res-sr-01,Study Room A,STUDY_ROOM,24,15,4,0,17,71.6,8,8,2026-10-02T15:00:00.088997,71.6,71.1,67.2,47.8
res-sr-02,Study Room B,STUDY_ROOM,20,15,4,0,10,50.2,6,11,2026-10-02T15:00:00.088997,48.2,47.5,41.3,38.8
res-sr-03,Study Room C,STUDY_ROOM,20,15,4,0,15,77.1,7,8,2026-10-02T15:00:00.088997,77.5,69.5,76.6,73.6
res-can-01,Main Canteen,CANTEEN,250,15,4,0,121,48.5,2,6,2026-10-02T15:00:00.088997,44.1,37.2,56.0,24.9
res-sem-01,Dr. Kalam Seminar Hall,SEMINAR_HALL,180,15,4,0,74,40.9,2,4,2026-10-02T15:00:00.088997,39.2,47.2,26.0,31.8
res-cls-01,Block A Classrooms (301-305),CLASSROOM,150,15,4,0,22,14.5,0,3,2026-10-02T15:00:00.088997,5.2,20.1,15.5,0.0
res-cls-02,Block B Classrooms (201-204),CLASSROOM,120,15,4,0,55,46.2,9,0,2026-10-02T15:00:00.088997,41.8,49.3,38.8,39.4
res-sac-01,Student Activity Center,ACTIVITY_CENTER,160,15,4,0,61,38.1,7,5,2026-10-02T15:00:00.088997,36.5,20.5,35.8,34.8
res-lib-01,Central Library,LIBRARY,200,16,4,0,170,85.0,6,10,2026-10-02T16:00:00.088997,83.8,68.2,69.6,76.8
res-lib-02,Digital Reading Hall,LIBRARY,120,16,4,0,67,55.6,4,5,2026-10-02T16:00:00.088997,50.1,58.5,49.2,35.6
res-lab-01,Computer Lab 1,COMPUTER_LAB,80,16,4,0,51,63.3,3,11,2026-10-02T16:00:00.088997,60.6,55.9,53.3,43.7
res-lab-02,Computer Lab 2,COMPUTER_LAB,75,16,4,0,43,57.5,6,5,2026-10-02T16:00:00.088997,50.4,57.8,44.5,37.6
res-lab-03,Computer Lab 3,COMPUTER_LAB,60,16,4,0,41,69.1,5,7,2026-10-02T16:00:00.088997,70.6,59.7,44.5,44.7
res-lab-ai,AI & Data Science Lab,RESEARCH_LAB,50,16,4,0,43,85.1,6,6,2026-10-02T16:00:00.088997,80.9,80.0,64.0,80.0
res-lab-res,Advanced Research Lab,RESEARCH_LAB,40,16,4,0,33,83.5,14,6,2026-10-02T16:00:00.088997,84.2,81.8,75.1,73.6
res-sr-01,Study Room A,STUDY_ROOM,24,16,4,0,20,84.9,12,6,2026-10-02T16:00:00.088997,85.9,89.9,84.8,91.3
res-sr-02,Study Room B,STUDY_ROOM,20,16,4,0,11,54.7,8,6,2026-10-02T16:00:00.088997,56.8,43.0,42.2,53.5
res-sr-03,Study Room C,STUDY_ROOM,20,16,4,0,15,72.9,9,7,2026-10-02T16:00:00.088997,70.1,71.3,54.8,51.5
res-can-01,Main Canteen,CANTEEN,250,16,4,0,81,32.2,0,6,2026-10-02T16:00:00.088997,27.0,31.9,16.3,28.7
res-sem-01,Dr. Kalam Seminar Hall,SEMINAR_HALL,180,16,4,0,38,21.3,6,5,2026-10-02T16:00:00.088997,17.1,11.4,17.5,0.0
res-cls-01,Block A Classrooms (301-305),CLASSROOM,150,16,4,0,15,10.1,0,0,2026-10-02T16:00:00.088997,5.6,0.3,17.5,7.5
res-cls-02,Block B Classrooms (201-204),CLASSROOM,120,16,4,0,19,15.9,0,4,2026-10-02T16:00:00.088997,17.8,2.6,14.2,7.1
res-sac-01,Student Activity Center,ACTIVITY_CENTER,160,16,4,0,79,49.3,4,4,2026-10-02T16:00:00.088997,47.4,36.3,34.4,29.8
res-lib-01,Central Library,LIBRARY,200,17,4,0,159,79.7,8,7,2026-10-02T17:00:00.088997,79.0,85.4,79.6,83.5
res-lib-02,Digital Reading Hall,LIBRARY,120,17,4,0,36,29.9,0,5,2026-10-02T17:00:00.088997,27.8,29.3,13.9,25.7
res-lab-01,Computer Lab 1,COMPUTER_LAB,80,17,4,0,37,46.1,4,3,2026-10-02T17:00:00.088997,46.1,45.7,34.8,38.2
res-lab-02,Computer Lab 2,COMPUTER_LAB,75,17,4,0,29,38.2,6,6,2026-10-02T17:00:00.088997,43.4,30.4,43.3,27.6
res-lab-03,Computer Lab 3,COMPUTER_LAB,60,17,4,0,32,52.6,4,6,2026-10-02T17:00:00.088997,53.5,41.5,37.8,34.2
res-lab-ai,AI & Data Science Lab,RESEARCH_LAB,50,17,4,0,34,68.6,2,0,2026-10-02T17:00:00.088997,65.0,65.1,66.5,40.2
res-lab-res,Advanced Research Lab,RESEARCH_LAB,40,17,4,0,32,79.6,7,7,2026-10-02T17:00:00.088997,81.7,78.9,68.3,71.9
res-sr-01,Study Room A,STUDY_ROOM,24,17,4,0,19,78.8,9,7,2026-10-02T17:00:00.088997,82.4,76.7,63.8,57.6
res-sr-02,Study Room B,STUDY_ROOM,20,17,4,0,15,75.8,4,6,2026-10-02T17:00:00.088997,73.2,73.6,73.3,65.0
res-sr-03,Study Room C,STUDY_ROOM,20,17,4,0,12,58.6,3,4,2026-10-02T17:00:00.088997,59.2,57.3,48.3,74.9
res-can-01,Main Canteen,CANTEEN,250,17,4,0,41,16.2,5,3,2026-10-02T17:00:00.088997,16.1,13.6,0.0,0.0
res-sem-01,Dr. Kalam Seminar Hall,SEMINAR_HALL,180,17,4,0,9,5.0,0,0,2026-10-02T17:00:00.088997,4.1,0.0,1.6,0.0
res-cls-01,Block A Classrooms (301-305),CLASSROOM,150,17,4,0,14,9.3,3,0,2026-10-02T17:00:00.088997,6.3,6.0,0.0,0.0
res-cls-02,Block B Classrooms (201-204),CLASSROOM,120,17,4,0,6,5.4,0,0,2026-10-02T17:00:00.088997,3.3,0.0,0.0,0.0
res-sac-01,Student Activity Center,ACTIVITY_CENTER,160,17,4,0,114,71.2,10,4,2026-10-02T17:00:00.088997,61.1,50.6,59.6,60.7
res-lib-01,Central Library,LIBRARY,200,18,4,0,132,66.1,6,1,2026-10-02T18:00:00.088997,56.5,63.3,56.0,49.7
res-lib-02,Digital Reading Hall,LIBRARY,120,18,4,0,17,13.8,0,1,2026-10-02T18:00:00.088997,13.0,7.8,18.2,0.0
res-lab-01,Computer Lab 1,COMPUTER_LAB,80,18,4,0,32,40.1,5,4,2026-10-02T18:00:00.088997,41.9,31.4,29.2,13.5
res-lab-02,Computer Lab 2,COMPUTER_LAB,75,18,4,0,22,28.7,4,6,2026-10-02T18:00:00.088997,27.6,30.4,14.0,28.6
res-lab-03,Computer Lab 3,COMPUTER_LAB,60,18,4,0,22,36.2,4,5,2026-10-02T18:00:00.088997,43.5,36.1,36.4,17.6
res-lab-ai,AI & Data Science Lab,RESEARCH_LAB,50,18,4,0,27,53.4,6,9,2026-10-02T18:00:00.088997,50.8,56.4,33.7,58.2
res-lab-res,Advanced Research Lab,RESEARCH_LAB,40,18,4,0,29,73.4,11,4,2026-10-02T18:00:00.088997,73.9,62.7,74.8,71.6
res-sr-01,Study Room A,STUDY_ROOM,24,18,4,0,16,67.7,9,9,2026-10-02T18:00:00.088997,62.0,56.5,50.0,41.1
res-sr-02,Study Room B,STUDY_ROOM,20,18,4,0,15,72.8,11,8,2026-10-02T18:00:00.088997,64.0,64.8,54.4,71.2
res-sr-03,Study Room C,STUDY_ROOM,20,18,4,0,9,46.1,0,5,2026-10-02T18:00:00.088997,46.5,35.4,35.7,23.3
res-can-01,Main Canteen,CANTEEN,250,18,4,0,37,15.0,0,0,2026-10-02T18:00:00.088997,12.8,8.7,13.2,17.6
res-sem-01,Dr. Kalam Seminar Hall,SEMINAR_HALL,180,18,4,0,18,9.9,0,1,2026-10-02T18:00:00.088997,13.8,14.1,0.0,5.0
res-cls-01,Block A Classrooms (301-305),CLASSROOM,150,18,4,0,18,11.7,4,4,2026-10-02T18:00:00.088997,5.5,2.5,11.9,1.5
res-cls-02,Block B Classrooms (201-204),CLASSROOM,120,18,4,0,6,5.0,0,2,2026-10-02T18:00:00.088997,6.4,0.0,6.9,0.0
res-sac-01,Student Activity Center,ACTIVITY_CENTER,160,18,4,0,121,75.9,7,3,2026-10-02T18:00:00.088997,71.4,59.7,67.2,71.0
res-lib-01,Central Library,LIBRARY,200,19,4,0,85,42.4,5,1,2026-10-02T19:00:00.088997,43.1,23.5,40.8,8.6
res-lib-02,Digital Reading Hall,LIBRARY,120,19,4,0,23,19.2,0,0,2026-10-02T19:00:00.088997,11.0,24.1,0.0,0.0
res-lab-01,Computer Lab 1,COMPUTER_LAB,80,19,4,0,34,42.2,6,0,2026-10-02T19:00:00.088997,39.7,35.8,19.0,21.1
res-lab-02,Computer Lab 2,COMPUTER_LAB,75,19,4,0,19,24.9,6,1,2026-10-02T19:00:00.088997,22.4,15.0,26.8,23.7
res-lab-03,Computer Lab 3,COMPUTER_LAB,60,19,4,0,11,18.2,2,0,2026-10-02T19:00:00.088997,20.5,13.5,7.4,11.5
res-lab-ai,AI & Data Science Lab,RESEARCH_LAB,50,19,4,0,15,30.9,0,2,2026-10-02T19:00:00.088997,21.3,26.4,34.9,0.0
res-lab-res,Advanced Research Lab,RESEARCH_LAB,40,19,4,0,25,62.5,9,8,2026-10-02T19:00:00.088997,57.5,50.9,49.3,64.8
res-sr-01,Study Room A,STUDY_ROOM,24,19,4,0,11,46.0,1,3,2026-10-02T19:00:00.088997,40.1,40.8,50.8,19.6
res-sr-02,Study Room B,STUDY_ROOM,20,19,4,0,13,64.5,7,5,2026-10-02T19:00:00.088997,56.2,55.7,50.8,60.1
res-sr-03,Study Room C,STUDY_ROOM,20,19,4,0,6,28.5,0,1,2026-10-02T19:00:00.088997,24.5,35.2,23.1,3.5
res-can-01,Main Canteen,CANTEEN,250,19,4,0,17,6.9,0,1,2026-10-02T19:00:00.088997,6.8,3.1,0.0,0.0
res-sem-01,Dr. Kalam Seminar Hall,SEMINAR_HALL,180,19,4,0,9,5.0,0,0,2026-10-02T19:00:00.088997,0.7,0.0,18.8,0.0
res-cls-01,Block A Classrooms (301-305),CLASSROOM,150,19,4,0,15,10.1,0,3,2026-10-02T19:00:00.088997,3.4,3.2,0.0,6.7
res-cls-02,Block B Classrooms (201-204),CLASSROOM,120,19,4,0,8,6.7,4,0,2026-10-02T19:00:00.088997,7.8,4.1,8.2,0.0
res-sac-01,Student Activity Center,ACTIVITY_CENTER,160,19,4,0,121,75.5,3,7,2026-10-02T19:00:00.088997,71.3,62.1,59.5,55.8
res-lib-01,Central Library,LIBRARY,200,20,4,0,48,24.2,1,2,2026-10-02T20:00:00.088997,18.9,16.4,13.6,14.4
res-lib-02,Digital Reading Hall,LIBRARY,120,20,4,0,28,23.4,5,3,2026-10-02T20:00:00.088997,23.1,20.3,12.6,22.2
res-lab-01,Computer Lab 1,COMPUTER_LAB,80,20,4,0,25,31.3,0,0,2026-10-02T20:00:00.088997,35.0,24.6,25.8,16.1
res-lab-02,Computer Lab 2,COMPUTER_LAB,75,20,4,0,20,27.2,3,2,2026-10-02T20:00:00.088997,27.7,19.5,22.6,13.2
res-lab-03,Computer Lab 3,COMPUTER_LAB,60,20,4,0,9,14.6,0,0,2026-10-02T20:00:00.088997,10.4,16.3,0.0,13.2
res-lab-ai,AI & Data Science Lab,RESEARCH_LAB,50,20,4,0,12,23.0,4,0,2026-10-02T20:00:00.088997,23.3,17.3,2.1,27.3
res-lab-res,Advanced Research Lab,RESEARCH_LAB,40,20,4,0,18,45.9,7,2,2026-10-02T20:00:00.088997,47.1,33.2,17.8,15.1
res-sr-01,Study Room A,STUDY_ROOM,24,20,4,0,7,28.1,1,1,2026-10-02T20:00:00.088997,24.5,19.2,1.1,18.4
res-sr-02,Study Room B,STUDY_ROOM,20,20,4,0,9,46.8,3,8,2026-10-02T20:00:00.088997,43.9,42.2,46.0,16.9
res-sr-03,Study Room C,STUDY_ROOM,20,20,4,0,3,14.9,4,1,2026-10-02T20:00:00.088997,7.7,7.0,8.6,0.0
res-can-01,Main Canteen,CANTEEN,250,20,4,0,12,5.0,6,1,2026-10-02T20:00:00.088997,8.9,5.2,0.5,0.0
res-sem-01,Dr. Kalam Seminar Hall,SEMINAR_HALL,180,20,4,0,12,6.5,5,3,2026-10-02T20:00:00.088997,5.2,0.5,3.0,0.0
res-cls-01,Block A Classrooms (301-305),CLASSROOM,150,20,4,0,18,12.0,0,0,2026-10-02T20:00:00.088997,5.9,4.4,0.0,20.3
res-cls-02,Block B Classrooms (201-204),CLASSROOM,120,20,4,0,8,6.4,1,0,2026-10-02T20:00:00.088997,4.6,3.2,0.0,0.0
res-sac-01,Student Activity Center,ACTIVITY_CENTER,160,20,4,0,85,53.2,2,5,2026-10-02T20:00:00.088997,52.2,41.8,46.3,36.1
res-lib-01,Central Library,LIBRARY,200,21,4,0,49,24.6,1,3,2026-10-02T21:00:00.088997,29.1,24.2,29.1,0.0
res-lib-02,Digital Reading Hall,LIBRARY,120,21,4,0,21,17.3,3,6,2026-10-02T21:00:00.088997,17.9,6.1,5.4,9.3
res-lab-01,Computer Lab 1,COMPUTER_LAB,80,21,4,0,27,34.3,1,2,2026-10-02T21:00:00.088997,32.3,22.8,35.2,17.1
res-lab-02,Computer Lab 2,COMPUTER_LAB,75,21,4,0,19,24.7,6,2,2026-10-02T21:00:00.088997,26.6,13.5,20.6,22.8
res-lab-03,Computer Lab 3,COMPUTER_LAB,60,21,4,0,7,11.7,0,0,2026-10-02T21:00:00.088997,10.5,9.5,0.0,0.0
res-lab-ai,AI & Data Science Lab,RESEARCH_LAB,50,21,4,0,18,36.4,7,6,2026-10-02T21:00:00.088997,33.6,44.1,37.6,24.8
res-lab-res,Advanced Research Lab,RESEARCH_LAB,40,21,4,0,8,20.9,1,3,2026-10-02T21:00:00.088997,21.3,20.1,11.3,0.0
res-sr-01,Study Room A,STUDY_ROOM,24,21,4,0,5,21.0,4,0,2026-10-02T21:00:00.088997,18.6,24.0,2.1,5.6
res-sr-02,Study Room B,STUDY_ROOM,20,21,4,0,7,32.7,4,1,2026-10-02T21:00:00.088997,30.7,32.7,22.9,27.9
res-sr-03,Study Room C,STUDY_ROOM,20,21,4,0,3,15.9,2,3,2026-10-02T21:00:00.088997,12.8,5.3,12.2,2.4
res-can-01,Main Canteen,CANTEEN,250,21,4,0,21,8.2,2,4,2026-10-02T21:00:00.088997,5.6,3.3,0.0,0.0
res-sem-01,Dr. Kalam Seminar Hall,SEMINAR_HALL,180,21,4,0,11,5.9,0,0,2026-10-02T21:00:00.088997,6.8,1.2,21.2,0.0
res-cls-01,Block A Classrooms (301-305),CLASSROOM,150,21,4,0,8,5.0,0,2,2026-10-02T21:00:00.088997,0.4,0.0,0.0,0.0
res-cls-02,Block B Classrooms (201-204),CLASSROOM,120,21,4,0,13,10.8,2,0,2026-10-02T21:00:00.088997,12.0,0.0,6.7,2.8
res-sac-01,Student Activity Center,ACTIVITY_CENTER,160,21,4,0,54,34.0,0,4,2026-10-02T21:00:00.088997,29.8,27.9,32.2,27.8
res-lib-01,Central Library,LIBRARY,200,8,5,1,43,21.3,2,0,2026-10-03T08:00:00.088997,26.8,35.6,21.7,31.0
res-lib-02,Digital Reading Hall,LIBRARY,120,8,5,1,28,23.7,2,4,2026-10-03T08:00:00.088997,25.9,22.3,32.7,47.2
res-lab-01,Computer Lab 1,COMPUTER_LAB,80,8,5,1,29,36.3,9,0,2026-10-03T08:00:00.088997,39.8,37.4,36.4,62.3
res-lab-02,Computer Lab 2,COMPUTER_LAB,75,8,5,1,18,24.0,1,3,2026-10-03T08:00:00.088997,17.4,37.1,49.1,45.0
res-lab-03,Computer Lab 3,COMPUTER_LAB,60,8,5,1,10,16.6,1,0,2026-10-03T08:00:00.088997,23.4,27.1,28.7,30.7
res-lab-ai,AI & Data Science Lab,RESEARCH_LAB,50,8,5,1,16,31.2,2,10,2026-10-03T08:00:00.088997,32.1,33.6,49.3,40.9
res-lab-res,Advanced Research Lab,RESEARCH_LAB,40,8,5,1,8,19.9,6,4,2026-10-03T08:00:00.088997,24.8,16.4,31.5,17.9
res-sr-01,Study Room A,STUDY_ROOM,24,8,5,1,4,18.2,2,1,2026-10-03T08:00:00.088997,22.8,27.8,33.8,12.0
res-sr-02,Study Room B,STUDY_ROOM,20,8,5,1,5,24.5,2,6,2026-10-03T08:00:00.088997,16.4,27.9,19.3,24.1
res-sr-03,Study Room C,STUDY_ROOM,20,8,5,1,3,15.2,0,5,2026-10-03T08:00:00.088997,24.3,14.4,18.8,12.8
res-can-01,Main Canteen,CANTEEN,250,8,5,1,37,14.6,2,1,2026-10-03T08:00:00.088997,17.9,17.8,14.9,25.2
res-sem-01,Dr. Kalam Seminar Hall,SEMINAR_HALL,180,8,5,1,9,5.0,1,0,2026-10-03T08:00:00.088997,7.7,5.9,14.4,25.9
res-cls-01,Block A Classrooms (301-305),CLASSROOM,150,8,5,1,25,16.9,5,0,2026-10-03T08:00:00.088997,25.1,29.3,16.9,16.3
res-cls-02,Block B Classrooms (201-204),CLASSROOM,120,8,5,1,6,5.0,3,0,2026-10-03T08:00:00.088997,5.4,3.3,29.3,3.3
res-sac-01,Student Activity Center,ACTIVITY_CENTER,160,8,5,1,24,15.1,2,0,2026-10-03T08:00:00.088997,14.7,17.9,28.2,20.9
res-lib-01,Central Library,LIBRARY,200,9,5,1,63,31.5,1,5,2026-10-03T09:00:00.088997,26.5,31.8,32.2,28.3
res-lib-02,Digital Reading Hall,LIBRARY,120,9,5,1,25,21.1,2,0,2026-10-03T09:00:00.088997,31.1,27.2,29.1,46.9
res-lab-01,Computer Lab 1,COMPUTER_LAB,80,9,5,1,31,39.0,3,0,2026-10-03T09:00:00.088997,43.2,38.2,58.1,39.6
res-lab-02,Computer Lab 2,COMPUTER_LAB,75,9,5,1,17,23.2,0,0,2026-10-03T09:00:00.088997,24.8,27.0,26.9,57.8
res-lab-03,Computer Lab 3,COMPUTER_LAB,60,9,5,1,10,17.4,2,0,2026-10-03T09:00:00.088997,22.7,40.4,23.7,17.7
res-lab-ai,AI & Data Science Lab,RESEARCH_LAB,50,9,5,1,15,30.7,0,4,2026-10-03T09:00:00.088997,38.7,31.6,32.9,39.7
res-lab-res,Advanced Research Lab,RESEARCH_LAB,40,9,5,1,7,18.0,0,0,2026-10-03T09:00:00.088997,17.6,31.2,36.4,44.8
res-sr-01,Study Room A,STUDY_ROOM,24,9,5,1,6,23.2,3,0,2026-10-03T09:00:00.088997,30.5,30.3,20.0,22.2
res-sr-02,Study Room B,STUDY_ROOM,20,9,5,1,2,9.9,0,2,2026-10-03T09:00:00.088997,7.0,10.4,18.3,17.7
res-sr-03,Study Room C,STUDY_ROOM,20,9,5,1,2,12.1,6,0,2026-10-03T09:00:00.088997,8.2,19.9,14.5,14.2
res-can-01,Main Canteen,CANTEEN,250,9,5,1,14,5.7,1,1,2026-10-03T09:00:00.088997,8.2,7.2,6.9,13.7
res-sem-01,Dr. Kalam Seminar Hall,SEMINAR_HALL,180,9,5,1,16,8.9,5,4,2026-10-03T09:00:00.088997,12.9,19.8,6.2,10.3
res-cls-01,Block A Classrooms (301-305),CLASSROOM,150,9,5,1,43,28.9,3,3,2026-10-03T09:00:00.088997,34.8,38.8,27.1,39.0
res-cls-02,Block B Classrooms (201-204),CLASSROOM,120,9,5,1,13,11.0,0,0,2026-10-03T09:00:00.088997,13.6,5.3,22.6,37.3
res-sac-01,Student Activity Center,ACTIVITY_CENTER,160,9,5,1,27,17.1,2,6,2026-10-03T09:00:00.088997,20.4,16.9,26.2,50.6
res-lib-01,Central Library,LIBRARY,200,10,5,1,41,20.6,0,3,2026-10-03T10:00:00.088997,21.7,22.4,17.3,7.2
res-lib-02,Digital Reading Hall,LIBRARY,120,10,5,1,23,18.9,7,1,2026-10-03T10:00:00.088997,13.0,31.0,38.0,43.6
res-lab-01,Computer Lab 1,COMPUTER_LAB,80,10,5,1,30,38.0,3,4,2026-10-03T10:00:00.088997,45.6,39.7,39.2,56.4
res-lab-02,Computer Lab 2,COMPUTER_LAB,75,10,5,1,26,34.6,3,5,2026-10-03T10:00:00.088997,37.0,38.0,35.1,30.7
res-lab-03,Computer Lab 3,COMPUTER_LAB,60,10,5,1,8,12.5,0,2,2026-10-03T10:00:00.088997,19.4,18.8,12.3,32.8
res-lab-ai,AI & Data Science Lab,RESEARCH_LAB,50,10,5,1,16,31.2,5,1,2026-10-03T10:00:00.088997,37.7,43.0,37.5,49.8
res-lab-res,Advanced Research Lab,RESEARCH_LAB,40,10,5,1,10,24.4,1,2,2026-10-03T10:00:00.088997,26.7,22.8,36.4,46.7
res-sr-01,Study Room A,STUDY_ROOM,24,10,5,1,5,19.4,3,6,2026-10-03T10:00:00.088997,19.8,26.6,22.3,22.3
res-sr-02,Study Room B,STUDY_ROOM,20,10,5,1,3,16.4,2,3,2026-10-03T10:00:00.088997,18.7,24.2,39.4,39.1
res-sr-03,Study Room C,STUDY_ROOM,20,10,5,1,3,16.4,3,0,2026-10-03T10:00:00.088997,17.7,24.3,25.1,35.9
res-can-01,Main Canteen,CANTEEN,250,10,5,1,95,37.8,4,0,2026-10-03T10:00:00.088997,48.0,38.9,47.6,56.6
res-sem-01,Dr. Kalam Seminar Hall,SEMINAR_HALL,180,10,5,1,36,19.7,7,0,2026-10-03T10:00:00.088997,26.5,25.9,52.4,43.0
res-cls-01,Block A Classrooms (301-305),CLASSROOM,150,10,5,1,48,32.0,1,0,2026-10-03T10:00:00.088997,36.7,43.1,46.7,13.8
res-cls-02,Block B Classrooms (201-204),CLASSROOM,120,10,5,1,22,18.1,3,7,2026-10-03T10:00:00.088997,19.9,29.7,16.8,30.6
res-sac-01,Student Activity Center,ACTIVITY_CENTER,160,10,5,1,22,13.9,5,0,2026-10-03T10:00:00.088997,22.6,17.1,12.3,11.5
res-lib-01,Central Library,LIBRARY,200,11,5,1,45,22.5,3,0,2026-10-03T11:00:00.088997,21.2,32.8,1.6,27.4
res-lib-02,Digital Reading Hall,LIBRARY,120,11,5,1,33,27.8,0,3,2026-10-03T11:00:00.088997,29.0,31.0,46.5,37.7
res-lab-01,Computer Lab 1,COMPUTER_LAB,80,11,5,1,44,55.4,8,2,2026-10-03T11:00:00.088997,65.1,62.0,80.2,62.2
res-lab-02,Computer Lab 2,COMPUTER_LAB,75,11,5,1,29,39.2,6,3,2026-10-03T11:00:00.088997,46.3,55.8,26.6,59.0
res-lab-03,Computer Lab 3,COMPUTER_LAB,60,11,5,1,7,11.4,0,2,2026-10-03T11:00:00.088997,15.5,20.5,22.8,31.9
res-lab-ai,AI & Data Science Lab,RESEARCH_LAB,50,11,5,1,14,27.6,4,4,2026-10-03T11:00:00.088997,35.0,32.9,33.7,36.9
res-lab-res,Advanced Research Lab,RESEARCH_LAB,40,11,5,1,6,15.2,4,0,2026-10-03T11:00:00.088997,18.8,20.7,9.3,7.3
res-sr-01,Study Room A,STUDY_ROOM,24,11,5,1,4,16.6,0,6,2026-10-03T11:00:00.088997,18.1,24.9,36.0,39.5
res-sr-02,Study Room B,STUDY_ROOM,20,11,5,1,3,15.0,0,2,2026-10-03T11:00:00.088997,14.2,30.9,30.8,27.5
res-sr-03,Study Room C,STUDY_ROOM,20,11,5,1,3,17.1,2,0,2026-10-03T11:00:00.088997,21.0,20.6,42.5,18.7
res-can-01,Main Canteen,CANTEEN,250,11,5,1,135,54.1,4,3,2026-10-03T11:00:00.088997,48.9,61.5,57.3,77.1
res-sem-01,Dr. Kalam Seminar Hall,SEMINAR_HALL,180,11,5,1,42,23.5,3,0,2026-10-03T11:00:00.088997,27.8,24.5,18.6,38.6
res-cls-01,Block A Classrooms (301-305),CLASSROOM,150,11,5,1,46,31.0,0,6,2026-10-03T11:00:00.088997,30.7,25.5,30.3,32.3
res-cls-02,Block B Classrooms (201-204),CLASSROOM,120,11,5,1,42,34.6,0,0,2026-10-03T11:00:00.088997,40.5,36.9,44.7,38.7
res-sac-01,Student Activity Center,ACTIVITY_CENTER,160,11,5,1,37,23.1,0,3,2026-10-03T11:00:00.088997,31.1,25.8,24.3,42.3
res-lib-01,Central Library,LIBRARY,200,12,5,1,58,29.0,1,7,2026-10-03T12:00:00.088997,31.2,37.1,50.4,26.2
res-lib-02,Digital Reading Hall,LIBRARY,120,12,5,1,48,40.0,2,12,2026-10-03T12:00:00.088997,38.9,46.9,52.6,34.7
res-lab-01,Computer Lab 1,COMPUTER_LAB,80,12,5,1,51,63.5,7,6,2026-10-03T12:00:00.088997,71.8,67.7,79.4,53.9
res-lab-02,Computer Lab 2,COMPUTER_LAB,75,12,5,1,37,48.7,8,3,2026-10-03T12:00:00.088997,43.3,43.7,40.1,35.6
res-lab-03,Computer Lab 3,COMPUTER_LAB,60,12,5,1,9,14.7,1,1,2026-10-03T12:00:00.088997,20.1,22.7,30.8,7.7
res-lab-ai,AI & Data Science Lab,RESEARCH_LAB,50,12,5,1,19,37.8,4,1,2026-10-03T12:00:00.088997,40.7,33.3,55.4,14.3
res-lab-res,Advanced Research Lab,RESEARCH_LAB,40,12,5,1,8,20.6,3,5,2026-10-03T12:00:00.088997,15.9,23.7,33.6,29.6
res-sr-01,Study Room A,STUDY_ROOM,24,12,5,1,5,19.8,0,8,2026-10-03T12:00:00.088997,25.1,33.1,17.0,14.1
res-sr-02,Study Room B,STUDY_ROOM,20,12,5,1,2,10.7,0,2,2026-10-03T12:00:00.088997,15.3,12.8,31.6,0.0
res-sr-03,Study Room C,STUDY_ROOM,20,12,5,1,4,18.6,2,1,2026-10-03T12:00:00.088997,25.7,17.4,19.9,0.0
res-can-01,Main Canteen,CANTEEN,250,12,5,1,186,74.4,7,5,2026-10-03T12:00:00.088997,75.3,84.5,88.4,55.5
res-sem-01,Dr. Kalam Seminar Hall,SEMINAR_HALL,180,12,5,1,47,26.2,0,3,2026-10-03T12:00:00.088997,33.3,27.7,39.9,7.2
res-cls-01,Block A Classrooms (301-305),CLASSROOM,150,12,5,1,43,28.4,5,9,2026-10-03T12:00:00.088997,32.5,30.9,33.2,39.3
res-cls-02,Block B Classrooms (201-204),CLASSROOM,120,12,5,1,43,36.1,2,3,2026-10-03T12:00:00.088997,38.9,43.9,57.7,39.4
res-sac-01,Student Activity Center,ACTIVITY_CENTER,160,12,5,1,25,15.8,1,2,2026-10-03T12:00:00.088997,15.4,26.7,22.0,9.7
res-lib-01,Central Library,LIBRARY,200,13,5,1,82,41.0,6,4,2026-10-03T13:00:00.088997,40.9,45.5,22.7,35.4
res-lib-02,Digital Reading Hall,LIBRARY,120,13,5,1,44,36.3,7,5,2026-10-03T13:00:00.088997,38.7,38.1,28.2,3.0
res-lab-01,Computer Lab 1,COMPUTER_LAB,80,13,5,1,51,63.1,7,10,2026-10-03T13:00:00.088997,66.7,69.5,58.8,39.4
res-lab-02,Computer Lab 2,COMPUTER_LAB,75,13,5,1,36,48.0,6,3,2026-10-03T13:00:00.088997,47.7,51.4,40.4,63.9
res-lab-03,Computer Lab 3,COMPUTER_LAB,60,13,5,1,18,30.5,1,2,2026-10-03T13:00:00.088997,38.5,44.9,40.0,19.2
res-lab-ai,AI & Data Science Lab,RESEARCH_LAB,50,13,5,1,25,49.4,2,3,2026-10-03T13:00:00.088997,46.9,57.2,41.7,40.1
res-lab-res,Advanced Research Lab,RESEARCH_LAB,40,13,5,1,7,16.6,4,0,2026-10-03T13:00:00.088997,17.6,21.0,0.0,9.2
res-sr-01,Study Room A,STUDY_ROOM,24,13,5,1,6,24.0,4,8,2026-10-03T13:00:00.088997,27.3,34.9,28.5,17.9
res-sr-02,Study Room B,STUDY_ROOM,20,13,5,1,2,11.5,0,2,2026-10-03T13:00:00.088997,11.9,24.2,0.0,0.0
res-sr-03,Study Room C,STUDY_ROOM,20,13,5,1,5,23.5,1,0,2026-10-03T13:00:00.088997,22.1,28.2,10.1,43.1
res-can-01,Main Canteen,CANTEEN,250,13,5,1,196,78.3,12,7,2026-10-03T13:00:00.088997,80.8,80.8,94.0,65.0
res-sem-01,Dr. Kalam Seminar Hall,SEMINAR_HALL,180,13,5,1,51,28.6,1,3,2026-10-03T13:00:00.088997,36.3,40.1,13.8,7.2
res-cls-01,Block A Classrooms (301-305),CLASSROOM,150,13,5,1,48,31.8,10,2,2026-10-03T13:00:00.088997,38.6,28.0,16.2,7.7
res-cls-02,Block B Classrooms (201-204),CLASSROOM,120,13,5,1,44,36.5,3,4,2026-10-03T13:00:00.088997,43.4,37.6,29.3,8.4
res-sac-01,Student Activity Center,ACTIVITY_CENTER,160,13,5,1,31,19.7,5,3,2026-10-03T13:00:00.088997,22.1,21.6,0.0,11.3
res-lib-01,Central Library,LIBRARY,200,14,5,1,90,44.8,11,3,2026-10-03T14:00:00.088997,43.9,46.5,47.1,25.4
res-lib-02,Digital Reading Hall,LIBRARY,120,14,5,1,52,43.7,3,1,2026-10-03T14:00:00.088997,47.6,39.1,35.1,34.7
res-lab-01,Computer Lab 1,COMPUTER_LAB,80,14,5,1,48,60.1,6,3,2026-10-03T14:00:00.088997,64.3,51.6,43.7,47.1
res-lab-02,Computer Lab 2,COMPUTER_LAB,75,14,5,1,44,58.5,4,7,2026-10-03T14:00:00.088997,55.5,54.9,58.8,25.8
res-lab-03,Computer Lab 3,COMPUTER_LAB,60,14,5,1,20,34.2,6,3,2026-10-03T14:00:00.088997,33.0,33.4,18.2,34.8
res-lab-ai,AI & Data Science Lab,RESEARCH_LAB,50,14,5,1,28,56.0,7,7,2026-10-03T14:00:00.088997,58.7,47.5,54.0,65.0
res-lab-res,Advanced Research Lab,RESEARCH_LAB,40,14,5,1,13,31.7,3,10,2026-10-03T14:00:00.088997,30.6,35.1,19.9,32.5
res-sr-01,Study Room A,STUDY_ROOM,24,14,5,1,7,31.0,4,1,2026-10-03T14:00:00.088997,36.6,24.6,13.0,20.1
res-sr-02,Study Room B,STUDY_ROOM,20,14,5,1,4,21.9,2,0,2026-10-03T14:00:00.088997,24.0,24.4,0.0,0.0
res-sr-03,Study Room C,STUDY_ROOM,20,14,5,1,7,34.4,2,5,2026-10-03T14:00:00.088997,39.7,27.1,40.6,4.8
res-can-01,Main Canteen,CANTEEN,250,14,5,1,172,68.7,6,8,2026-10-03T14:00:00.088997,59.7,56.0,65.0,49.1
res-sem-01,Dr. Kalam Seminar Hall,SEMINAR_HALL,180,14,5,1,48,26.5,8,3,2026-10-03T14:00:00.088997,28.1,16.9,6.4,13.5
res-cls-01,Block A Classrooms (301-305),CLASSROOM,150,14,5,1,20,13.2,0,2,2026-10-03T14:00:00.088997,10.7,10.2,10.6,0.0
res-cls-02,Block B Classrooms (201-204),CLASSROOM,120,14,5,1,32,26.3,0,1,2026-10-03T14:00:00.088997,27.2,30.2,20.0,30.7
res-sac-01,Student Activity Center,ACTIVITY_CENTER,160,14,5,1,26,16.5,2,0,2026-10-03T14:00:00.088997,5.0,18.9,8.1,21.2
res-lib-01,Central Library,LIBRARY,200,15,5,1,88,44.0,12,3,2026-10-03T15:00:00.088997,39.2,37.7,37.5,31.1
res-lib-02,Digital Reading Hall,LIBRARY,120,15,5,1,46,38.0,0,1,2026-10-03T15:00:00.088997,40.3,27.7,14.5,13.3
res-lab-01,Computer Lab 1,COMPUTER_LAB,80,15,5,1,44,54.7,4,4,2026-10-03T15:00:00.088997,49.5,55.7,51.1,69.3
res-lab-02,Computer Lab 2,COMPUTER_LAB,75,15,5,1,33,43.5,4,7,2026-10-03T15:00:00.088997,43.1,32.9,40.5,36.3
res-lab-03,Computer Lab 3,COMPUTER_LAB,60,15,5,1,20,33.8,2,3,2026-10-03T15:00:00.088997,37.6,33.0,20.7,13.3
res-lab-ai,AI & Data Science Lab,RESEARCH_LAB,50,15,5,1,30,59.2,0,3,2026-10-03T15:00:00.088997,62.8,56.0,44.4,32.8
res-lab-res,Advanced Research Lab,RESEARCH_LAB,40,15,5,1,16,40.2,5,3,2026-10-03T15:00:00.088997,39.7,36.2,33.0,12.3
res-sr-01,Study Room A,STUDY_ROOM,24,15,5,1,9,35.9,6,5,2026-10-03T15:00:00.088997,35.5,27.4,34.8,19.5
res-sr-02,Study Room B,STUDY_ROOM,20,15,5,1,7,33.4,1,1,2026-10-03T15:00:00.088997,30.8,33.4,25.0,21.8
res-sr-03,Study Room C,STUDY_ROOM,20,15,5,1,8,38.3,5,3,2026-10-03T15:00:00.088997,33.1,34.0,31.6,54.5
res-can-01,Main Canteen,CANTEEN,250,15,5,1,124,49.6,3,5,2026-10-03T15:00:00.088997,43.6,38.1,28.6,28.3
res-sem-01,Dr. Kalam Seminar Hall,SEMINAR_HALL,180,15,5,1,34,18.8,0,1,2026-10-03T15:00:00.088997,7.3,16.8,5.8,1.9
res-cls-01,Block A Classrooms (301-305),CLASSROOM,150,15,5,1,19,12.3,2,0,2026-10-03T15:00:00.088997,12.2,16.6,0.0,9.4
res-cls-02,Block B Classrooms (201-204),CLASSROOM,120,15,5,1,22,18.7,5,0,2026-10-03T15:00:00.088997,13.7,20.6,17.2,0.0
res-sac-01,Student Activity Center,ACTIVITY_CENTER,160,15,5,1,61,38.3,2,0,2026-10-03T15:00:00.088997,37.0,31.2,21.8,41.9
res-lib-01,Central Library,LIBRARY,200,16,5,1,95,47.4,6,7,2026-10-03T16:00:00.088997,44.3,37.9,42.0,40.8
res-lib-02,Digital Reading Hall,LIBRARY,120,16,5,1,44,36.7,10,2,2026-10-03T16:00:00.088997,35.4,24.0,34.7,26.9
res-lab-01,Computer Lab 1,COMPUTER_LAB,80,16,5,1,38,47.4,3,3,2026-10-03T16:00:00.088997,46.4,36.6,36.7,35.6
res-lab-02,Computer Lab 2,COMPUTER_LAB,75,16,5,1,24,32.0,0,1,2026-10-03T16:00:00.088997,36.3,22.0,23.5,7.5
res-lab-03,Computer Lab 3,COMPUTER_LAB,60,16,5,1,21,34.6,0,5,2026-10-03T16:00:00.088997,27.3,35.1,30.9,21.7
res-lab-ai,AI & Data Science Lab,RESEARCH_LAB,50,16,5,1,28,56.5,16,7,2026-10-03T16:00:00.088997,50.0,60.4,50.2,69.8
res-lab-res,Advanced Research Lab,RESEARCH_LAB,40,16,5,1,16,40.7,8,4,2026-10-03T16:00:00.088997,49.4,34.0,59.7,34.0
res-sr-01,Study Room A,STUDY_ROOM,24,16,5,1,12,48.2,10,2,2026-10-03T16:00:00.088997,50.1,41.5,41.6,37.2
res-sr-02,Study Room B,STUDY_ROOM,20,16,5,1,7,37.3,6,2,2026-10-03T16:00:00.088997,35.8,18.3,38.2,45.6
res-sr-03,Study Room C,STUDY_ROOM,20,16,5,1,8,40.6,0,6,2026-10-03T16:00:00.088997,35.6,36.7,38.8,35.2
res-can-01,Main Canteen,CANTEEN,250,16,5,1,93,37.1,4,4,2026-10-03T16:00:00.088997,38.1,31.7,22.9,30.5
res-sem-01,Dr. Kalam Seminar Hall,SEMINAR_HALL,180,16,5,1,17,9.6,0,0,2026-10-03T16:00:00.088997,5.4,1.5,0.0,10.8
res-cls-01,Block A Classrooms (301-305),CLASSROOM,150,16,5,1,21,14.1,5,0,2026-10-03T16:00:00.088997,10.3,13.9,7.2,3.6
res-cls-02,Block B Classrooms (201-204),CLASSROOM,120,16,5,1,6,5.0,2,2,2026-10-03T16:00:00.088997,3.0,4.9,2.4,0.0
res-sac-01,Student Activity Center,ACTIVITY_CENTER,160,16,5,1,90,56.1,3,10,2026-10-03T16:00:00.088997,58.0,46.3,53.7,47.5
res-lib-01,Central Library,LIBRARY,200,17,5,1,90,45.0,5,7,2026-10-03T17:00:00.088997,46.8,54.0,37.9,30.2
res-lib-02,Digital Reading Hall,LIBRARY,120,17,5,1,32,27.0,2,0,2026-10-03T17:00:00.088997,21.3,1.4,25.6,0.0
res-lab-01,Computer Lab 1,COMPUTER_LAB,80,17,5,1,29,36.2,5,2,2026-10-03T17:00:00.088997,42.8,22.1,48.3,40.8
res-lab-02,Computer Lab 2,COMPUTER_LAB,75,17,5,1,25,33.4,8,4,2026-10-03T17:00:00.088997,24.5,31.4,12.0,15.0
res-lab-03,Computer Lab 3,COMPUTER_LAB,60,17,5,1,19,31.5,1,5,2026-10-03T17:00:00.088997,28.6,29.0,23.4,21.0
res-lab-ai,AI & Data Science Lab,RESEARCH_LAB,50,17,5,1,22,43.3,1,3,2026-10-03T17:00:00.088997,37.4,46.6,22.9,59.3
res-lab-res,Advanced Research Lab,RESEARCH_LAB,40,17,5,1,19,47.2,5,3,2026-10-03T17:00:00.088997,47.8,41.0,41.9,45.3
res-sr-01,Study Room A,STUDY_ROOM,24,17,5,1,11,47.5,9,6,2026-10-03T17:00:00.088997,41.7,30.0,41.4,38.2
res-sr-02,Study Room B,STUDY_ROOM,20,17,5,1,10,47.6,5,5,2026-10-03T17:00:00.088997,48.7,45.6,47.2,25.7
res-sr-03,Study Room C,STUDY_ROOM,20,17,5,1,6,31.1,2,0,2026-10-03T17:00:00.088997,29.0,22.2,26.0,15.9
res-can-01,Main Canteen,CANTEEN,250,17,5,1,15,5.9,4,0,2026-10-03T17:00:00.088997,7.4,2.0,2.1,0.0
res-sem-01,Dr. Kalam Seminar Hall,SEMINAR_HALL,180,17,5,1,18,10.1,3,0,2026-10-03T17:00:00.088997,9.3,11.1,0.0,0.0
res-cls-01,Block A Classrooms (301-305),CLASSROOM,150,17,5,1,13,8.6,1,0,2026-10-03T17:00:00.088997,11.9,0.0,0.0,0.0
res-cls-02,Block B Classrooms (201-204),CLASSROOM,120,17,5,1,14,11.7,0,3,2026-10-03T17:00:00.088997,6.0,2.1,19.6,14.5
res-sac-01,Student Activity Center,ACTIVITY_CENTER,160,17,5,1,116,72.4,4,13,2026-10-03T17:00:00.088997,69.6,68.8,72.6,36.8
res-lib-01,Central Library,LIBRARY,200,18,5,1,78,39.2,4,4,2026-10-03T18:00:00.088997,32.0,36.2,31.6,47.3
res-lib-02,Digital Reading Hall,LIBRARY,120,18,5,1,29,24.0,2,1,2026-10-03T18:00:00.088997,26.1,20.7,3.7,37.1
res-lab-01,Computer Lab 1,COMPUTER_LAB,80,18,5,1,25,31.0,11,4,2026-10-03T18:00:00.088997,26.5,11.8,30.0,0.4
res-lab-02,Computer Lab 2,COMPUTER_LAB,75,18,5,1,20,26.4,8,0,2026-10-03T18:00:00.088997,27.4,16.6,28.6,15.2
res-lab-03,Computer Lab 3,COMPUTER_LAB,60,18,5,1,14,24.0,6,4,2026-10-03T18:00:00.088997,18.8,29.8,2.2,15.3
res-lab-ai,AI & Data Science Lab,RESEARCH_LAB,50,18,5,1,18,35.8,0,0,2026-10-03T18:00:00.088997,33.6,32.9,37.4,41.5
res-lab-res,Advanced Research Lab,RESEARCH_LAB,40,18,5,1,18,43.9,3,7,2026-10-03T18:00:00.088997,39.4,29.3,44.3,47.7
res-sr-01,Study Room A,STUDY_ROOM,24,18,5,1,9,36.7,10,5,2026-10-03T18:00:00.088997,36.5,28.6,37.9,6.4
res-sr-02,Study Room B,STUDY_ROOM,20,18,5,1,8,38.5,2,0,2026-10-03T18:00:00.088997,39.9,35.5,37.7,23.2
res-sr-03,Study Room C,STUDY_ROOM,20,18,5,1,6,32.1,4,1,2026-10-03T18:00:00.088997,27.5,15.2,34.6,32.7
res-can-01,Main Canteen,CANTEEN,250,18,5,1,54,21.7,1,0,2026-10-03T18:00:00.088997,12.9,22.5,20.3,28.3
res-sem-01,Dr. Kalam Seminar Hall,SEMINAR_HALL,180,18,5,1,9,5.0,2,0,2026-10-03T18:00:00.088997,8.4,3.2,0.0,0.0
res-cls-01,Block A Classrooms (301-305),CLASSROOM,150,18,5,1,8,5.0,0,0,2026-10-03T18:00:00.088997,0.4,0.0,0.0,0.0
res-cls-02,Block B Classrooms (201-204),CLASSROOM,120,18,5,1,12,9.9,2,0,2026-10-03T18:00:00.088997,8.2,13.5,0.4,3.8
res-sac-01,Student Activity Center,ACTIVITY_CENTER,160,18,5,1,131,81.6,12,9,2026-10-03T18:00:00.088997,83.0,79.7,79.5,74.9
res-lib-01,Central Library,LIBRARY,200,19,5,1,60,30.1,0,1,2026-10-03T19:00:00.088997,34.3,24.1,24.9,0.0
res-lib-02,Digital Reading Hall,LIBRARY,120,19,5,1,25,20.8,2,0,2026-10-03T19:00:00.088997,19.9,5.9,6.2,20.7
res-lab-01,Computer Lab 1,COMPUTER_LAB,80,19,5,1,29,35.6,2,1,2026-10-03T19:00:00.088997,32.0,31.6,16.8,37.1
res-lab-02,Computer Lab 2,COMPUTER_LAB,75,19,5,1,15,20.4,0,5,2026-10-03T19:00:00.088997,16.7,15.8,18.3,0.0
res-lab-03,Computer Lab 3,COMPUTER_LAB,60,19,5,1,9,15.5,3,6,2026-10-03T19:00:00.088997,11.5,7.8,12.6,6.1
res-lab-ai,AI & Data Science Lab,RESEARCH_LAB,50,19,5,1,15,29.5,8,0,2026-10-03T19:00:00.088997,21.8,14.4,32.3,23.6
res-lab-res,Advanced Research Lab,RESEARCH_LAB,40,19,5,1,13,31.3,3,3,2026-10-03T19:00:00.088997,20.5,27.5,12.7,27.8
res-sr-01,Study Room A,STUDY_ROOM,24,19,5,1,7,28.6,4,6,2026-10-03T19:00:00.088997,30.5,26.6,19.8,0.0
res-sr-02,Study Room B,STUDY_ROOM,20,19,5,1,7,33.3,3,2,2026-10-03T19:00:00.088997,25.1,30.9,14.6,39.8
res-sr-03,Study Room C,STUDY_ROOM,20,19,5,1,4,20.3,5,4,2026-10-03T19:00:00.088997,26.6,16.4,8.8,3.9
res-can-01,Main Canteen,CANTEEN,250,19,5,1,40,16.0,0,0,2026-10-03T19:00:00.088997,14.9,10.1,16.7,0.0
res-sem-01,Dr. Kalam Seminar Hall,SEMINAR_HALL,180,19,5,1,9,5.0,0,0,2026-10-03T19:00:00.088997,6.5,0.0,0.0,0.0
res-cls-01,Block A Classrooms (301-305),CLASSROOM,150,19,5,1,13,8.5,0,3,2026-10-03T19:00:00.088997,10.7,13.6,4.4,0.0
res-cls-02,Block B Classrooms (201-204),CLASSROOM,120,19,5,1,10,8.1,2,1,2026-10-03T19:00:00.088997,5.4,1.6,10.7,0.0
res-sac-01,Student Activity Center,ACTIVITY_CENTER,160,19,5,1,124,77.3,9,6,2026-10-03T19:00:00.088997,72.1,71.3,73.8,60.7
res-lib-01,Central Library,LIBRARY,200,20,5,1,57,28.4,2,2,2026-10-03T20:00:00.088997,21.3,26.8,18.0,35.3
res-lib-02,Digital Reading Hall,LIBRARY,120,20,5,1,27,22.8,2,5,2026-10-03T20:00:00.088997,22.4,23.9,7.1,16.4
res-lab-01,Computer Lab 1,COMPUTER_LAB,80,20,5,1,30,37.0,0,8,2026-10-03T20:00:00.088997,30.4,24.2,3.4,30.7
res-lab-02,Computer Lab 2,COMPUTER_LAB,75,20,5,1,14,18.4,0,4,2026-10-03T20:00:00.088997,17.2,9.7,0.0,5.1
res-lab-03,Computer Lab 3,COMPUTER_LAB,60,20,5,1,11,18.4,4,7,2026-10-03T20:00:00.088997,13.8,5.5,13.2,9.0
res-lab-ai,AI & Data Science Lab,RESEARCH_LAB,50,20,5,1,15,30.0,1,0,2026-10-03T20:00:00.088997,24.0,28.3,24.5,29.6
res-lab-res,Advanced Research Lab,RESEARCH_LAB,40,20,5,1,12,30.5,5,5,2026-10-03T20:00:00.088997,28.6,25.7,0.0,10.6
res-sr-01,Study Room A,STUDY_ROOM,24,20,5,1,5,22.3,2,0,2026-10-03T20:00:00.088997,24.0,12.0,24.2,0.0
res-sr-02,Study Room B,STUDY_ROOM,20,20,5,1,5,25.7,1,1,2026-10-03T20:00:00.088997,28.5,18.8,15.0,4.8
res-sr-03,Study Room C,STUDY_ROOM,20,20,5,1,3,14.0,2,0,2026-10-03T20:00:00.088997,11.4,15.1,8.4,0.0
res-can-01,Main Canteen,CANTEEN,250,20,5,1,24,9.7,0,2,2026-10-03T20:00:00.088997,8.1,11.4,0.0,0.0
res-sem-01,Dr. Kalam Seminar Hall,SEMINAR_HALL,180,20,5,1,9,5.0,0,0,2026-10-03T20:00:00.088997,4.3,0.0,0.0,2.5
res-cls-01,Block A Classrooms (301-305),CLASSROOM,150,20,5,1,16,10.9,0,0,2026-10-03T20:00:00.088997,8.6,3.9,1.0,18.4
res-cls-02,Block B Classrooms (201-204),CLASSROOM,120,20,5,1,12,10.4,2,0,2026-10-03T20:00:00.088997,11.4,22.5,14.5,0.0
res-sac-01,Student Activity Center,ACTIVITY_CENTER,160,20,5,1,106,66.1,8,7,2026-10-03T20:00:00.088997,63.1,59.4,37.9,63.6
res-lib-01,Central Library,LIBRARY,200,21,5,1,48,23.8,2,3,2026-10-03T21:00:00.088997,20.2,20.4,26.6,16.7
res-lib-02,Digital Reading Hall,LIBRARY,120,21,5,1,23,19.4,1,2,2026-10-03T21:00:00.088997,14.1,15.6,17.5,8.4
res-lab-01,Computer Lab 1,COMPUTER_LAB,80,21,5,1,27,33.3,3,5,2026-10-03T21:00:00.088997,26.9,23.4,10.8,21.7
res-lab-02,Computer Lab 2,COMPUTER_LAB,75,21,5,1,21,28.4,7,7,2026-10-03T21:00:00.088997,23.7,24.9,16.8,36.2
res-lab-03,Computer Lab 3,COMPUTER_LAB,60,21,5,1,12,20.2,2,0,2026-10-03T21:00:00.088997,4.4,6.6,0.0,0.0
res-lab-ai,AI & Data Science Lab,RESEARCH_LAB,50,21,5,1,19,37.5,0,0,2026-10-03T21:00:00.088997,31.8,48.1,29.0,37.4
res-lab-res,Advanced Research Lab,RESEARCH_LAB,40,21,5,1,8,20.7,0,6,2026-10-03T21:00:00.088997,20.3,15.0,28.5,4.5
res-sr-01,Study Room A,STUDY_ROOM,24,21,5,1,5,19.4,1,5,2026-10-03T21:00:00.088997,20.7,16.1,2.0,3.0
res-sr-02,Study Room B,STUDY_ROOM,20,21,5,1,3,15.5,5,0,2026-10-03T21:00:00.088997,19.9,18.2,0.0,0.0
res-sr-03,Study Room C,STUDY_ROOM,20,21,5,1,2,12.2,2,5,2026-10-03T21:00:00.088997,14.9,4.6,15.4,14.2
res-can-01,Main Canteen,CANTEEN,250,21,5,1,23,9.2,1,5,2026-10-03T21:00:00.088997,11.5,11.6,24.5,3.8
res-sem-01,Dr. Kalam Seminar Hall,SEMINAR_HALL,180,21,5,1,11,6.3,4,6,2026-10-03T21:00:00.088997,1.9,0.1,0.0,0.0
res-cls-01,Block A Classrooms (301-305),CLASSROOM,150,21,5,1,20,13.6,0,4,2026-10-03T21:00:00.088997,9.7,5.3,15.7,0.0
res-cls-02,Block B Classrooms (201-204),CLASSROOM,120,21,5,1,6,5.0,2,0,2026-10-03T21:00:00.088997,7.8,5.0,0.0,8.8
res-sac-01,Student Activity Center,ACTIVITY_CENTER,160,21,5,1,73,45.4,8,7,2026-10-03T21:00:00.088997,42.4,37.5,39.3,44.4
res-lib-01,Central Library,LIBRARY,200,8,6,1,57,28.6,2,1,2026-10-04T08:00:00.088997,24.6,37.5,33.1,35.0
res-lib-02,Digital Reading Hall,LIBRARY,120,8,6,1,32,26.9,5,3,2026-10-04T08:00:00.088997,32.2,40.4,20.4,30.1
res-lab-01,Computer Lab 1,COMPUTER_LAB,80,8,6,1,27,34.1,1,2,2026-10-04T08:00:00.088997,29.9,44.6,37.4,46.5
res-lab-02,Computer Lab 2,COMPUTER_LAB,75,8,6,1,19,25.2,4,0,2026-10-04T08:00:00.088997,29.0,28.6,36.9,21.1
res-lab-03,Computer Lab 3,COMPUTER_LAB,60,8,6,1,10,16.7,5,2,2026-10-04T08:00:00.088997,15.8,17.6,29.8,33.5
res-lab-ai,AI & Data Science Lab,RESEARCH_LAB,50,8,6,1,16,31.4,3,3,2026-10-04T08:00:00.088997,33.2,34.1,46.2,45.1
res-lab-res,Advanced Research Lab,RESEARCH_LAB,40,8,6,1,10,25.2,6,3,2026-10-04T08:00:00.088997,29.5,24.4,32.5,39.3
res-sr-01,Study Room A,STUDY_ROOM,24,8,6,1,3,13.7,2,0,2026-10-04T08:00:00.088997,12.3,15.5,21.4,7.7
res-sr-02,Study Room B,STUDY_ROOM,20,8,6,1,4,18.4,2,7,2026-10-04T08:00:00.088997,21.6,26.9,18.7,14.2
res-sr-03,Study Room C,STUDY_ROOM,20,8,6,1,3,17.5,0,3,2026-10-04T08:00:00.088997,26.3,28.2,30.6,30.7
res-can-01,Main Canteen,CANTEEN,250,8,6,1,21,8.5,0,0,2026-10-04T08:00:00.088997,5.2,13.7,26.4,3.0
res-sem-01,Dr. Kalam Seminar Hall,SEMINAR_HALL,180,8,6,1,19,10.6,4,2,2026-10-04T08:00:00.088997,14.2,14.5,19.0,15.0
res-cls-01,Block A Classrooms (301-305),CLASSROOM,150,8,6,1,29,19.2,2,7,2026-10-04T08:00:00.088997,23.5,23.0,26.3,20.7
res-cls-02,Block B Classrooms (201-204),CLASSROOM,120,8,6,1,9,7.8,3,0,2026-10-04T08:00:00.088997,7.3,9.3,9.2,31.3
res-sac-01,Student Activity Center,ACTIVITY_CENTER,160,8,6,1,25,15.6,1,1,2026-10-04T08:00:00.088997,18.4,16.1,11.1,41.6
res-lib-01,Central Library,LIBRARY,200,9,6,1,58,29.0,4,5,2026-10-04T09:00:00.088997,38.6,30.7,26.9,46.9
res-lib-02,Digital Reading Hall,LIBRARY,120,9,6,1,17,14.1,1,0,2026-10-04T09:00:00.088997,18.8,16.2,32.9,15.2
res-lab-01,Computer Lab 1,COMPUTER_LAB,80,9,6,1,30,37.8,2,5,2026-10-04T09:00:00.088997,35.8,42.7,57.7,49.2
res-lab-02,Computer Lab 2,COMPUTER_LAB,75,9,6,1,22,29.7,3,1,2026-10-04T09:00:00.088997,32.4,38.4,20.6,46.0
res-lab-03,Computer Lab 3,COMPUTER_LAB,60,9,6,1,7,11.2,0,2,2026-10-04T09:00:00.088997,18.6,17.5,7.0,13.2
res-lab-ai,AI & Data Science Lab,RESEARCH_LAB,50,9,6,1,14,28.3,3,2,2026-10-04T09:00:00.088997,32.3,39.3,39.4,49.1
res-lab-res,Advanced Research Lab,RESEARCH_LAB,40,9,6,1,8,18.9,12,3,2026-10-04T09:00:00.088997,23.7,34.5,27.7,21.2
res-sr-01,Study Room A,STUDY_ROOM,24,9,6,1,6,25.2,7,2,2026-10-04T09:00:00.088997,34.3,29.7,41.6,53.4
res-sr-02,Study Room B,STUDY_ROOM,20,9,6,1,3,15.4,3,4,2026-10-04T09:00:00.088997,15.9,15.5,35.4,29.1
res-sr-03,Study Room C,STUDY_ROOM,20,9,6,1,3,13.0,1,2,2026-10-04T09:00:00.088997,8.7,22.3,24.7,42.8
res-can-01,Main Canteen,CANTEEN,250,9,6,1,23,9.1,5,0,2026-10-04T09:00:00.088997,11.7,15.8,36.0,4.3
res-sem-01,Dr. Kalam Seminar Hall,SEMINAR_HALL,180,9,6,1,13,7.0,0,0,2026-10-04T09:00:00.088997,11.3,18.6,19.8,31.8
res-cls-01,Block A Classrooms (301-305),CLASSROOM,150,9,6,1,39,25.8,2,0,2026-10-04T09:00:00.088997,35.7,29.7,31.1,43.1
res-cls-02,Block B Classrooms (201-204),CLASSROOM,120,9,6,1,23,19.1,0,5,2026-10-04T09:00:00.088997,19.9,32.7,22.3,38.0
res-sac-01,Student Activity Center,ACTIVITY_CENTER,160,9,6,1,24,15.2,0,0,2026-10-04T09:00:00.088997,14.2,26.1,5.7,29.2
res-lib-01,Central Library,LIBRARY,200,10,6,1,52,26.0,0,0,2026-10-04T10:00:00.088997,24.8,31.3,47.2,48.9
res-lib-02,Digital Reading Hall,LIBRARY,120,10,6,1,28,23.3,0,0,2026-10-04T10:00:00.088997,23.8,22.9,31.0,33.3
res-lab-01,Computer Lab 1,COMPUTER_LAB,80,10,6,1,30,37.8,3,1,2026-10-04T10:00:00.088997,37.8,51.4,50.5,54.2
res-lab-02,Computer Lab 2,COMPUTER_LAB,75,10,6,1,25,33.8,6,7,2026-10-04T10:00:00.088997,38.1,40.0,36.5,33.9
res-lab-03,Computer Lab 3,COMPUTER_LAB,60,10,6,1,11,18.5,1,0,2026-10-04T10:00:00.088997,12.2,36.4,17.7,20.3
res-lab-ai,AI & Data Science Lab,RESEARCH_LAB,50,10,6,1,17,34.9,0,5,2026-10-04T10:00:00.088997,44.2,52.6,38.9,44.8
res-lab-res,Advanced Research Lab,RESEARCH_LAB,40,10,6,1,7,18.4,2,5,2026-10-04T10:00:00.088997,14.8,27.3,24.7,44.8
res-sr-01,Study Room A,STUDY_ROOM,24,10,6,1,6,25.3,1,2,2026-10-04T10:00:00.088997,30.8,36.2,11.0,45.9
res-sr-02,Study Room B,STUDY_ROOM,20,10,6,1,4,21.6,3,5,2026-10-04T10:00:00.088997,28.7,27.9,36.9,31.7
res-sr-03,Study Room C,STUDY_ROOM,20,10,6,1,3,14.8,0,1,2026-10-04T10:00:00.088997,24.3,14.4,28.3,28.6
res-can-01,Main Canteen,CANTEEN,250,10,6,1,97,38.7,9,1,2026-10-04T10:00:00.088997,38.4,40.6,42.3,43.9
res-sem-01,Dr. Kalam Seminar Hall,SEMINAR_HALL,180,10,6,1,28,15.5,0,0,2026-10-04T10:00:00.088997,14.3,23.5,22.9,22.6
res-cls-01,Block A Classrooms (301-305),CLASSROOM,150,10,6,1,44,29.4,0,7,2026-10-04T10:00:00.088997,30.2,50.6,44.3,61.3
res-cls-02,Block B Classrooms (201-204),CLASSROOM,120,10,6,1,33,27.1,3,0,2026-10-04T10:00:00.088997,25.2,38.8,37.5,44.5
res-sac-01,Student Activity Center,ACTIVITY_CENTER,160,10,6,1,29,18.3,3,0,2026-10-04T10:00:00.088997,24.3,22.1,27.1,36.9
res-lib-01,Central Library,LIBRARY,200,11,6,1,50,24.8,0,5,2026-10-04T11:00:00.088997,31.8,18.8,23.4,59.1
res-lib-02,Digital Reading Hall,LIBRARY,120,11,6,1,41,34.1,4,2,2026-10-04T11:00:00.088997,32.0,37.9,50.9,43.9
res-lab-01,Computer Lab 1,COMPUTER_LAB,80,11,6,1,40,50.6,11,3,2026-10-04T11:00:00.088997,53.8,61.6,50.2,62.7
res-lab-02,Computer Lab 2,COMPUTER_LAB,75,11,6,1,34,45.6,4,7,2026-10-04T11:00:00.088997,47.1,61.4,38.8,56.4
res-lab-03,Computer Lab 3,COMPUTER_LAB,60,11,6,1,5,9.1,0,0,2026-10-04T11:00:00.088997,10.0,7.0,16.4,24.6
res-lab-ai,AI & Data Science Lab,RESEARCH_LAB,50,11,6,1,12,23.9,0,10,2026-10-04T11:00:00.088997,27.2,18.0,19.3,36.6
res-lab-res,Advanced Research Lab,RESEARCH_LAB,40,11,6,1,8,20.4,0,8,2026-10-04T11:00:00.088997,32.9,23.8,36.3,41.5
res-sr-01,Study Room A,STUDY_ROOM,24,11,6,1,6,24.2,0,8,2026-10-04T11:00:00.088997,25.9,31.8,32.2,32.5
res-sr-02,Study Room B,STUDY_ROOM,20,11,6,1,3,16.1,0,0,2026-10-04T11:00:00.088997,17.3,15.8,29.0,31.3
res-sr-03,Study Room C,STUDY_ROOM,20,11,6,1,3,15.1,6,1,2026-10-04T11:00:00.088997,11.2,18.7,33.6,2.4
res-can-01,Main Canteen,CANTEEN,250,11,6,1,129,51.6,7,13,2026-10-04T11:00:00.088997,58.5,57.4,64.3,38.9
res-sem-01,Dr. Kalam Seminar Hall,SEMINAR_HALL,180,11,6,1,32,17.6,4,2,2026-10-04T11:00:00.088997,20.8,22.8,25.6,28.8
res-cls-01,Block A Classrooms (301-305),CLASSROOM,150,11,6,1,48,31.8,3,0,2026-10-04T11:00:00.088997,31.3,44.0,38.1,48.9
res-cls-02,Block B Classrooms (201-204),CLASSROOM,120,11,6,1,37,30.5,2,0,2026-10-04T11:00:00.088997,30.9,36.6,43.7,42.0
res-sac-01,Student Activity Center,ACTIVITY_CENTER,160,11,6,1,28,17.6,0,4,2026-10-04T11:00:00.088997,15.1,28.5,30.1,5.2
res-lib-01,Central Library,LIBRARY,200,12,6,1,56,27.9,6,6,2026-10-04T12:00:00.088997,26.9,34.0,42.2,24.8
res-lib-02,Digital Reading Hall,LIBRARY,120,12,6,1,50,41.7,3,7,2026-10-04T12:00:00.088997,47.6,45.7,42.6,20.9
res-lab-01,Computer Lab 1,COMPUTER_LAB,80,12,6,1,48,60.5,10,5,2026-10-04T12:00:00.088997,61.7,54.9,67.7,34.2
res-lab-02,Computer Lab 2,COMPUTER_LAB,75,12,6,1,34,45.7,9,1,2026-10-04T12:00:00.088997,48.6,56.7,55.6,27.4
res-lab-03,Computer Lab 3,COMPUTER_LAB,60,12,6,1,14,24.2,5,3,2026-10-04T12:00:00.088997,26.1,36.1,36.8,0.0
res-lab-ai,AI & Data Science Lab,RESEARCH_LAB,50,12,6,1,21,41.6,7,0,2026-10-04T12:00:00.088997,34.6,40.4,48.7,41.8
res-lab-res,Advanced Research Lab,RESEARCH_LAB,40,12,6,1,7,16.4,3,0,2026-10-04T12:00:00.088997,19.2,19.0,43.3,0.0
res-sr-01,Study Room A,STUDY_ROOM,24,12,6,1,5,19.9,0,0,2026-10-04T12:00:00.088997,15.1,38.7,24.7,5.4
res-sr-02,Study Room B,STUDY_ROOM,20,12,6,1,3,14.8,0,4,2026-10-04T12:00:00.088997,19.4,25.3,11.9,16.5
res-sr-03,Study Room C,STUDY_ROOM,20,12,6,1,5,23.8,2,5,2026-10-04T12:00:00.088997,26.9,19.2,30.2,6.0
res-can-01,Main Canteen,CANTEEN,250,12,6,1,168,67.2,11,1,2026-10-04T12:00:00.088997,67.4,67.3,68.2,45.3
res-sem-01,Dr. Kalam Seminar Hall,SEMINAR_HALL,180,12,6,1,50,28.0,4,3,2026-10-04T12:00:00.088997,30.8,36.8,57.4,17.7
res-cls-01,Block A Classrooms (301-305),CLASSROOM,150,12,6,1,55,36.8,7,9,2026-10-04T12:00:00.088997,41.1,36.8,47.6,27.8
res-cls-02,Block B Classrooms (201-204),CLASSROOM,120,12,6,1,46,38.1,1,7,2026-10-04T12:00:00.088997,40.1,48.1,48.9,27.6
res-sac-01,Student Activity Center,ACTIVITY_CENTER,160,12,6,1,25,15.9,3,7,2026-10-04T12:00:00.088997,9.9,24.2,24.3,1.8
res-lib-01,Central Library,LIBRARY,200,13,6,1,49,24.7,4,2,2026-10-04T13:00:00.088997,23.3,29.9,14.0,0.0
res-lib-02,Digital Reading Hall,LIBRARY,120,13,6,1,54,45.2,7,2,2026-10-04T13:00:00.088997,48.3,50.9,46.6,32.0
res-lab-01,Computer Lab 1,COMPUTER_LAB,80,13,6,1,50,63.1,6,12,2026-10-04T13:00:00.088997,63.3,63.9,54.2,42.3
res-lab-02,Computer Lab 2,COMPUTER_LAB,75,13,6,1,34,44.9,7,0,2026-10-04T13:00:00.088997,44.0,41.8,38.1,6.6
res-lab-03,Computer Lab 3,COMPUTER_LAB,60,13,6,1,20,34.0,6,0,2026-10-04T13:00:00.088997,36.8,42.1,34.5,4.4
res-lab-ai,AI & Data Science Lab,RESEARCH_LAB,50,13,6,1,20,40.4,9,1,2026-10-04T13:00:00.088997,40.3,49.2,21.8,25.2
res-lab-res,Advanced Research Lab,RESEARCH_LAB,40,13,6,1,9,23.6,0,0,2026-10-04T13:00:00.088997,21.1,23.9,26.2,28.4
res-sr-01,Study Room A,STUDY_ROOM,24,13,6,1,6,25.8,4,4,2026-10-04T13:00:00.088997,25.1,32.2,6.1,2.2
res-sr-02,Study Room B,STUDY_ROOM,20,13,6,1,3,14.7,0,0,2026-10-04T13:00:00.088997,13.8,26.5,20.7,2.3
res-sr-03,Study Room C,STUDY_ROOM,20,13,6,1,6,30.5,1,0,2026-10-04T13:00:00.088997,28.9,33.6,23.8,17.3
res-can-01,Main Canteen,CANTEEN,250,13,6,1,185,73.9,7,8,2026-10-04T13:00:00.088997,70.4,83.7,60.6,86.7
res-sem-01,Dr. Kalam Seminar Hall,SEMINAR_HALL,180,13,6,1,54,29.7,2,1,2026-10-04T13:00:00.088997,29.9,38.4,21.4,29.6
res-cls-01,Block A Classrooms (301-305),CLASSROOM,150,13,6,1,43,28.7,3,3,2026-10-04T13:00:00.088997,35.5,37.6,23.2,21.7
res-cls-02,Block B Classrooms (201-204),CLASSROOM,120,13,6,1,36,30.2,11,4,2026-10-04T13:00:00.088997,34.8,35.1,1.6,15.1
res-sac-01,Student Activity Center,ACTIVITY_CENTER,160,13,6,1,24,15.3,0,0,2026-10-04T13:00:00.088997,15.9,24.9,18.6,5.4
res-lib-01,Central Library,LIBRARY,200,14,6,1,79,39.5,3,4,2026-10-04T14:00:00.088997,38.4,37.1,27.6,33.9
res-lib-02,Digital Reading Hall,LIBRARY,120,14,6,1,56,46.7,4,0,2026-10-04T14:00:00.088997,41.1,51.1,23.4,50.5
res-lab-01,Computer Lab 1,COMPUTER_LAB,80,14,6,1,42,52.9,4,4,2026-10-04T14:00:00.088997,58.1,48.1,43.0,29.7
res-lab-02,Computer Lab 2,COMPUTER_LAB,75,14,6,1,39,51.9,4,4,2026-10-04T14:00:00.088997,48.5,51.3,50.8,29.3
res-lab-03,Computer Lab 3,COMPUTER_LAB,60,14,6,1,21,35.2,2,4,2026-10-04T14:00:00.088997,36.9,31.4,7.5,32.4
res-lab-ai,AI & Data Science Lab,RESEARCH_LAB,50,14,6,1,24,47.4,3,5,2026-10-04T14:00:00.088997,45.0,47.6,33.9,23.8
res-lab-res,Advanced Research Lab,RESEARCH_LAB,40,14,6,1,11,27.9,6,4,2026-10-04T14:00:00.088997,26.2,30.8,30.2,25.3
res-sr-01,Study Room A,STUDY_ROOM,24,14,6,1,7,28.4,5,2,2026-10-04T14:00:00.088997,24.9,19.3,18.9,8.9
res-sr-02,Study Room B,STUDY_ROOM,20,14,6,1,4,20.4,1,2,2026-10-04T14:00:00.088997,20.6,13.6,5.8,0.0
res-sr-03,Study Room C,STUDY_ROOM,20,14,6,1,8,38.1,4,3,2026-10-04T14:00:00.088997,40.8,25.4,30.6,14.5
res-can-01,Main Canteen,CANTEEN,250,14,6,1,174,69.5,1,9,2026-10-04T14:00:00.088997,70.5,59.0,62.1,46.7
res-sem-01,Dr. Kalam Seminar Hall,SEMINAR_HALL,180,14,6,1,53,29.5,5,0,2026-10-04T14:00:00.088997,22.3,31.0,38.9,23.4
res-cls-01,Block A Classrooms (301-305),CLASSROOM,150,14,6,1,32,21.4,1,2,2026-10-04T14:00:00.088997,20.8,15.3,25.5,11.5
res-cls-02,Block B Classrooms (201-204),CLASSROOM,120,14,6,1,38,31.3,3,2,2026-10-04T14:00:00.088997,34.1,27.1,24.8,21.4
res-sac-01,Student Activity Center,ACTIVITY_CENTER,160,14,6,1,22,13.5,0,6,2026-10-04T14:00:00.088997,15.8,16.0,0.0,18.9
res-lib-01,Central Library,LIBRARY,200,15,6,1,111,55.6,9,10,2026-10-04T15:00:00.088997,56.8,45.5,52.2,31.4
res-lib-02,Digital Reading Hall,LIBRARY,120,15,6,1,45,37.6,5,4,2026-10-04T15:00:00.088997,37.5,21.9,28.3,32.2
res-lab-01,Computer Lab 1,COMPUTER_LAB,80,15,6,1,46,58.0,9,6,2026-10-04T15:00:00.088997,54.5,56.0,47.3,56.8
res-lab-02,Computer Lab 2,COMPUTER_LAB,75,15,6,1,35,46.7,5,2,2026-10-04T15:00:00.088997,49.2,45.1,57.7,41.1
res-lab-03,Computer Lab 3,COMPUTER_LAB,60,15,6,1,26,43.4,0,5,2026-10-04T15:00:00.088997,40.2,43.4,38.5,43.3
res-lab-ai,AI & Data Science Lab,RESEARCH_LAB,50,15,6,1,32,64.5,5,9,2026-10-04T15:00:00.088997,65.3,71.4,62.9,59.7
res-lab-res,Advanced Research Lab,RESEARCH_LAB,40,15,6,1,16,40.2,7,8,2026-10-04T15:00:00.088997,34.9,32.9,47.8,4.7
res-sr-01,Study Room A,STUDY_ROOM,24,15,6,1,10,39.7,5,3,2026-10-04T15:00:00.088997,44.0,37.5,28.2,20.1
res-sr-02,Study Room B,STUDY_ROOM,20,15,6,1,6,29.3,7,3,2026-10-04T15:00:00.088997,26.7,20.1,24.6,21.1
res-sr-03,Study Room C,STUDY_ROOM,20,15,6,1,7,37.0,7,8,2026-10-04T15:00:00.088997,35.2,33.8,19.0,33.8
res-can-01,Main Canteen,CANTEEN,250,15,6,1,135,53.9,5,3,2026-10-04T15:00:00.088997,59.3,51.2,37.6,52.1
res-sem-01,Dr. Kalam Seminar Hall,SEMINAR_HALL,180,15,6,1,41,22.7,2,5,2026-10-04T15:00:00.088997,10.3,6.9,27.1,9.2
res-cls-01,Block A Classrooms (301-305),CLASSROOM,150,15,6,1,12,8.3,0,1,2026-10-04T15:00:00.088997,7.6,11.9,3.6,0.0
res-cls-02,Block B Classrooms (201-204),CLASSROOM,120,15,6,1,30,24.8,6,5,2026-10-04T15:00:00.088997,25.3,21.4,11.5,0.4
res-sac-01,Student Activity Center,ACTIVITY_CENTER,160,15,6,1,53,33.0,5,4,2026-10-04T15:00:00.088997,35.4,31.4,34.5,19.5
res-lib-01,Central Library,LIBRARY,200,16,6,1,108,54.1,3,5,2026-10-04T16:00:00.088997,44.8,49.3,57.1,42.9
res-lib-02,Digital Reading Hall,LIBRARY,120,16,6,1,43,36.0,5,1,2026-10-04T16:00:00.088997,33.3,38.1,34.5,16.6
res-lab-01,Computer Lab 1,COMPUTER_LAB,80,16,6,1,34,42.6,5,2,2026-10-04T16:00:00.088997,39.9,28.9,44.0,29.4
res-lab-02,Computer Lab 2,COMPUTER_LAB,75,16,6,1,29,38.4,2,3,2026-10-04T16:00:00.088997,36.9,29.7,28.4,43.0
res-lab-03,Computer Lab 3,COMPUTER_LAB,60,16,6,1,18,30.7,4,0,2026-10-04T16:00:00.088997,34.1,24.7,13.3,16.2
res-lab-ai,AI & Data Science Lab,RESEARCH_LAB,50,16,6,1,27,54.1,14,0,2026-10-04T16:00:00.088997,47.4,57.0,32.6,42.3
res-lab-res,Advanced Research Lab,RESEARCH_LAB,40,16,6,1,16,40.8,2,3,2026-10-04T16:00:00.088997,37.5,42.2,44.8,33.9
res-sr-01,Study Room A,STUDY_ROOM,24,16,6,1,11,43.9,6,6,2026-10-04T16:00:00.088997,45.9,41.1,49.7,24.5
res-sr-02,Study Room B,STUDY_ROOM,20,16,6,1,8,39.6,6,2,2026-10-04T16:00:00.088997,38.5,36.4,30.3,25.8
res-sr-03,Study Room C,STUDY_ROOM,20,16,6,1,7,33.8,1,2,2026-10-04T16:00:00.088997,29.5,23.6,35.3,20.5
res-can-01,Main Canteen,CANTEEN,250,16,6,1,104,41.4,5,7,2026-10-04T16:00:00.088997,38.6,32.5,35.8,45.0
res-sem-01,Dr. Kalam Seminar Hall,SEMINAR_HALL,180,16,6,1,25,13.8,2,2,2026-10-04T16:00:00.088997,11.4,8.5,0.0,1.6
res-cls-01,Block A Classrooms (301-305),CLASSROOM,150,16,6,1,19,12.6,2,1,2026-10-04T16:00:00.088997,13.5,8.8,4.7,9.4
res-cls-02,Block B Classrooms (201-204),CLASSROOM,120,16,6,1,18,15.3,1,2,2026-10-04T16:00:00.088997,13.1,8.6,8.7,5.3
res-sac-01,Student Activity Center,ACTIVITY_CENTER,160,16,6,1,84,52.6,7,10,2026-10-04T16:00:00.088997,46.7,44.6,69.6,30.7
res-lib-01,Central Library,LIBRARY,200,17,6,1,106,52.9,5,5,2026-10-04T17:00:00.088997,50.4,50.4,30.7,43.1
res-lib-02,Digital Reading Hall,LIBRARY,120,17,6,1,28,23.1,0,5,2026-10-04T17:00:00.088997,12.7,31.0,20.7,0.0
res-lab-01,Computer Lab 1,COMPUTER_LAB,80,17,6,1,36,45.1,3,2,2026-10-04T17:00:00.088997,35.9,34.9,30.4,42.9
res-lab-02,Computer Lab 2,COMPUTER_LAB,75,17,6,1,26,34.4,0,4,2026-10-04T17:00:00.088997,25.0,31.0,45.8,1.0
res-lab-03,Computer Lab 3,COMPUTER_LAB,60,17,6,1,17,27.7,5,5,2026-10-04T17:00:00.088997,22.0,31.6,12.4,35.8
res-lab-ai,AI & Data Science Lab,RESEARCH_LAB,50,17,6,1,24,48.7,9,5,2026-10-04T17:00:00.088997,49.3,47.9,51.0,36.3
res-lab-res,Advanced Research Lab,RESEARCH_LAB,40,17,6,1,17,42.4,4,2,2026-10-04T17:00:00.088997,38.0,47.3,40.0,37.3
res-sr-01,Study Room A,STUDY_ROOM,24,17,6,1,12,49.1,7,10,2026-10-04T17:00:00.088997,38.8,38.2,34.8,20.6
res-sr-02,Study Room B,STUDY_ROOM,20,17,6,1,8,40.3,5,9,2026-10-04T17:00:00.088997,41.9,32.3,36.8,6.4
res-sr-03,Study Room C,STUDY_ROOM,20,17,6,1,7,35.6,4,0,2026-10-04T17:00:00.088997,32.8,26.4,19.2,31.7
res-can-01,Main Canteen,CANTEEN,250,17,6,1,35,14.1,3,0,2026-10-04T17:00:00.088997,9.5,6.7,4.2,0.0
res-sem-01,Dr. Kalam Seminar Hall,SEMINAR_HALL,180,17,6,1,17,9.2,0,3,2026-10-04T17:00:00.088997,1.6,0.1,8.9,7.7
res-cls-01,Block A Classrooms (301-305),CLASSROOM,150,17,6,1,8,5.2,1,1,2026-10-04T17:00:00.088997,0.4,2.3,0.0,0.0
res-cls-02,Block B Classrooms (201-204),CLASSROOM,120,17,6,1,15,12.4,1,1,2026-10-04T17:00:00.088997,9.7,10.6,9.7,9.9
res-sac-01,Student Activity Center,ACTIVITY_CENTER,160,17,6,1,116,72.4,7,5,2026-10-04T17:00:00.088997,66.2,65.0,58.9,79.6
res-lib-01,Central Library,LIBRARY,200,18,6,1,75,37.6,7,2,2026-10-04T18:00:00.088997,34.8,35.0,16.9,16.0
res-lib-02,Digital Reading Hall,LIBRARY,120,18,6,1,18,15.0,0,0,2026-10-04T18:00:00.088997,18.3,6.5,0.0,0.0
res-lab-01,Computer Lab 1,COMPUTER_LAB,80,18,6,1,31,38.2,9,3,2026-10-04T18:00:00.088997,34.2,33.1,34.0,12.7
res-lab-02,Computer Lab 2,COMPUTER_LAB,75,18,6,1,18,24.0,2,2,2026-10-04T18:00:00.088997,21.4,13.4,19.1,11.5
res-lab-03,Computer Lab 3,COMPUTER_LAB,60,18,6,1,14,23.9,0,4,2026-10-04T18:00:00.088997,18.1,28.6,5.3,21.1
res-lab-ai,AI & Data Science Lab,RESEARCH_LAB,50,18,6,1,16,31.5,0,1,2026-10-04T18:00:00.088997,20.4,30.9,23.3,36.3
res-lab-res,Advanced Research Lab,RESEARCH_LAB,40,18,6,1,17,42.1,5,3,2026-10-04T18:00:00.088997,36.6,34.6,23.2,34.7
res-sr-01,Study Room A,STUDY_ROOM,24,18,6,1,9,38.8,4,12,2026-10-04T18:00:00.088997,35.2,35.7,30.3,40.7
res-sr-02,Study Room B,STUDY_ROOM,20,18,6,1,8,40.8,4,10,2026-10-04T18:00:00.088997,35.4,34.6,41.1,19.0
res-sr-03,Study Room C,STUDY_ROOM,20,18,6,1,6,31.2,2,6,2026-10-04T18:00:00.088997,33.1,25.7,14.2,14.5
res-can-01,Main Canteen,CANTEEN,250,18,6,1,25,9.9,3,1,2026-10-04T18:00:00.088997,10.1,7.0,9.6,0.0
res-sem-01,Dr. Kalam Seminar Hall,SEMINAR_HALL,180,18,6,1,10,5.7,0,0,2026-10-04T18:00:00.088997,7.7,6.6,8.5,0.0
res-cls-01,Block A Classrooms (301-305),CLASSROOM,150,18,6,1,17,11.4,4,5,2026-10-04T18:00:00.088997,3.4,6.4,1.7,18.5
res-cls-02,Block B Classrooms (201-204),CLASSROOM,120,18,6,1,6,5.0,0,4,2026-10-04T18:00:00.088997,1.1,0.0,10.6,0.0
res-sac-01,Student Activity Center,ACTIVITY_CENTER,160,18,6,1,135,84.1,5,4,2026-10-04T18:00:00.088997,82.9,74.0,78.5,93.7
res-lib-01,Central Library,LIBRARY,200,19,6,1,67,33.5,8,4,2026-10-04T19:00:00.088997,35.3,14.4,31.2,27.3
res-lib-02,Digital Reading Hall,LIBRARY,120,19,6,1,22,18.6,7,0,2026-10-04T19:00:00.088997,10.1,18.3,0.0,7.5
res-lab-01,Computer Lab 1,COMPUTER_LAB,80,19,6,1,32,40.4,6,3,2026-10-04T19:00:00.088997,37.0,43.0,21.4,37.7
res-lab-02,Computer Lab 2,COMPUTER_LAB,75,19,6,1,25,33.8,5,2,2026-10-04T19:00:00.088997,31.1,25.9,19.9,23.2
res-lab-03,Computer Lab 3,COMPUTER_LAB,60,19,6,1,11,17.7,6,0,2026-10-04T19:00:00.088997,6.0,22.5,10.2,7.0
res-lab-ai,AI & Data Science Lab,RESEARCH_LAB,50,19,6,1,16,32.0,3,9,2026-10-04T19:00:00.088997,32.0,24.3,20.8,18.3
res-lab-res,Advanced Research Lab,RESEARCH_LAB,40,19,6,1,13,33.7,9,3,2026-10-04T19:00:00.088997,27.0,31.1,38.7,34.4
res-sr-01,Study Room A,STUDY_ROOM,24,19,6,1,7,30.1,0,7,2026-10-04T19:00:00.088997,21.6,27.3,17.0,33.9
res-sr-02,Study Room B,STUDY_ROOM,20,19,6,1,6,30.8,1,4,2026-10-04T19:00:00.088997,32.0,34.0,27.1,23.0
res-sr-03,Study Room C,STUDY_ROOM,20,19,6,1,5,23.9,0,0,2026-10-04T19:00:00.088997,16.8,2.8,23.5,29.1
res-can-01,Main Canteen,CANTEEN,250,19,6,1,31,12.2,2,1,2026-10-04T19:00:00.088997,10.4,17.4,18.2,0.0
res-sem-01,Dr. Kalam Seminar Hall,SEMINAR_HALL,180,19,6,1,17,9.4,4,2,2026-10-04T19:00:00.088997,9.0,6.6,0.0,0.0
res-cls-01,Block A Classrooms (301-305),CLASSROOM,150,19,6,1,20,13.1,0,0,2026-10-04T19:00:00.088997,2.8,5.3,8.5,6.6
res-cls-02,Block B Classrooms (201-204),CLASSROOM,120,19,6,1,16,13.4,0,1,2026-10-04T19:00:00.088997,14.8,11.2,0.1,5.0
res-sac-01,Student Activity Center,ACTIVITY_CENTER,160,19,6,1,102,63.9,7,4,2026-10-04T19:00:00.088997,68.0,53.1,57.0,46.8
res-lib-01,Central Library,LIBRARY,200,20,6,1,46,22.8,3,1,2026-10-04T20:00:00.088997,28.2,5.9,20.4,9.7
res-lib-02,Digital Reading Hall,LIBRARY,120,20,6,1,24,19.8,3,4,2026-10-04T20:00:00.088997,18.9,20.8,12.2,0.0
res-lab-01,Computer Lab 1,COMPUTER_LAB,80,20,6,1,28,34.6,7,2,2026-10-04T20:00:00.088997,28.3,33.4,29.7,13.4
res-lab-02,Computer Lab 2,COMPUTER_LAB,75,20,6,1,18,24.1,2,2,2026-10-04T20:00:00.088997,24.7,16.6,22.4,5.7
res-lab-03,Computer Lab 3,COMPUTER_LAB,60,20,6,1,13,21.7,7,0,2026-10-04T20:00:00.088997,14.8,22.5,16.0,16.3
res-lab-ai,AI & Data Science Lab,RESEARCH_LAB,50,20,6,1,14,27.4,2,1,2026-10-04T20:00:00.088997,26.6,14.9,18.5,0.3
res-lab-res,Advanced Research Lab,RESEARCH_LAB,40,20,6,1,11,27.1,2,4,2026-10-04T20:00:00.088997,27.4,26.6,5.7,30.2
res-sr-01,Study Room A,STUDY_ROOM,24,20,6,1,5,22.1,0,3,2026-10-04T20:00:00.088997,18.8,19.3,19.1,1.0
res-sr-02,Study Room B,STUDY_ROOM,20,20,6,1,5,27.4,2,5,2026-10-04T20:00:00.088997,23.6,19.4,10.2,4.5
res-sr-03,Study Room C,STUDY_ROOM,20,20,6,1,2,9.6,0,5,2026-10-04T20:00:00.088997,10.4,12.3,0.0,0.0
res-can-01,Main Canteen,CANTEEN,250,20,6,1,28,11.3,6,0,2026-10-04T20:00:00.088997,9.7,0.0,3.5,0.0
res-sem-01,Dr. Kalam Seminar Hall,SEMINAR_HALL,180,20,6,1,9,5.0,0,0,2026-10-04T20:00:00.088997,0.0,0.0,1.6,0.0
res-cls-01,Block A Classrooms (301-305),CLASSROOM,150,20,6,1,22,14.6,0,2,2026-10-04T20:00:00.088997,14.6,18.8,0.1,7.9
res-cls-02,Block B Classrooms (201-204),CLASSROOM,120,20,6,1,7,6.2,5,0,2026-10-04T20:00:00.088997,5.7,10.6,0.0,1.4
res-sac-01,Student Activity Center,ACTIVITY_CENTER,160,20,6,1,85,53.0,13,0,2026-10-04T20:00:00.088997,45.0,41.3,35.2,47.3
res-lib-01,Central Library,LIBRARY,200,21,6,1,64,32.2,7,3,2026-10-04T21:00:00.088997,30.2,23.6,27.7,17.7
res-lib-02,Digital Reading Hall,LIBRARY,120,21,6,1,25,20.8,0,0,2026-10-04T21:00:00.088997,18.9,15.8,7.4,0.0
res-lab-01,Computer Lab 1,COMPUTER_LAB,80,21,6,1,30,37.2,5,9,2026-10-04T21:00:00.088997,40.8,25.1,27.5,8.9
res-lab-02,Computer Lab 2,COMPUTER_LAB,75,21,6,1,13,17.6,8,6,2026-10-04T21:00:00.088997,13.1,20.1,22.2,0.0
res-lab-03,Computer Lab 3,COMPUTER_LAB,60,21,6,1,11,18.4,0,2,2026-10-04T21:00:00.088997,28.4,22.9,9.2,23.5
res-lab-ai,AI & Data Science Lab,RESEARCH_LAB,50,21,6,1,11,22.3,4,3,2026-10-04T21:00:00.088997,23.1,14.3,17.7,20.6
res-lab-res,Advanced Research Lab,RESEARCH_LAB,40,21,6,1,4,10.7,0,0,2026-10-04T21:00:00.088997,11.4,14.0,0.0,0.0
res-sr-01,Study Room A,STUDY_ROOM,24,21,6,1,5,20.5,0,1,2026-10-04T21:00:00.088997,17.1,18.9,15.3,10.4
res-sr-02,Study Room B,STUDY_ROOM,20,21,6,1,5,26.3,3,1,2026-10-04T21:00:00.088997,23.1,16.7,9.1,0.0
res-sr-03,Study Room C,STUDY_ROOM,20,21,6,1,4,19.5,0,2,2026-10-04T21:00:00.088997,16.3,14.4,21.9,9.7
res-can-01,Main Canteen,CANTEEN,250,21,6,1,16,6.3,0,3,2026-10-04T21:00:00.088997,6.2,6.8,0.0,0.0
res-sem-01,Dr. Kalam Seminar Hall,SEMINAR_HALL,180,21,6,1,13,7.0,1,1,2026-10-04T21:00:00.088997,0.0,0.0,0.0,0.0
res-cls-01,Block A Classrooms (301-305),CLASSROOM,150,21,6,1,18,11.7,1,4,2026-10-04T21:00:00.088997,15.7,8.9,9.8,0.0
res-cls-02,Block B Classrooms (201-204),CLASSROOM,120,21,6,1,9,7.1,3,0,2026-10-04T21:00:00.088997,7.9,12.4,5.0,0.0
res-sac-01,Student Activity Center,ACTIVITY_CENTER,160,21,6,1,52,32.4,4,6,2026-10-04T21:00:00.088997,29.7,33.5,27.7,23.9
res-lib-01,Central Library,LIBRARY,200,8,0,0,47,23.7,0,1,2026-10-05T08:00:00.088997,24.0,32.2,31.6,46.7
res-lib-02,Digital Reading Hall,LIBRARY,120,8,0,0,25,21.1,1,0,2026-10-05T08:00:00.088997,20.7,27.1,25.8,18.2
res-lab-01,Computer Lab 1,COMPUTER_LAB,80,8,0,0,31,39.0,5,4,2026-10-05T08:00:00.088997,37.7,37.8,45.6,24.7
res-lab-02,Computer Lab 2,COMPUTER_LAB,75,8,0,0,21,28.1,1,2,2026-10-05T08:00:00.088997,31.8,31.8,25.6,56.2
res-lab-03,Computer Lab 3,COMPUTER_LAB,60,8,0,0,5,8.9,0,3,2026-10-05T08:00:00.088997,5.0,21.4,20.3,22.3
res-lab-ai,AI & Data Science Lab,RESEARCH_LAB,50,8,0,0,14,27.7,0,1,2026-10-05T08:00:00.088997,26.2,40.0,29.0,43.8
res-lab-res,Advanced Research Lab,RESEARCH_LAB,40,8,0,0,10,24.0,0,3,2026-10-05T08:00:00.088997,22.4,28.0,27.9,25.7
res-sr-01,Study Room A,STUDY_ROOM,24,8,0,0,5,20.6,0,4,2026-10-05T08:00:00.088997,18.3,18.0,26.4,26.2
res-sr-02,Study Room B,STUDY_ROOM,20,8,0,0,3,16.4,2,0,2026-10-05T08:00:00.088997,22.4,19.8,26.6,52.8
res-sr-03,Study Room C,STUDY_ROOM,20,8,0,0,4,20.1,3,0,2026-10-05T08:00:00.088997,16.7,32.1,24.5,28.1
res-can-01,Main Canteen,CANTEEN,250,8,0,0,14,5.4,1,3,2026-10-05T08:00:00.088997,13.5,7.7,19.2,14.3
res-sem-01,Dr. Kalam Seminar Hall,SEMINAR_HALL,180,8,0,0,15,8.5,1,0,2026-10-05T08:00:00.088997,15.8,14.1,13.4,20.7
res-cls-01,Block A Classrooms (301-305),CLASSROOM,150,8,0,0,45,29.8,4,2,2026-10-05T08:00:00.088997,28.7,49.1,28.8,44.1
res-cls-02,Block B Classrooms (201-204),CLASSROOM,120,8,0,0,12,10.2,0,0,2026-10-05T08:00:00.088997,6.9,27.6,15.8,18.0
res-sac-01,Student Activity Center,ACTIVITY_CENTER,160,8,0,0,36,22.8,0,6,2026-10-05T08:00:00.088997,27.2,15.9,27.4,38.0
res-lib-01,Central Library,LIBRARY,200,9,0,0,50,25.1,3,0,2026-10-05T09:00:00.088997,24.3,28.3,50.8,24.3
res-lib-02,Digital Reading Hall,LIBRARY,120,9,0,0,22,18.1,2,0,2026-10-05T09:00:00.088997,21.8,15.3,16.3,14.4
res-lab-01,Computer Lab 1,COMPUTER_LAB,80,9,0,0,23,28.4,7,4,2026-10-05T09:00:00.088997,34.1,38.4,34.9,38.1
res-lab-02,Computer Lab 2,COMPUTER_LAB,75,9,0,0,22,29.1,8,0,2026-10-05T09:00:00.088997,41.1,26.2,32.9,39.9
res-lab-03,Computer Lab 3,COMPUTER_LAB,60,9,0,0,9,15.7,7,4,2026-10-05T09:00:00.088997,19.3,26.9,26.8,17.6
res-lab-ai,AI & Data Science Lab,RESEARCH_LAB,50,9,0,0,16,31.9,4,0,2026-10-05T09:00:00.088997,39.0,36.6,29.9,30.4
res-lab-res,Advanced Research Lab,RESEARCH_LAB,40,9,0,0,9,22.1,5,3,2026-10-05T09:00:00.088997,26.1,22.3,31.0,28.2
res-sr-01,Study Room A,STUDY_ROOM,24,9,0,0,5,19.2,1,0,2026-10-05T09:00:00.088997,24.2,18.2,15.5,19.8
res-sr-02,Study Room B,STUDY_ROOM,20,9,0,0,4,18.5,3,0,2026-10-05T09:00:00.088997,22.9,23.2,22.8,25.6
res-sr-03,Study Room C,STUDY_ROOM,20,9,0,0,2,9.7,1,0,2026-10-05T09:00:00.088997,10.3,12.6,24.6,20.1
res-can-01,Main Canteen,CANTEEN,250,9,0,0,32,12.8,0,0,2026-10-05T09:00:00.088997,16.9,25.3,10.6,12.7
res-sem-01,Dr. Kalam Seminar Hall,SEMINAR_HALL,180,9,0,0,13,7.0,5,1,2026-10-05T09:00:00.088997,4.6,5.5,16.2,21.3
res-cls-01,Block A Classrooms (301-305),CLASSROOM,150,9,0,0,77,51.1,2,8,2026-10-05T09:00:00.088997,51.7,59.3,43.2,75.5
res-cls-02,Block B Classrooms (201-204),CLASSROOM,120,9,0,0,23,19.1,6,3,2026-10-05T09:00:00.088997,15.3,25.5,42.0,21.9
res-sac-01,Student Activity Center,ACTIVITY_CENTER,160,9,0,0,35,21.6,3,6,2026-10-05T09:00:00.088997,24.3,25.9,46.2,40.3
res-lib-01,Central Library,LIBRARY,200,10,0,0,48,24.1,4,0,2026-10-05T10:00:00.088997,26.5,36.2,30.6,23.6
res-lib-02,Digital Reading Hall,LIBRARY,120,10,0,0,34,27.9,3,0,2026-10-05T10:00:00.088997,24.2,25.7,46.5,36.2
res-lab-01,Computer Lab 1,COMPUTER_LAB,80,10,0,0,38,47.0,2,2,2026-10-05T10:00:00.088997,46.6,50.4,40.1,70.1
res-lab-02,Computer Lab 2,COMPUTER_LAB,75,10,0,0,28,36.7,5,6,2026-10-05T10:00:00.088997,42.1,38.3,50.2,53.9
res-lab-03,Computer Lab 3,COMPUTER_LAB,60,10,0,0,10,16.3,5,4,2026-10-05T10:00:00.088997,21.2,29.5,24.5,27.0
res-lab-ai,AI & Data Science Lab,RESEARCH_LAB,50,10,0,0,17,33.3,3,4,2026-10-05T10:00:00.088997,33.0,24.6,46.7,24.7
res-lab-res,Advanced Research Lab,RESEARCH_LAB,40,10,0,0,7,17.2,4,4,2026-10-05T10:00:00.088997,23.9,10.1,27.9,24.1
res-sr-01,Study Room A,STUDY_ROOM,24,10,0,0,6,24.0,7,0,2026-10-05T10:00:00.088997,26.0,33.9,28.9,54.9
res-sr-02,Study Room B,STUDY_ROOM,20,10,0,0,3,13.4,0,0,2026-10-05T10:00:00.088997,16.0,0.3,19.2,38.6
res-sr-03,Study Room C,STUDY_ROOM,20,10,0,0,2,9.4,0,4,2026-10-05T10:00:00.088997,16.4,6.3,33.0,24.6
res-can-01,Main Canteen,CANTEEN,250,10,0,0,92,37.0,2,8,2026-10-05T10:00:00.088997,37.9,40.1,49.3,42.3
res-sem-01,Dr. Kalam Seminar Hall,SEMINAR_HALL,180,10,0,0,39,21.7,2,1,2026-10-05T10:00:00.088997,20.6,34.1,51.2,20.7
res-cls-01,Block A Classrooms (301-305),CLASSROOM,150,10,0,0,101,67.7,6,13,2026-10-05T10:00:00.088997,71.6,78.2,86.3,79.2
res-cls-02,Block B Classrooms (201-204),CLASSROOM,120,10,0,0,51,42.1,9,6,2026-10-05T10:00:00.088997,40.8,42.8,46.6,66.0
res-sac-01,Student Activity Center,ACTIVITY_CENTER,160,10,0,0,33,20.9,8,0,2026-10-05T10:00:00.088997,23.5,23.5,27.3,42.1
res-lib-01,Central Library,LIBRARY,200,11,0,0,50,24.8,6,0,2026-10-05T11:00:00.088997,29.8,27.2,16.3,22.6
res-lib-02,Digital Reading Hall,LIBRARY,120,11,0,0,64,53.4,12,3,2026-10-05T11:00:00.088997,54.7,61.3,56.0,57.6
res-lab-01,Computer Lab 1,COMPUTER_LAB,80,11,0,0,55,68.2,6,1,2026-10-05T11:00:00.088997,67.6,76.9,82.0,94.2
res-lab-02,Computer Lab 2,COMPUTER_LAB,75,11,0,0,47,62.9,4,4,2026-10-05T11:00:00.088997,62.1,67.0,65.3,70.8
res-lab-03,Computer Lab 3,COMPUTER_LAB,60,11,0,0,7,11.5,3,0,2026-10-05T11:00:00.088997,9.5,19.6,26.0,18.8
res-lab-ai,AI & Data Science Lab,RESEARCH_LAB,50,11,0,0,17,33.5,6,9,2026-10-05T11:00:00.088997,38.4,48.7,42.0,60.3
res-lab-res,Advanced Research Lab,RESEARCH_LAB,40,11,0,0,10,25.7,2,0,2026-10-05T11:00:00.088997,25.6,33.2,23.3,30.2
res-sr-01,Study Room A,STUDY_ROOM,24,11,0,0,6,24.8,4,0,2026-10-05T11:00:00.088997,21.5,42.7,43.4,27.8
res-sr-02,Study Room B,STUDY_ROOM,20,11,0,0,2,9.0,0,2,2026-10-05T11:00:00.088997,19.0,25.5,2.9,15.5
res-sr-03,Study Room C,STUDY_ROOM,20,11,0,0,2,11.6,1,0,2026-10-05T11:00:00.088997,11.4,11.4,24.3,15.4
res-can-01,Main Canteen,CANTEEN,250,11,0,0,126,50.5,7,9,2026-10-05T11:00:00.088997,61.0,58.3,57.7,76.3
res-sem-01,Dr. Kalam Seminar Hall,SEMINAR_HALL,180,11,0,0,93,51.7,8,0,2026-10-05T11:00:00.088997,58.5,58.8,51.6,53.6
res-cls-01,Block A Classrooms (301-305),CLASSROOM,150,11,0,0,116,77.3,1,7,2026-10-05T11:00:00.088997,76.7,77.8,81.2,69.6
res-cls-02,Block B Classrooms (201-204),CLASSROOM,120,11,0,0,77,64.3,1,6,2026-10-05T11:00:00.088997,62.9,81.2,72.5,48.8
res-sac-01,Student Activity Center,ACTIVITY_CENTER,160,11,0,0,27,17.2,0,4,2026-10-05T11:00:00.088997,21.7,31.0,26.9,37.0
res-lib-01,Central Library,LIBRARY,200,12,0,0,50,25.2,1,5,2026-10-05T12:00:00.088997,22.2,30.0,28.1,23.3
res-lib-02,Digital Reading Hall,LIBRARY,120,12,0,0,80,66.3,6,6,2026-10-05T12:00:00.088997,74.2,68.1,70.7,38.1
res-lab-01,Computer Lab 1,COMPUTER_LAB,80,12,0,0,65,81.1,10,8,2026-10-05T12:00:00.088997,83.3,96.6,74.1,97.0
res-lab-02,Computer Lab 2,COMPUTER_LAB,75,12,0,0,60,79.8,8,9,2026-10-05T12:00:00.088997,79.1,86.7,100.0,60.0
res-lab-03,Computer Lab 3,COMPUTER_LAB,60,12,0,0,22,36.9,2,1,2026-10-05T12:00:00.088997,37.2,35.3,42.5,25.5
res-lab-ai,AI & Data Science Lab,RESEARCH_LAB,50,12,0,0,26,51.2,0,4,2026-10-05T12:00:00.088997,53.0,67.6,59.4,50.4
res-lab-res,Advanced Research Lab,RESEARCH_LAB,40,12,0,0,7,18.3,6,0,2026-10-05T12:00:00.088997,22.3,28.3,32.5,32.3
res-sr-01,Study Room A,STUDY_ROOM,24,12,0,0,4,17.7,6,5,2026-10-05T12:00:00.088997,19.9,33.7,24.3,5.9
res-sr-02,Study Room B,STUDY_ROOM,20,12,0,0,3,15.0,0,3,2026-10-05T12:00:00.088997,19.4,19.3,38.8,0.0
res-sr-03,Study Room C,STUDY_ROOM,20,12,0,0,4,19.9,8,5,2026-10-05T12:00:00.088997,24.4,22.8,31.0,0.0
res-can-01,Main Canteen,CANTEEN,250,12,0,0,165,66.0,5,7,2026-10-05T12:00:00.088997,71.7,64.7,80.5,56.4
res-sem-01,Dr. Kalam Seminar Hall,SEMINAR_HALL,180,12,0,0,116,64.6,7,8,2026-10-05T12:00:00.088997,63.8,59.5,59.5,46.6
res-cls-01,Block A Classrooms (301-305),CLASSROOM,150,12,0,0,91,60.4,11,5,2026-10-05T12:00:00.088997,66.1,70.1,68.5,90.9
res-cls-02,Block B Classrooms (201-204),CLASSROOM,120,12,0,0,101,83.8,14,5,2026-10-05T12:00:00.088997,91.6,78.3,100.0,41.2
res-sac-01,Student Activity Center,ACTIVITY_CENTER,160,12,0,0,22,13.7,5,2,2026-10-05T12:00:00.088997,9.8,19.7,25.2,4.2
res-lib-01,Central Library,LIBRARY,200,13,0,0,92,46.2,8,8,2026-10-05T13:00:00.088997,47.5,60.3,36.7,28.3
res-lib-02,Digital Reading Hall,LIBRARY,120,13,0,0,105,87.6,14,6,2026-10-05T13:00:00.088997,86.5,100.0,78.6,75.6
res-lab-01,Computer Lab 1,COMPUTER_LAB,80,13,0,0,76,95.0,15,15,2026-10-05T13:00:00.088997,97.3,100.0,82.0,79.6
res-lab-02,Computer Lab 2,COMPUTER_LAB,75,13,0,0,67,89.8,8,10,2026-10-05T13:00:00.088997,89.7,85.6,66.1,73.9
res-lab-03,Computer Lab 3,COMPUTER_LAB,60,13,0,0,35,58.7,2,6,2026-10-05T13:00:00.088997,61.4,62.7,42.4,49.6
res-lab-ai,AI & Data Science Lab,RESEARCH_LAB,50,13,0,0,36,71.4,11,3,2026-10-05T13:00:00.088997,73.9,68.8,61.3,46.3
res-lab-res,Advanced Research Lab,RESEARCH_LAB,40,13,0,0,7,16.3,1,0,2026-10-05T13:00:00.088997,24.2,28.4,15.6,13.8
res-sr-01,Study Room A,STUDY_ROOM,24,13,0,0,8,32.3,7,2,2026-10-05T13:00:00.088997,42.8,31.7,14.2,3.6
res-sr-02,Study Room B,STUDY_ROOM,20,13,0,0,2,10.1,0,1,2026-10-05T13:00:00.088997,15.5,15.3,0.0,0.0
res-sr-03,Study Room C,STUDY_ROOM,20,13,0,0,10,51.2,5,2,2026-10-05T13:00:00.088997,47.2,53.7,36.9,38.2
res-can-01,Main Canteen,CANTEEN,250,13,0,0,192,76.9,8,8,2026-10-05T13:00:00.088997,80.8,74.5,85.9,56.0
res-sem-01,Dr. Kalam Seminar Hall,SEMINAR_HALL,180,13,0,0,130,72.1,5,7,2026-10-05T13:00:00.088997,74.7,87.0,62.0,75.7
res-cls-01,Block A Classrooms (301-305),CLASSROOM,150,13,0,0,80,53.2,11,0,2026-10-05T13:00:00.088997,57.1,42.1,44.7,53.4
res-cls-02,Block B Classrooms (201-204),CLASSROOM,120,13,0,0,93,77.9,11,6,2026-10-05T13:00:00.088997,82.1,98.0,70.6,77.4
res-sac-01,Student Activity Center,ACTIVITY_CENTER,160,13,0,0,21,13.3,4,4,2026-10-05T13:00:00.088997,12.8,22.9,12.7,10.2
res-lib-01,Central Library,LIBRARY,200,14,0,0,134,66.9,11,3,2026-10-05T14:00:00.088997,64.9,62.5,69.4,43.3
res-lib-02,Digital Reading Hall,LIBRARY,120,14,0,0,100,83.1,8,8,2026-10-05T14:00:00.088997,82.7,70.4,86.5,76.2
res-lab-01,Computer Lab 1,COMPUTER_LAB,80,14,0,0,75,93.7,10,13,2026-10-05T14:00:00.088997,93.4,82.9,78.6,89.2
res-lab-02,Computer Lab 2,COMPUTER_LAB,75,14,0,0,68,90.1,11,8,2026-10-05T14:00:00.088997,91.3,83.2,74.4,97.1
res-lab-03,Computer Lab 3,COMPUTER_LAB,60,14,0,0,44,73.8,6,7,2026-10-05T14:00:00.088997,71.9,66.7,67.9,50.7
res-lab-ai,AI & Data Science Lab,RESEARCH_LAB,50,14,0,0,45,90.4,10,4,2026-10-05T14:00:00.088997,87.5,81.7,55.5,76.5
res-lab-res,Advanced Research Lab,RESEARCH_LAB,40,14,0,0,19,46.9,5,6,2026-10-05T14:00:00.088997,45.0,39.2,32.3,19.5
res-sr-01,Study Room A,STUDY_ROOM,24,14,0,0,14,56.6,8,4,2026-10-05T14:00:00.088997,46.5,54.4,40.4,46.3
res-sr-02,Study Room B,STUDY_ROOM,20,14,0,0,4,20.6,2,1,2026-10-05T14:00:00.088997,9.0,25.3,9.7,5.5
res-sr-03,Study Room C,STUDY_ROOM,20,14,0,0,13,67.2,7,7,2026-10-05T14:00:00.088997,60.6,61.4,42.0,52.4
res-can-01,Main Canteen,CANTEEN,250,14,0,0,182,72.7,4,6,2026-10-05T14:00:00.088997,62.2,67.7,68.9,65.3
res-sem-01,Dr. Kalam Seminar Hall,SEMINAR_HALL,180,14,0,0,107,59.5,0,2,2026-10-05T14:00:00.088997,62.5,59.7,50.6,49.4
res-cls-01,Block A Classrooms (301-305),CLASSROOM,150,14,0,0,43,28.7,7,0,2026-10-05T14:00:00.088997,28.4,15.7,19.1,31.7
res-cls-02,Block B Classrooms (201-204),CLASSROOM,120,14,0,0,68,56.3,9,2,2026-10-05T14:00:00.088997,50.7,51.2,57.0,40.7
res-sac-01,Student Activity Center,ACTIVITY_CENTER,160,14,0,0,28,17.5,5,0,2026-10-05T14:00:00.088997,9.4,10.3,20.9,0.0
res-lib-01,Central Library,LIBRARY,200,15,0,0,172,85.9,9,13,2026-10-05T15:00:00.088997,92.9,87.1,63.1,45.1
res-lib-02,Digital Reading Hall,LIBRARY,120,15,0,0,84,70.3,11,8,2026-10-05T15:00:00.088997,65.4,56.4,70.7,80.6
res-lab-01,Computer Lab 1,COMPUTER_LAB,80,15,0,0,66,82.4,12,16,2026-10-05T15:00:00.088997,79.6,76.4,79.4,67.0
res-lab-02,Computer Lab 2,COMPUTER_LAB,75,15,0,0,60,80.4,8,7,2026-10-05T15:00:00.088997,72.7,74.0,63.4,72.6
res-lab-03,Computer Lab 3,COMPUTER_LAB,60,15,0,0,44,73.3,11,4,2026-10-05T15:00:00.088997,78.5,76.6,70.2,42.9
res-lab-ai,AI & Data Science Lab,RESEARCH_LAB,50,15,0,0,46,92.5,8,6,2026-10-05T15:00:00.088997,96.8,86.6,78.6,71.5
res-lab-res,Advanced Research Lab,RESEARCH_LAB,40,15,0,0,24,59.9,8,1,2026-10-05T15:00:00.088997,58.3,57.4,36.3,30.9
res-sr-01,Study Room A,STUDY_ROOM,24,15,0,0,17,69.9,12,10,2026-10-05T15:00:00.088997,65.4,73.3,59.0,53.9
res-sr-02,Study Room B,STUDY_ROOM,20,15,0,0,10,48.3,8,2,2026-10-05T15:00:00.088997,44.7,35.8,43.4,47.5
res-sr-03,Study Room C,STUDY_ROOM,20,15,0,0,16,81.1,5,6,2026-10-05T15:00:00.088997,84.1,77.5,73.4,69.2
res-can-01,Main Canteen,CANTEEN,250,15,0,0,135,54.2,7,3,2026-10-05T15:00:00.088997,55.7,42.0,58.1,31.4
res-sem-01,Dr. Kalam Seminar Hall,SEMINAR_HALL,180,15,0,0,89,49.2,5,3,2026-10-05T15:00:00.088997,52.6,48.7,40.7,58.2
res-cls-01,Block A Classrooms (301-305),CLASSROOM,150,15,0,0,21,13.9,0,0,2026-10-05T15:00:00.088997,12.3,17.2,11.4,20.8
res-cls-02,Block B Classrooms (201-204),CLASSROOM,120,15,0,0,49,40.5,4,3,2026-10-05T15:00:00.088997,39.5,40.1,47.2,50.6
res-sac-01,Student Activity Center,ACTIVITY_CENTER,160,15,0,0,71,44.4,7,3,2026-10-05T15:00:00.088997,43.4,43.4,37.7,21.5
res-lib-01,Central Library,LIBRARY,200,16,0,0,176,88.2,13,8,2026-10-05T16:00:00.088997,86.2,82.7,72.1,74.1
res-lib-02,Digital Reading Hall,LIBRARY,120,16,0,0,61,51.1,4,1,2026-10-05T16:00:00.088997,48.6,49.8,53.1,22.3
res-lab-01,Computer Lab 1,COMPUTER_LAB,80,16,0,0,59,74.3,9,4,2026-10-05T16:00:00.088997,70.7,58.0,51.7,83.0
res-lab-02,Computer Lab 2,COMPUTER_LAB,75,16,0,0,41,55.1,8,5,2026-10-05T16:00:00.088997,53.2,52.3,28.3,58.9
res-lab-03,Computer Lab 3,COMPUTER_LAB,60,16,0,0,43,71.5,7,8,2026-10-05T16:00:00.088997,66.6,67.7,62.0,68.0
res-lab-ai,AI & Data Science Lab,RESEARCH_LAB,50,16,0,0,43,86.0,7,9,2026-10-05T16:00:00.088997,82.9,70.1,79.8,67.6
res-lab-res,Advanced Research Lab,RESEARCH_LAB,40,16,0,0,31,78.3,6,4,2026-10-05T16:00:00.088997,81.0,78.3,70.2,71.5
res-sr-01,Study Room A,STUDY_ROOM,24,16,0,0,20,85.4,10,4,2026-10-05T16:00:00.088997,84.6,86.4,82.7,74.1
res-sr-02,Study Room B,STUDY_ROOM,20,16,0,0,13,67.3,7,9,2026-10-05T16:00:00.088997,70.7,54.6,69.4,82.2
res-sr-03,Study Room C,STUDY_ROOM,20,16,0,0,16,79.2,12,5,2026-10-05T16:00:00.088997,75.2,73.0,67.6,51.5
res-can-01,Main Canteen,CANTEEN,250,16,0,0,80,32.1,6,0,2026-10-05T16:00:00.088997,30.8,28.0,21.4,26.0
res-sem-01,Dr. Kalam Seminar Hall,SEMINAR_HALL,180,16,0,0,53,29.4,2,6,2026-10-05T16:00:00.088997,29.6,33.8,20.8,13.5
res-cls-01,Block A Classrooms (301-305),CLASSROOM,150,16,0,0,14,9.2,4,0,2026-10-05T16:00:00.088997,6.8,15.9,0.0,1.4
res-cls-02,Block B Classrooms (201-204),CLASSROOM,120,16,0,0,26,21.6,1,0,2026-10-05T16:00:00.088997,16.9,14.1,18.0,19.8
res-sac-01,Student Activity Center,ACTIVITY_CENTER,160,16,0,0,80,49.9,2,6,2026-10-05T16:00:00.088997,50.4,36.1,49.8,37.7
res-lib-01,Central Library,LIBRARY,200,17,0,0,170,84.9,7,4,2026-10-05T17:00:00.088997,81.6,78.3,74.0,68.2
res-lib-02,Digital Reading Hall,LIBRARY,120,17,0,0,46,38.6,0,1,2026-10-05T17:00:00.088997,34.9,33.7,37.0,37.0
res-lab-01,Computer Lab 1,COMPUTER_LAB,80,17,0,0,41,51.1,7,0,2026-10-05T17:00:00.088997,42.4,53.0,52.8,46.7
res-lab-02,Computer Lab 2,COMPUTER_LAB,75,17,0,0,25,33.5,3,2,2026-10-05T17:00:00.088997,27.4,30.1,44.9,15.6
res-lab-03,Computer Lab 3,COMPUTER_LAB,60,17,0,0,37,62.2,4,1,2026-10-05T17:00:00.088997,64.2,55.9,65.6,67.9
res-lab-ai,AI & Data Science Lab,RESEARCH_LAB,50,17,0,0,35,70.9,12,4,2026-10-05T17:00:00.088997,65.3,72.3,49.0,58.9
res-lab-res,Advanced Research Lab,RESEARCH_LAB,40,17,0,0,36,90.0,14,7,2026-10-05T17:00:00.088997,92.0,78.3,76.0,80.8
res-sr-01,Study Room A,STUDY_ROOM,24,17,0,0,20,83.6,6,13,2026-10-05T17:00:00.088997,74.1,79.0,77.4,50.7
res-sr-02,Study Room B,STUDY_ROOM,20,17,0,0,16,82.4,7,8,2026-10-05T17:00:00.088997,81.7,68.7,64.8,89.2
res-sr-03,Study Room C,STUDY_ROOM,20,17,0,0,13,64.8,0,5,2026-10-05T17:00:00.088997,62.7,61.1,38.8,52.5
res-can-01,Main Canteen,CANTEEN,250,17,0,0,17,6.7,1,2,2026-10-05T17:00:00.088997,6.3,10.1,18.4,0.0
res-sem-01,Dr. Kalam Seminar Hall,SEMINAR_HALL,180,17,0,0,9,5.0,2,0,2026-10-05T17:00:00.088997,0.0,0.0,8.1,0.0
res-cls-01,Block A Classrooms (301-305),CLASSROOM,150,17,0,0,16,10.9,0,3,2026-10-05T17:00:00.088997,9.8,2.5,0.0,0.0
res-cls-02,Block B Classrooms (201-204),CLASSROOM,120,17,0,0,17,14.0,0,2,2026-10-05T17:00:00.088997,8.2,22.2,20.1,26.9
res-sac-01,Student Activity Center,ACTIVITY_CENTER,160,17,0,0,129,80.6,7,5,2026-10-05T17:00:00.088997,86.7,74.8,80.1,61.2
res-lib-01,Central Library,LIBRARY,200,18,0,0,129,64.6,10,0,2026-10-05T18:00:00.088997,65.7,62.7,51.8,52.9
res-lib-02,Digital Reading Hall,LIBRARY,120,18,0,0,25,20.7,3,4,2026-10-05T18:00:00.088997,15.5,31.9,10.9,7.2
res-lab-01,Computer Lab 1,COMPUTER_LAB,80,18,0,0,34,42.8,0,10,2026-10-05T18:00:00.088997,41.2,34.6,24.7,15.5
res-lab-02,Computer Lab 2,COMPUTER_LAB,75,18,0,0,18,23.6,3,4,2026-10-05T18:00:00.088997,22.7,15.6,27.7,43.7
res-lab-03,Computer Lab 3,COMPUTER_LAB,60,18,0,0,26,43.8,4,5,2026-10-05T18:00:00.088997,44.0,48.4,32.7,20.2
res-lab-ai,AI & Data Science Lab,RESEARCH_LAB,50,18,0,0,29,57.3,8,2,2026-10-05T18:00:00.088997,58.1,63.3,43.1,34.6
res-lab-res,Advanced Research Lab,RESEARCH_LAB,40,18,0,0,31,77.0,11,7,2026-10-05T18:00:00.088997,79.5,73.6,78.1,56.3
res-sr-01,Study Room A,STUDY_ROOM,24,18,0,0,16,65.2,6,2,2026-10-05T18:00:00.088997,64.8,48.1,53.1,49.7
res-sr-02,Study Room B,STUDY_ROOM,20,18,0,0,15,72.9,7,7,2026-10-05T18:00:00.088997,76.0,61.7,68.2,67.6
res-sr-03,Study Room C,STUDY_ROOM,20,18,0,0,10,47.8,4,1,2026-10-05T18:00:00.088997,53.4,43.2,37.0,61.3
res-can-01,Main Canteen,CANTEEN,250,18,0,0,27,10.9,8,0,2026-10-05T18:00:00.088997,7.9,0.0,1.8,0.0
res-sem-01,Dr. Kalam Seminar Hall,SEMINAR_HALL,180,18,0,0,9,5.0,0,0,2026-10-05T18:00:00.088997,2.6,0.0,10.0,0.0
res-cls-01,Block A Classrooms (301-305),CLASSROOM,150,18,0,0,16,10.8,0,0,2026-10-05T18:00:00.088997,5.9,5.1,4.4,0.0
res-cls-02,Block B Classrooms (201-204),CLASSROOM,120,18,0,0,10,8.3,0,0,2026-10-05T18:00:00.088997,10.9,0.0,1.0,16.7
res-sac-01,Student Activity Center,ACTIVITY_CENTER,160,18,0,0,136,84.8,11,8,2026-10-05T18:00:00.088997,85.8,82.0,89.6,71.2
res-lib-01,Central Library,LIBRARY,200,19,0,0,104,51.8,5,10,2026-10-05T19:00:00.088997,49.1,37.1,44.5,49.0
res-lib-02,Digital Reading Hall,LIBRARY,120,19,0,0,32,26.5,0,0,2026-10-05T19:00:00.088997,26.5,24.3,5.8,10.6
res-lab-01,Computer Lab 1,COMPUTER_LAB,80,19,0,0,27,33.9,6,2,2026-10-05T19:00:00.088997,30.1,29.5,13.5,44.7
res-lab-02,Computer Lab 2,COMPUTER_LAB,75,19,0,0,22,28.7,1,0,2026-10-05T19:00:00.088997,22.6,27.3,11.6,13.7
res-lab-03,Computer Lab 3,COMPUTER_LAB,60,19,0,0,5,8.2,2,2,2026-10-05T19:00:00.088997,5.5,4.4,7.4,0.0
res-lab-ai,AI & Data Science Lab,RESEARCH_LAB,50,19,0,0,17,33.1,0,4,2026-10-05T19:00:00.088997,31.9,35.3,25.4,20.0
res-lab-res,Advanced Research Lab,RESEARCH_LAB,40,19,0,0,24,59.8,11,0,2026-10-05T19:00:00.088997,59.8,54.7,50.1,43.8
res-sr-01,Study Room A,STUDY_ROOM,24,19,0,0,13,52.7,7,2,2026-10-05T19:00:00.088997,51.2,49.8,36.1,46.7
res-sr-02,Study Room B,STUDY_ROOM,20,19,0,0,13,66.5,5,3,2026-10-05T19:00:00.088997,61.3,62.3,57.8,71.2
res-sr-03,Study Room C,STUDY_ROOM,20,19,0,0,5,25.3,0,4,2026-10-05T19:00:00.088997,19.4,15.6,10.3,0.0
res-can-01,Main Canteen,CANTEEN,250,19,0,0,31,12.3,4,3,2026-10-05T19:00:00.088997,17.8,16.3,1.3,13.6
res-sem-01,Dr. Kalam Seminar Hall,SEMINAR_HALL,180,19,0,0,9,5.0,0,0,2026-10-05T19:00:00.088997,1.9,2.0,11.2,1.7
res-cls-01,Block A Classrooms (301-305),CLASSROOM,150,19,0,0,10,6.9,0,2,2026-10-05T19:00:00.088997,8.5,9.3,0.0,0.5
res-cls-02,Block B Classrooms (201-204),CLASSROOM,120,19,0,0,16,13.4,0,2,2026-10-05T19:00:00.088997,15.0,11.5,4.7,32.7
res-sac-01,Student Activity Center,ACTIVITY_CENTER,160,19,0,0,127,79.6,9,7,2026-10-05T19:00:00.088997,80.4,74.3,83.0,52.4
res-lib-01,Central Library,LIBRARY,200,20,0,0,48,24.0,4,5,2026-10-05T20:00:00.088997,16.1,13.3,1.0,1.6
res-lib-02,Digital Reading Hall,LIBRARY,120,20,0,0,18,14.9,3,2,2026-10-05T20:00:00.088997,12.3,10.0,17.6,0.0
res-lab-01,Computer Lab 1,COMPUTER_LAB,80,20,0,0,22,27.3,5,1,2026-10-05T20:00:00.088997,21.2,25.6,1.6,5.0
res-lab-02,Computer Lab 2,COMPUTER_LAB,75,20,0,0,12,15.4,2,6,2026-10-05T20:00:00.088997,11.2,5.7,23.5,11.0
res-lab-03,Computer Lab 3,COMPUTER_LAB,60,20,0,0,15,24.5,3,3,2026-10-05T20:00:00.088997,28.3,18.6,18.7,0.0
res-lab-ai,AI & Data Science Lab,RESEARCH_LAB,50,20,0,0,18,37.0,5,3,2026-10-05T20:00:00.088997,38.6,24.9,24.0,31.6
res-lab-res,Advanced Research Lab,RESEARCH_LAB,40,20,0,0,17,43.0,6,5,2026-10-05T20:00:00.088997,43.5,30.0,46.5,25.2
res-sr-01,Study Room A,STUDY_ROOM,24,20,0,0,8,32.0,2,2,2026-10-05T20:00:00.088997,30.9,31.4,32.1,25.2
res-sr-02,Study Room B,STUDY_ROOM,20,20,0,0,9,45.5,6,5,2026-10-05T20:00:00.088997,43.7,43.7,26.0,9.2
res-sr-03,Study Room C,STUDY_ROOM,20,20,0,0,4,19.8,1,3,2026-10-05T20:00:00.088997,14.3,22.3,14.9,5.6
res-can-01,Main Canteen,CANTEEN,250,20,0,0,28,11.1,0,2,2026-10-05T20:00:00.088997,15.1,8.0,4.8,0.0
res-sem-01,Dr. Kalam Seminar Hall,SEMINAR_HALL,180,20,0,0,17,9.3,4,0,2026-10-05T20:00:00.088997,8.8,5.7,4.9,0.0
res-cls-01,Block A Classrooms (301-305),CLASSROOM,150,20,0,0,22,14.6,3,5,2026-10-05T20:00:00.088997,8.1,3.2,25.1,16.3
res-cls-02,Block B Classrooms (201-204),CLASSROOM,120,20,0,0,8,6.7,3,0,2026-10-05T20:00:00.088997,0.0,0.0,0.0,13.5
res-sac-01,Student Activity Center,ACTIVITY_CENTER,160,20,0,0,101,63.1,11,8,2026-10-05T20:00:00.088997,62.4,65.0,37.0,63.0
res-lib-01,Central Library,LIBRARY,200,21,0,0,41,20.5,0,4,2026-10-05T21:00:00.088997,22.2,11.9,18.3,15.3
res-lib-02,Digital Reading Hall,LIBRARY,120,21,0,0,23,18.8,2,8,2026-10-05T21:00:00.088997,15.6,12.3,12.1,4.6
res-lab-01,Computer Lab 1,COMPUTER_LAB,80,21,0,0,31,38.2,8,3,2026-10-05T21:00:00.088997,32.7,45.0,31.2,5.7
res-lab-02,Computer Lab 2,COMPUTER_LAB,75,21,0,0,24,32.4,7,8,2026-10-05T21:00:00.088997,36.2,43.3,15.1,10.9
res-lab-03,Computer Lab 3,COMPUTER_LAB,60,21,0,0,8,13.0,0,1,2026-10-05T21:00:00.088997,9.1,0.9,0.0,0.0
res-lab-ai,AI & Data Science Lab,RESEARCH_LAB,50,21,0,0,17,34.6,2,5,2026-10-05T21:00:00.088997,27.3,10.4,25.4,15.3
res-lab-res,Advanced Research Lab,RESEARCH_LAB,40,21,0,0,7,16.5,0,0,2026-10-05T21:00:00.088997,10.5,6.1,0.0,0.0
res-sr-01,Study Room A,STUDY_ROOM,24,21,0,0,3,11.2,8,0,2026-10-05T21:00:00.088997,15.3,5.1,1.9,2.8
res-sr-02,Study Room B,STUDY_ROOM,20,21,0,0,6,29.4,0,1,2026-10-05T21:00:00.088997,28.6,12.8,33.0,30.1
res-sr-03,Study Room C,STUDY_ROOM,20,21,0,0,1,6.6,0,0,2026-10-05T21:00:00.088997,8.0,10.7,0.0,22.7
res-can-01,Main Canteen,CANTEEN,250,21,0,0,25,9.8,0,2,2026-10-05T21:00:00.088997,9.0,6.3,19.8,0.8
res-sem-01,Dr. Kalam Seminar Hall,SEMINAR_HALL,180,21,0,0,9,5.0,0,4,2026-10-05T21:00:00.088997,5.7,0.0,0.0,0.0
res-cls-01,Block A Classrooms (301-305),CLASSROOM,150,21,0,0,19,12.5,0,0,2026-10-05T21:00:00.088997,6.0,17.3,8.9,12.5
res-cls-02,Block B Classrooms (201-204),CLASSROOM,120,21,0,0,18,14.7,0,0,2026-10-05T21:00:00.088997,12.0,12.2,16.5,25.1
res-sac-01,Student Activity Center,ACTIVITY_CENTER,160,21,0,0,66,41.0,7,9,2026-10-05T21:00:00.088997,38.2,43.2,38.2,36.4
res-lib-01,Central Library,LIBRARY,200,8,1,0,48,24.1,0,3,2026-10-06T08:00:00.088997,27.5,25.7,31.3,23.6
res-lib-02,Digital Reading Hall,LIBRARY,120,8,1,0,20,16.5,0,0,2026-10-06T08:00:00.088997,16.2,25.8,37.6,51.4
res-lab-01,Computer Lab 1,COMPUTER_LAB,80,8,1,0,27,33.4,7,4,2026-10-06T08:00:00.088997,34.5,40.8,51.3,37.4
res-lab-02,Computer Lab 2,COMPUTER_LAB,75,8,1,0,17,22.9,1,0,2026-10-06T08:00:00.088997,29.7,23.3,25.6,36.6
res-lab-03,Computer Lab 3,COMPUTER_LAB,60,8,1,0,10,15.9,0,6,2026-10-06T08:00:00.088997,15.4,19.9,6.6,22.3
res-lab-ai,AI & Data Science Lab,RESEARCH_LAB,50,8,1,0,12,24.7,0,0,2026-10-06T08:00:00.088997,23.1,29.3,30.5,29.7
res-lab-res,Advanced Research Lab,RESEARCH_LAB,40,8,1,0,7,18.7,0,1,2026-10-06T08:00:00.088997,20.3,25.4,24.9,23.5
res-sr-01,Study Room A,STUDY_ROOM,24,8,1,0,6,23.1,4,2,2026-10-06T08:00:00.088997,29.9,28.6,29.7,32.3
res-sr-02,Study Room B,STUDY_ROOM,20,8,1,0,3,15.7,0,0,2026-10-06T08:00:00.088997,18.8,25.7,14.7,38.5
res-sr-03,Study Room C,STUDY_ROOM,20,8,1,0,2,8.4,0,5,2026-10-06T08:00:00.088997,11.8,11.6,18.7,32.8
res-can-01,Main Canteen,CANTEEN,250,8,1,0,12,5.0,4,0,2026-10-06T08:00:00.088997,9.8,6.3,28.2,14.6
res-sem-01,Dr. Kalam Seminar Hall,SEMINAR_HALL,180,8,1,0,9,5.0,2,4,2026-10-06T08:00:00.088997,11.8,10.6,20.3,9.9
res-cls-01,Block A Classrooms (301-305),CLASSROOM,150,8,1,0,53,35.1,5,0,2026-10-06T08:00:00.088997,33.1,41.4,44.6,44.8
res-cls-02,Block B Classrooms (201-204),CLASSROOM,120,8,1,0,12,10.4,4,2,2026-10-06T08:00:00.088997,3.0,27.0,1.2,31.9
res-sac-01,Student Activity Center,ACTIVITY_CENTER,160,8,1,0,14,8.7,5,0,2026-10-06T08:00:00.088997,12.3,1.8,23.3,23.7
res-lib-01,Central Library,LIBRARY,200,9,1,0,55,27.5,6,3,2026-10-06T09:00:00.088997,28.6,27.6,31.5,51.9
res-lib-02,Digital Reading Hall,LIBRARY,120,9,1,0,20,16.6,0,0,2026-10-06T09:00:00.088997,21.1,19.8,30.1,2.6
res-lab-01,Computer Lab 1,COMPUTER_LAB,80,9,1,0,18,23.1,3,5,2026-10-06T09:00:00.088997,18.2,31.2,41.8,33.0
res-lab-02,Computer Lab 2,COMPUTER_LAB,75,9,1,0,21,28.6,4,2,2026-10-06T09:00:00.088997,33.9,45.1,31.6,37.6
res-lab-03,Computer Lab 3,COMPUTER_LAB,60,9,1,0,7,11.0,1,0,2026-10-06T09:00:00.088997,17.7,24.6,26.1,33.6
res-lab-ai,AI & Data Science Lab,RESEARCH_LAB,50,9,1,0,14,27.2,0,4,2026-10-06T09:00:00.088997,29.3,44.2,17.9,44.6
res-lab-res,Advanced Research Lab,RESEARCH_LAB,40,9,1,0,9,22.4,0,0,2026-10-06T09:00:00.088997,23.1,17.6,43.5,64.8
res-sr-01,Study Room A,STUDY_ROOM,24,9,1,0,4,18.6,0,0,2026-10-06T09:00:00.088997,16.3,20.1,37.5,67.0
res-sr-02,Study Room B,STUDY_ROOM,20,9,1,0,2,12.1,0,0,2026-10-06T09:00:00.088997,15.9,19.2,21.0,16.8
res-sr-03,Study Room C,STUDY_ROOM,20,9,1,0,4,20.4,4,4,2026-10-06T09:00:00.088997,23.9,24.3,22.0,36.7
res-can-01,Main Canteen,CANTEEN,250,9,1,0,29,11.7,3,0,2026-10-06T09:00:00.088997,15.0,14.8,11.8,30.4
res-sem-01,Dr. Kalam Seminar Hall,SEMINAR_HALL,180,9,1,0,10,5.7,7,2,2026-10-06T09:00:00.088997,6.5,10.1,3.2,30.5
res-cls-01,Block A Classrooms (301-305),CLASSROOM,150,9,1,0,80,53.3,7,2,2026-10-06T09:00:00.088997,58.4,52.7,56.3,64.8
res-cls-02,Block B Classrooms (201-204),CLASSROOM,120,9,1,0,23,19.5,0,1,2026-10-06T09:00:00.088997,25.5,29.8,33.8,35.3
res-sac-01,Student Activity Center,ACTIVITY_CENTER,160,9,1,0,21,13.1,4,0,2026-10-06T09:00:00.088997,16.8,23.1,20.3,14.4
res-lib-01,Central Library,LIBRARY,200,10,1,0,50,24.9,0,4,2026-10-06T10:00:00.088997,30.6,32.5,36.3,44.0
res-lib-02,Digital Reading Hall,LIBRARY,120,10,1,0,42,35.3,1,0,2026-10-06T10:00:00.088997,38.4,45.8,29.1,46.1
res-lab-01,Computer Lab 1,COMPUTER_LAB,80,10,1,0,41,51.3,5,9,2026-10-06T10:00:00.088997,58.6,55.2,56.0,57.1
res-lab-02,Computer Lab 2,COMPUTER_LAB,75,10,1,0,28,37.3,0,0,2026-10-06T10:00:00.088997,30.3,42.2,63.7,23.5
res-lab-03,Computer Lab 3,COMPUTER_LAB,60,10,1,0,9,14.3,1,0,2026-10-06T10:00:00.088997,21.3,13.9,4.7,17.9
res-lab-ai,AI & Data Science Lab,RESEARCH_LAB,50,10,1,0,14,27.3,0,3,2026-10-06T10:00:00.088997,24.6,31.8,32.1,24.4
res-lab-res,Advanced Research Lab,RESEARCH_LAB,40,10,1,0,9,23.6,1,2,2026-10-06T10:00:00.088997,27.9,30.3,32.9,23.7
res-sr-01,Study Room A,STUDY_ROOM,24,10,1,0,4,15.6,2,0,2026-10-06T10:00:00.088997,20.7,19.8,29.4,13.7
res-sr-02,Study Room B,STUDY_ROOM,20,10,1,0,2,10.4,6,0,2026-10-06T10:00:00.088997,16.1,7.0,15.9,36.1
res-sr-03,Study Room C,STUDY_ROOM,20,10,1,0,2,8.7,7,1,2026-10-06T10:00:00.088997,7.5,15.9,26.7,8.8
res-can-01,Main Canteen,CANTEEN,250,10,1,0,75,30.1,4,4,2026-10-06T10:00:00.088997,31.3,37.5,45.7,42.1
res-sem-01,Dr. Kalam Seminar Hall,SEMINAR_HALL,180,10,1,0,45,25.0,2,7,2026-10-06T10:00:00.088997,28.3,37.5,28.4,38.2
res-cls-01,Block A Classrooms (301-305),CLASSROOM,150,10,1,0,105,70.1,12,10,2026-10-06T10:00:00.088997,67.6,82.0,93.2,73.2
res-cls-02,Block B Classrooms (201-204),CLASSROOM,120,10,1,0,47,39.3,4,4,2026-10-06T10:00:00.088997,39.9,37.2,60.6,39.0
res-sac-01,Student Activity Center,ACTIVITY_CENTER,160,10,1,0,21,13.0,1,0,2026-10-06T10:00:00.088997,8.8,15.4,28.4,25.2
res-lib-01,Central Library,LIBRARY,200,11,1,0,34,16.8,6,4,2026-10-06T11:00:00.088997,19.5,22.7,30.8,54.7
res-lib-02,Digital Reading Hall,LIBRARY,120,11,1,0,68,56.4,7,1,2026-10-06T11:00:00.088997,59.1,66.0,63.4,60.1
res-lab-01,Computer Lab 1,COMPUTER_LAB,80,11,1,0,56,70.1,5,9,2026-10-06T11:00:00.088997,70.4,62.4,74.0,79.4
res-lab-02,Computer Lab 2,COMPUTER_LAB,75,11,1,0,45,60.1,8,2,2026-10-06T11:00:00.088997,62.6,61.9,64.9,58.1
res-lab-03,Computer Lab 3,COMPUTER_LAB,60,11,1,0,9,14.8,11,7,2026-10-06T11:00:00.088997,12.8,20.2,20.0,26.5
res-lab-ai,AI & Data Science Lab,RESEARCH_LAB,50,11,1,0,17,33.7,3,1,2026-10-06T11:00:00.088997,40.3,31.3,43.4,25.8
res-lab-res,Advanced Research Lab,RESEARCH_LAB,40,11,1,0,6,15.9,4,0,2026-10-06T11:00:00.088997,10.4,16.6,16.4,10.7
res-sr-01,Study Room A,STUDY_ROOM,24,11,1,0,5,22.2,0,0,2026-10-06T11:00:00.088997,24.7,25.1,26.6,23.5
res-sr-02,Study Room B,STUDY_ROOM,20,11,1,0,2,10.1,0,2,2026-10-06T11:00:00.088997,10.4,16.1,28.2,27.3
res-sr-03,Study Room C,STUDY_ROOM,20,11,1,0,2,9.9,2,4,2026-10-06T11:00:00.088997,9.6,5.4,13.9,22.2
res-can-01,Main Canteen,CANTEEN,250,11,1,0,136,54.4,4,0,2026-10-06T11:00:00.088997,51.3,61.5,80.3,64.1
res-sem-01,Dr. Kalam Seminar Hall,SEMINAR_HALL,180,11,1,0,94,52.3,3,3,2026-10-06T11:00:00.088997,44.9,59.5,52.2,69.5
res-cls-01,Block A Classrooms (301-305),CLASSROOM,150,11,1,0,109,73.0,14,12,2026-10-06T11:00:00.088997,65.8,81.5,74.3,90.8
res-cls-02,Block B Classrooms (201-204),CLASSROOM,120,11,1,0,66,54.7,10,8,2026-10-06T11:00:00.088997,51.0,58.6,64.2,73.3
res-sac-01,Student Activity Center,ACTIVITY_CENTER,160,11,1,0,24,15.0,4,1,2026-10-06T11:00:00.088997,19.4,11.7,22.7,38.8
res-lib-01,Central Library,LIBRARY,200,12,1,0,61,30.6,4,2,2026-10-06T12:00:00.088997,38.1,35.0,48.9,17.4
res-lib-02,Digital Reading Hall,LIBRARY,120,12,1,0,84,70.2,5,3,2026-10-06T12:00:00.088997,76.1,85.6,79.2,56.2
res-lab-01,Computer Lab 1,COMPUTER_LAB,80,12,1,0,71,89.2,11,1,2026-10-06T12:00:00.088997,95.1,86.1,97.1,71.9
res-lab-02,Computer Lab 2,COMPUTER_LAB,75,12,1,0,54,72.5,8,9,2026-10-06T12:00:00.088997,74.6,86.0,94.3,78.8
res-lab-03,Computer Lab 3,COMPUTER_LAB,60,12,1,0,23,37.6,3,3,2026-10-06T12:00:00.088997,44.1,49.0,22.2,29.2
res-lab-ai,AI & Data Science Lab,RESEARCH_LAB,50,12,1,0,22,43.3,5,2,2026-10-06T12:00:00.088997,42.0,53.4,45.5,31.2
res-lab-res,Advanced Research Lab,RESEARCH_LAB,40,12,1,0,7,16.3,2,4,2026-10-06T12:00:00.088997,14.8,25.1,24.8,4.8
res-sr-01,Study Room A,STUDY_ROOM,24,12,1,0,4,18.6,4,3,2026-10-06T12:00:00.088997,20.1,24.8,33.3,13.1
res-sr-02,Study Room B,STUDY_ROOM,20,12,1,0,3,13.8,5,3,2026-10-06T12:00:00.088997,24.2,9.4,28.1,15.6
res-sr-03,Study Room C,STUDY_ROOM,20,12,1,0,6,30.8,2,0,2026-10-06T12:00:00.088997,39.0,32.9,36.2,43.6
res-can-01,Main Canteen,CANTEEN,250,12,1,0,154,61.8,9,3,2026-10-06T12:00:00.088997,60.7,67.8,75.9,61.2
res-sem-01,Dr. Kalam Seminar Hall,SEMINAR_HALL,180,12,1,0,119,66.2,5,3,2026-10-06T12:00:00.088997,66.8,73.3,72.4,10.6
res-cls-01,Block A Classrooms (301-305),CLASSROOM,150,12,1,0,89,59.6,6,8,2026-10-06T12:00:00.088997,57.9,69.0,54.1,50.6
res-cls-02,Block B Classrooms (201-204),CLASSROOM,120,12,1,0,88,73.2,10,4,2026-10-06T12:00:00.088997,69.0,82.5,67.4,51.9
res-sac-01,Student Activity Center,ACTIVITY_CENTER,160,12,1,0,33,20.6,2,3,2026-10-06T12:00:00.088997,25.1,29.1,28.4,0.0
res-lib-01,Central Library,LIBRARY,200,13,1,0,117,58.5,6,6,2026-10-06T13:00:00.088997,62.3,60.3,46.7,64.4
res-lib-02,Digital Reading Hall,LIBRARY,120,13,1,0,95,79.2,10,10,2026-10-06T13:00:00.088997,80.3,83.6,79.8,65.5
res-lab-01,Computer Lab 1,COMPUTER_LAB,80,13,1,0,71,88.8,15,5,2026-10-06T13:00:00.088997,91.7,85.9,76.2,71.6
res-lab-02,Computer Lab 2,COMPUTER_LAB,75,13,1,0,66,87.8,7,14,2026-10-06T13:00:00.088997,89.9,98.1,79.7,87.8
res-lab-03,Computer Lab 3,COMPUTER_LAB,60,13,1,0,29,48.6,3,3,2026-10-06T13:00:00.088997,48.5,56.7,45.9,35.7
res-lab-ai,AI & Data Science Lab,RESEARCH_LAB,50,13,1,0,36,71.8,15,8,2026-10-06T13:00:00.088997,64.9,81.4,68.9,73.7
res-lab-res,Advanced Research Lab,RESEARCH_LAB,40,13,1,0,9,22.4,0,4,2026-10-06T13:00:00.088997,24.8,33.7,28.3,8.9
res-sr-01,Study Room A,STUDY_ROOM,24,13,1,0,8,35.3,7,4,2026-10-06T13:00:00.088997,45.1,46.6,22.0,26.4
res-sr-02,Study Room B,STUDY_ROOM,20,13,1,0,4,18.4,7,3,2026-10-06T13:00:00.088997,21.6,31.0,8.5,0.0
res-sr-03,Study Room C,STUDY_ROOM,20,13,1,0,10,50.7,4,13,2026-10-06T13:00:00.088997,53.7,60.0,37.0,53.9
res-can-01,Main Canteen,CANTEEN,250,13,1,0,187,74.9,8,7,2026-10-06T13:00:00.088997,71.7,78.4,71.8,44.3
res-sem-01,Dr. Kalam Seminar Hall,SEMINAR_HALL,180,13,1,0,133,74.1,8,8,2026-10-06T13:00:00.088997,67.2,80.4,56.7,57.9
res-cls-01,Block A Classrooms (301-305),CLASSROOM,150,13,1,0,69,45.7,2,4,2026-10-06T13:00:00.088997,46.7,56.1,20.9,33.1
res-cls-02,Block B Classrooms (201-204),CLASSROOM,120,13,1,0,86,71.7,7,4,2026-10-06T13:00:00.088997,78.1,89.0,48.3,48.6
res-sac-01,Student Activity Center,ACTIVITY_CENTER,160,13,1,0,18,11.0,0,4,2026-10-06T13:00:00.088997,15.1,15.1,3.1,0.0
res-lib-01,Central Library,LIBRARY,200,14,1,0,140,70.0,10,8,2026-10-06T14:00:00.088997,59.2,65.1,60.3,69.9
res-lib-02,Digital Reading Hall,LIBRARY,120,14,1,0,100,83.1,11,6,2026-10-06T14:00:00.088997,84.8,85.5,60.4,55.5
res-lab-01,Computer Lab 1,COMPUTER_LAB,80,14,1,0,76,95.0,10,12,2026-10-06T14:00:00.088997,94.0,94.2,80.3,87.1
res-lab-02,Computer Lab 2,COMPUTER_LAB,75,14,1,0,66,88.5,8,11,2026-10-06T14:00:00.088997,78.9,84.7,68.9,64.2
res-lab-03,Computer Lab 3,COMPUTER_LAB,60,14,1,0,45,75.8,5,4,2026-10-06T14:00:00.088997,76.1,64.2,77.0,71.6
res-lab-ai,AI & Data Science Lab,RESEARCH_LAB,50,14,1,0,42,83.8,12,2,2026-10-06T14:00:00.088997,83.7,71.3,71.1,66.3
res-lab-res,Advanced Research Lab,RESEARCH_LAB,40,14,1,0,19,47.9,4,4,2026-10-06T14:00:00.088997,44.2,37.0,30.6,39.6
res-sr-01,Study Room A,STUDY_ROOM,24,14,1,0,13,52.8,8,4,2026-10-06T14:00:00.088997,49.9,52.4,41.4,23.5
res-sr-02,Study Room B,STUDY_ROOM,20,14,1,0,6,30.2,1,3,2026-10-06T14:00:00.088997,25.7,19.4,5.1,22.3
res-sr-03,Study Room C,STUDY_ROOM,20,14,1,0,10,51.5,10,8,2026-10-06T14:00:00.088997,45.9,56.0,62.0,36.2
res-can-01,Main Canteen,CANTEEN,250,14,1,0,171,68.5,8,11,2026-10-06T14:00:00.088997,60.9,62.2,68.8,66.3
res-sem-01,Dr. Kalam Seminar Hall,SEMINAR_HALL,180,14,1,0,111,61.7,11,6,2026-10-06T14:00:00.088997,60.2,60.9,53.2,50.3
res-cls-01,Block A Classrooms (301-305),CLASSROOM,150,14,1,0,44,29.6,12,1,2026-10-06T14:00:00.088997,30.5,36.1,9.5,25.0
res-cls-02,Block B Classrooms (201-204),CLASSROOM,120,14,1,0,72,60.2,12,3,2026-10-06T14:00:00.088997,55.2,54.9,47.7,42.7
res-sac-01,Student Activity Center,ACTIVITY_CENTER,160,14,1,0,37,23.1,3,0,2026-10-06T14:00:00.088997,19.6,20.5,18.2,4.2
res-lib-01,Central Library,LIBRARY,200,15,1,0,151,75.4,8,7,2026-10-06T15:00:00.088997,70.8,78.0,72.5,65.0
res-lib-02,Digital Reading Hall,LIBRARY,120,15,1,0,82,68.6,13,3,2026-10-06T15:00:00.088997,64.6,60.9,63.3,64.6
res-lab-01,Computer Lab 1,COMPUTER_LAB,80,15,1,0,64,79.7,7,9,2026-10-06T15:00:00.088997,75.1,72.3,73.3,56.0
res-lab-02,Computer Lab 2,COMPUTER_LAB,75,15,1,0,57,76.2,10,7,2026-10-06T15:00:00.088997,79.9,75.5,67.8,60.3
res-lab-03,Computer Lab 3,COMPUTER_LAB,60,15,1,0,52,87.0,8,7,2026-10-06T15:00:00.088997,83.4,84.4,99.3,78.0
res-lab-ai,AI & Data Science Lab,RESEARCH_LAB,50,15,1,0,47,93.7,11,5,2026-10-06T15:00:00.088997,91.0,98.9,91.7,96.5
res-lab-res,Advanced Research Lab,RESEARCH_LAB,40,15,1,0,26,66.1,5,12,2026-10-06T15:00:00.088997,57.0,63.1,39.5,33.5
res-sr-01,Study Room A,STUDY_ROOM,24,15,1,0,18,73.8,6,11,2026-10-06T15:00:00.088997,63.1,68.3,54.9,57.9
res-sr-02,Study Room B,STUDY_ROOM,20,15,1,0,11,54.1,11,6,2026-10-06T15:00:00.088997,45.7,41.8,47.5,32.4
res-sr-03,Study Room C,STUDY_ROOM,20,15,1,0,16,79.8,14,5,2026-10-06T15:00:00.088997,74.2,67.7,69.5,68.4
res-can-01,Main Canteen,CANTEEN,250,15,1,0,130,52.1,8,6,2026-10-06T15:00:00.088997,49.9,47.4,44.9,39.4
res-sem-01,Dr. Kalam Seminar Hall,SEMINAR_HALL,180,15,1,0,80,44.3,1,4,2026-10-06T15:00:00.088997,40.3,42.5,37.0,32.5
res-cls-01,Block A Classrooms (301-305),CLASSROOM,150,15,1,0,21,13.9,0,6,2026-10-06T15:00:00.088997,3.2,17.6,7.7,0.0
res-cls-02,Block B Classrooms (201-204),CLASSROOM,120,15,1,0,44,37.0,2,3,2026-10-06T15:00:00.088997,35.8,40.7,29.7,28.8
res-sac-01,Student Activity Center,ACTIVITY_CENTER,160,15,1,0,63,39.2,3,3,2026-10-06T15:00:00.088997,36.8,37.9,23.0,21.1
res-lib-01,Central Library,LIBRARY,200,16,1,0,183,91.4,7,9,2026-10-06T16:00:00.088997,87.2,89.5,95.8,72.9
res-lib-02,Digital Reading Hall,LIBRARY,120,16,1,0,67,55.9,7,4,2026-10-06T16:00:00.088997,53.9,58.7,46.4,59.6
res-lab-01,Computer Lab 1,COMPUTER_LAB,80,16,1,0,54,67.4,3,6,2026-10-06T16:00:00.088997,59.4,60.5,56.2,77.2
res-lab-02,Computer Lab 2,COMPUTER_LAB,75,16,1,0,48,64.3,7,10,2026-10-06T16:00:00.088997,60.7,50.8,61.1,56.7
res-lab-03,Computer Lab 3,COMPUTER_LAB,60,16,1,0,41,68.1,5,9,2026-10-06T16:00:00.088997,59.4,66.5,57.3,62.8
res-lab-ai,AI & Data Science Lab,RESEARCH_LAB,50,16,1,0,45,90.8,8,5,2026-10-06T16:00:00.088997,94.7,85.5,85.8,89.8
res-lab-res,Advanced Research Lab,RESEARCH_LAB,40,16,1,0,29,73.0,11,9,2026-10-06T16:00:00.088997,76.9,76.7,65.6,70.1
res-sr-01,Study Room A,STUDY_ROOM,24,16,1,0,20,82.3,10,4,2026-10-06T16:00:00.088997,79.4,66.5,73.1,86.1
res-sr-02,Study Room B,STUDY_ROOM,20,16,1,0,14,68.2,8,6,2026-10-06T16:00:00.088997,64.0,57.7,67.6,37.8
res-sr-03,Study Room C,STUDY_ROOM,20,16,1,0,14,70.9,11,7,2026-10-06T16:00:00.088997,69.1,67.1,81.0,59.6
res-can-01,Main Canteen,CANTEEN,250,16,1,0,85,34.0,10,3,2026-10-06T16:00:00.088997,38.9,16.3,15.5,13.9
res-sem-01,Dr. Kalam Seminar Hall,SEMINAR_HALL,180,16,1,0,54,30.1,8,1,2026-10-06T16:00:00.088997,32.0,38.5,36.2,13.3
res-cls-01,Block A Classrooms (301-305),CLASSROOM,150,16,1,0,20,13.5,2,0,2026-10-06T16:00:00.088997,13.2,5.6,6.6,0.0
res-cls-02,Block B Classrooms (201-204),CLASSROOM,120,16,1,0,18,14.7,0,2,2026-10-06T16:00:00.088997,8.2,12.9,7.1,10.5
res-sac-01,Student Activity Center,ACTIVITY_CENTER,160,16,1,0,97,60.8,11,7,2026-10-06T16:00:00.088997,57.6,56.9,73.8,60.6
res-lib-01,Central Library,LIBRARY,200,17,1,0,164,82.2,9,6,2026-10-06T17:00:00.088997,75.4,87.4,78.5,54.9
res-lib-02,Digital Reading Hall,LIBRARY,120,17,1,0,38,31.3,7,1,2026-10-06T17:00:00.088997,26.0,28.4,29.2,13.9
res-lab-01,Computer Lab 1,COMPUTER_LAB,80,17,1,0,36,44.4,6,1,2026-10-06T17:00:00.088997,40.2,38.7,43.1,27.3
res-lab-02,Computer Lab 2,COMPUTER_LAB,75,17,1,0,29,39.1,8,2,2026-10-06T17:00:00.088997,49.9,42.6,33.5,24.9
res-lab-03,Computer Lab 3,COMPUTER_LAB,60,17,1,0,33,54.8,11,6,2026-10-06T17:00:00.088997,47.0,39.5,47.8,44.4
res-lab-ai,AI & Data Science Lab,RESEARCH_LAB,50,17,1,0,34,68.4,3,0,2026-10-06T17:00:00.088997,63.3,61.2,66.6,54.8
res-lab-res,Advanced Research Lab,RESEARCH_LAB,40,17,1,0,36,89.3,12,10,2026-10-06T17:00:00.088997,91.2,75.9,76.4,100.0
res-sr-01,Study Room A,STUDY_ROOM,24,17,1,0,18,74.5,8,8,2026-10-06T17:00:00.088997,65.0,65.0,84.5,64.5
res-sr-02,Study Room B,STUDY_ROOM,20,17,1,0,15,74.8,9,5,2026-10-06T17:00:00.088997,79.7,63.9,62.1,44.9
res-sr-03,Study Room C,STUDY_ROOM,20,17,1,0,13,63.9,7,9,2026-10-06T17:00:00.088997,57.8,61.8,56.7,29.2
res-can-01,Main Canteen,CANTEEN,250,17,1,0,18,7.1,0,5,2026-10-06T17:00:00.088997,7.3,3.0,0.0,0.0
res-sem-01,Dr. Kalam Seminar Hall,SEMINAR_HALL,180,17,1,0,14,7.9,3,0,2026-10-06T17:00:00.088997,6.0,2.7,1.4,0.0
res-cls-01,Block A Classrooms (301-305),CLASSROOM,150,17,1,0,20,13.3,4,0,2026-10-06T17:00:00.088997,6.5,3.5,5.7,5.5
res-cls-02,Block B Classrooms (201-204),CLASSROOM,120,17,1,0,16,13.2,4,2,2026-10-06T17:00:00.088997,12.1,18.0,5.2,8.2
res-sac-01,Student Activity Center,ACTIVITY_CENTER,160,17,1,0,117,73.2,8,6,2026-10-06T17:00:00.088997,76.4,67.6,62.0,52.3
res-lib-01,Central Library,LIBRARY,200,18,1,0,137,68.7,6,7,2026-10-06T18:00:00.088997,67.4,61.1,48.1,44.4
res-lib-02,Digital Reading Hall,LIBRARY,120,18,1,0,20,16.5,0,3,2026-10-06T18:00:00.088997,23.0,8.4,5.1,0.0
res-lab-01,Computer Lab 1,COMPUTER_LAB,80,18,1,0,31,38.4,5,3,2026-10-06T18:00:00.088997,31.6,27.6,32.0,29.1
res-lab-02,Computer Lab 2,COMPUTER_LAB,75,18,1,0,19,24.9,4,0,2026-10-06T18:00:00.088997,24.1,21.4,8.3,5.7
res-lab-03,Computer Lab 3,COMPUTER_LAB,60,18,1,0,24,40.6,1,11,2026-10-06T18:00:00.088997,40.8,35.2,30.3,38.0
res-lab-ai,AI & Data Science Lab,RESEARCH_LAB,50,18,1,0,26,51.1,5,9,2026-10-06T18:00:00.088997,47.2,47.0,36.3,42.2
res-lab-res,Advanced Research Lab,RESEARCH_LAB,40,18,1,0,32,79.2,14,5,2026-10-06T18:00:00.088997,71.4,72.6,65.6,67.0
res-sr-01,Study Room A,STUDY_ROOM,24,18,1,0,17,72.2,15,5,2026-10-06T18:00:00.088997,61.3,65.7,67.3,48.5
res-sr-02,Study Room B,STUDY_ROOM,20,18,1,0,16,78.1,9,8,2026-10-06T18:00:00.088997,79.2,72.6,75.0,44.5
res-sr-03,Study Room C,STUDY_ROOM,20,18,1,0,9,44.0,4,1,2026-10-06T18:00:00.088997,42.1,37.0,31.9,42.6
res-can-01,Main Canteen,CANTEEN,250,18,1,0,26,10.3,0,0,2026-10-06T18:00:00.088997,11.3,6.5,13.1,8.5
res-sem-01,Dr. Kalam Seminar Hall,SEMINAR_HALL,180,18,1,0,9,5.0,4,5,2026-10-06T18:00:00.088997,0.0,0.2,0.0,0.0
res-cls-01,Block A Classrooms (301-305),CLASSROOM,150,18,1,0,10,6.7,0,3,2026-10-06T18:00:00.088997,0.1,2.3,0.0,10.0
res-cls-02,Block B Classrooms (201-204),CLASSROOM,120,18,1,0,12,10.1,3,1,2026-10-06T18:00:00.088997,7.1,5.5,15.7,0.0
res-sac-01,Student Activity Center,ACTIVITY_CENTER,160,18,1,0,112,69.8,6,3,2026-10-06T18:00:00.088997,71.7,63.7,69.2,58.2
res-lib-01,Central Library,LIBRARY,200,19,1,0,96,47.8,6,9,2026-10-06T19:00:00.088997,46.6,49.5,49.2,33.9
res-lib-02,Digital Reading Hall,LIBRARY,120,19,1,0,24,19.7,1,5,2026-10-06T19:00:00.088997,13.9,10.4,9.2,0.0
res-lab-01,Computer Lab 1,COMPUTER_LAB,80,19,1,0,26,32.6,7,5,2026-10-06T19:00:00.088997,29.0,32.5,43.4,24.4
res-lab-02,Computer Lab 2,COMPUTER_LAB,75,19,1,0,23,30.7,6,2,2026-10-06T19:00:00.088997,29.5,28.8,16.0,0.0
res-lab-03,Computer Lab 3,COMPUTER_LAB,60,19,1,0,7,11.7,0,0,2026-10-06T19:00:00.088997,2.8,11.9,0.0,6.2
res-lab-ai,AI & Data Science Lab,RESEARCH_LAB,50,19,1,0,17,33.1,6,0,2026-10-06T19:00:00.088997,35.6,30.6,32.3,43.0
res-lab-res,Advanced Research Lab,RESEARCH_LAB,40,19,1,0,26,65.2,4,8,2026-10-06T19:00:00.088997,57.2,59.8,52.7,53.3
res-sr-01,Study Room A,STUDY_ROOM,24,19,1,0,11,46.8,1,3,2026-10-06T19:00:00.088997,44.0,39.3,51.9,39.9
res-sr-02,Study Room B,STUDY_ROOM,20,19,1,0,13,66.7,6,2,2026-10-06T19:00:00.088997,64.6,72.5,60.7,68.0
res-sr-03,Study Room C,STUDY_ROOM,20,19,1,0,6,31.8,5,3,2026-10-06T19:00:00.088997,25.8,25.5,20.5,23.7
res-can-01,Main Canteen,CANTEEN,250,19,1,0,12,5.0,0,1,2026-10-06T19:00:00.088997,0.2,0.0,0.0,0.0
res-sem-01,Dr. Kalam Seminar Hall,SEMINAR_HALL,180,19,1,0,9,5.0,0,3,2026-10-06T19:00:00.088997,4.3,2.5,0.0,0.0
res-cls-01,Block A Classrooms (301-305),CLASSROOM,150,19,1,0,14,9.5,2,4,2026-10-06T19:00:00.088997,11.4,1.0,0.0,14.5
res-cls-02,Block B Classrooms (201-204),CLASSROOM,120,19,1,0,10,8.6,0,0,2026-10-06T19:00:00.088997,12.0,0.0,0.0,0.0
res-sac-01,Student Activity Center,ACTIVITY_CENTER,160,19,1,0,121,75.7,9,10,2026-10-06T19:00:00.088997,80.0,61.6,60.9,58.5
res-lib-01,Central Library,LIBRARY,200,20,1,0,51,25.3,4,1,2026-10-06T20:00:00.088997,20.5,26.0,22.2,17.1
res-lib-02,Digital Reading Hall,LIBRARY,120,20,1,0,14,11.4,4,1,2026-10-06T20:00:00.088997,8.8,1.5,0.0,0.0
res-lab-01,Computer Lab 1,COMPUTER_LAB,80,20,1,0,22,27.0,0,0,2026-10-06T20:00:00.088997,24.8,15.1,25.6,0.0
res-lab-02,Computer Lab 2,COMPUTER_LAB,75,20,1,0,22,29.8,6,0,2026-10-06T20:00:00.088997,27.4,19.7,27.0,39.4
res-lab-03,Computer Lab 3,COMPUTER_LAB,60,20,1,0,12,19.7,0,2,2026-10-06T20:00:00.088997,23.8,17.9,20.8,15.5
res-lab-ai,AI & Data Science Lab,RESEARCH_LAB,50,20,1,0,15,30.3,3,0,2026-10-06T20:00:00.088997,25.2,19.9,19.1,19.5
res-lab-res,Advanced Research Lab,RESEARCH_LAB,40,20,1,0,17,42.3,5,6,2026-10-06T20:00:00.088997,38.7,41.8,44.6,35.3
res-sr-01,Study Room A,STUDY_ROOM,24,20,1,0,7,29.6,6,4,2026-10-06T20:00:00.088997,30.1,33.8,28.0,36.5
res-sr-02,Study Room B,STUDY_ROOM,20,20,1,0,9,47.3,4,8,2026-10-06T20:00:00.088997,41.3,53.6,51.0,36.3
res-sr-03,Study Room C,STUDY_ROOM,20,20,1,0,4,19.8,4,0,2026-10-06T20:00:00.088997,14.5,16.5,13.2,23.5
res-can-01,Main Canteen,CANTEEN,250,20,1,0,28,11.2,0,0,2026-10-06T20:00:00.088997,12.2,0.0,0.0,0.0
res-sem-01,Dr. Kalam Seminar Hall,SEMINAR_HALL,180,20,1,0,16,8.7,0,2,2026-10-06T20:00:00.088997,6.7,2.9,0.0,6.8
res-cls-01,Block A Classrooms (301-305),CLASSROOM,150,20,1,0,8,5.0,0,3,2026-10-06T20:00:00.088997,0.0,0.0,0.0,1.0
res-cls-02,Block B Classrooms (201-204),CLASSROOM,120,20,1,0,16,12.9,0,0,2026-10-06T20:00:00.088997,10.4,15.0,0.0,13.6
res-sac-01,Student Activity Center,ACTIVITY_CENTER,160,20,1,0,80,50.2,2,5,2026-10-06T20:00:00.088997,52.0,54.1,51.2,56.9
res-lib-01,Central Library,LIBRARY,200,21,1,0,51,25.7,1,6,2026-10-06T21:00:00.088997,29.2,26.3,23.2,30.4
res-lib-02,Digital Reading Hall,LIBRARY,120,21,1,0,26,21.4,2,4,2026-10-06T21:00:00.088997,21.3,21.7,12.2,20.3
res-lab-01,Computer Lab 1,COMPUTER_LAB,80,21,1,0,31,38.4,5,1,2026-10-06T21:00:00.088997,41.4,26.2,21.8,28.4
res-lab-02,Computer Lab 2,COMPUTER_LAB,75,21,1,0,11,15.0,6,1,2026-10-06T21:00:00.088997,19.1,20.8,5.6,19.2
res-lab-03,Computer Lab 3,COMPUTER_LAB,60,21,1,0,6,10.8,2,0,2026-10-06T21:00:00.088997,11.5,11.1,1.3,5.3
res-lab-ai,AI & Data Science Lab,RESEARCH_LAB,50,21,1,0,17,33.8,4,10,2026-10-06T21:00:00.088997,31.2,38.7,36.1,0.0
res-lab-res,Advanced Research Lab,RESEARCH_LAB,40,21,1,0,10,26.0,6,2,2026-10-06T21:00:00.088997,25.4,23.9,30.3,9.0
res-sr-01,Study Room A,STUDY_ROOM,24,21,1,0,6,26.3,0,0,2026-10-06T21:00:00.088997,26.7,28.9,16.7,0.0
res-sr-02,Study Room B,STUDY_ROOM,20,21,1,0,4,20.8,3,2,2026-10-06T21:00:00.088997,24.0,16.3,6.2,12.5
res-sr-03,Study Room C,STUDY_ROOM,20,21,1,0,4,19.1,6,1,2026-10-06T21:00:00.088997,17.3,18.7,4.3,15.9
res-can-01,Main Canteen,CANTEEN,250,21,1,0,23,9.1,0,0,2026-10-06T21:00:00.088997,7.6,15.6,0.0,0.0
res-sem-01,Dr. Kalam Seminar Hall,SEMINAR_HALL,180,21,1,0,19,10.8,2,3,2026-10-06T21:00:00.088997,4.7,7.3,10.1,0.0
res-cls-01,Block A Classrooms (301-305),CLASSROOM,150,21,1,0,19,12.5,0,0,2026-10-06T21:00:00.088997,14.6,14.3,5.7,5.9
res-cls-02,Block B Classrooms (201-204),CLASSROOM,120,21,1,0,18,15.3,0,2,2026-10-06T21:00:00.088997,11.8,4.2,3.7,0.0
res-sac-01,Student Activity Center,ACTIVITY_CENTER,160,21,1,0,63,39.5,2,0,2026-10-06T21:00:00.088997,40.5,38.5,28.5,35.9
